Date,Close,High,Low,Open,Volume
2015-01-02,24.214895248413086,24.68222757163672,23.776355295274307,24.67115267325441,212818400
2015-01-05,23.532718658447266,24.064281582572935,23.346672564388854,23.984547059464486,257142000
2015-01-06,23.534944534301758,23.79408100576597,23.17392370109632,23.59695992681018,263188400
2015-01-07,23.864952087402344,23.96461942484343,23.632392713649896,23.743134950714406,160423600
2015-01-08,24.781892776489258,24.83947920152161,24.07535690294467,24.19274507045464,237458000
2015-01-09,24.808473587036133,25.083113830448443,24.40980090321807,24.954652444574595,214798000
2015-01-12,24.197172164916992,24.9457888739138,24.097504854799798,24.93914461187825,198603200
2015-01-13,24.412015914916992,24.983446191297645,24.121871831314078,24.680011891872518,268367600
2015-01-14,24.31899642944336,24.47181957063888,24.031065931307936,24.150667752542997,195826400
2015-01-15,23.658958435058594,24.376567263064572,23.623521817397208,24.363278742665493,240056000
2015-01-16,23.47513198852539,23.827293076803485,23.300159102999938,23.705475976187053,314053200
2015-01-20,24.079788208007812,24.135159317135944,23.58809248858328,23.884880822409823,199599600
2015-01-21,24.263622283935547,24.59806258830847,23.98012076721873,24.130730261496435,194303600
2015-01-22,24.894853591918945,24.91035743649609,24.301275172720366,24.42087698365504,215185600
2015-01-23,25.0233097076416,25.193851962029953,24.702156295129555,24.872700239309875,185859200
2015-01-26,25.04988670349121,25.328957536245927,24.983442393649014,25.191636592238247,222460000
2015-01-27,24.172807693481445,24.91256648080197,24.148444273882177,24.899276267516615,382274800
2015-01-28,25.539369583129883,26.161741992686807,25.539369583129883,26.05321340320937,585908400
2015-01-29,26.334505081176758,26.39873578332556,25.594746037284086,25.763074715681203,337745600
2015-01-30,25.949115753173828,26.57813070202149,25.880454433135018,26.223755963952947,334982000
2015-02-02,26.27469825744629,26.394300056676855,25.709913954726144,26.146238567717603,250956400
2015-02-03,26.27911949157715,26.376571460324136,26.048775555807946,26.245896499821594,207662800
2015-02-04,26.480674743652344,26.691085940867783,26.20381923925721,26.245901816658677,280598800
2015-02-05,26.669681549072266,26.734165723731444,26.51625362672937,26.687468941440304,168984800
2015-02-06,26.445098876953125,26.738612055777654,26.338366040807443,26.687468849685565,174826400
2015-02-09,26.620769500732422,26.64745144462894,26.333926728615506,26.360610368973358,155559200
2015-02-10,27.132184982299805,27.161092674695414,26.718599709283218,26.720822072959173,248034000
2015-02-11,27.76813507080078,27.77702961636251,27.238922333336244,27.29895839530153,294247200
2015-02-12,28.119461059570312,28.346267722765855,27.921562092612835,28.030517303345807,297898000
2015-02-13,28.257328033447266,28.301799069729444,27.939355204291964,28.301799069729444,217088800
2015-02-17,28.424091339111328,28.657568474541197,28.221744262210645,28.348488556639758,252609600
2015-02-18,28.621999740600586,28.635340713955323,28.339603363874232,28.379627980399956,179566800
2015-02-19,28.561952590942383,28.690920945904033,28.535270652992356,28.56862307542989,149449600
2015-02-20,28.795433044433594,28.795433044433594,28.47301381634293,28.599756429130103,195793600
2015-02-23,29.573680877685547,29.573680877685547,28.83100429250197,28.911053489241137,283896400
2015-02-24,29.389123916625977,29.707098350862747,29.166765406194134,29.560340919676545,276912400
2015-02-25,28.637556076049805,29.262386449737566,28.495246740191888,29.253490207727708,298846800
2015-02-26,29.0,29.10006066310566,28.152814516558337,28.637554498809845,365150000
2015-02-27,28.56418800354004,29.033364797652414,28.51526883881378,28.90661876370081,248059200
2015-03-02,28.704261779785156,28.968868972950617,28.528600034237698,28.739839958832356,192386800
2015-03-03,28.764307022094727,28.799885210405318,28.481910665878914,28.675364944241025,151265200
2015-03-04,28.581966400146484,28.808773070180983,28.53305064084708,28.706490037661048,126665200
2015-03-05,28.108341217041016,28.628659337495048,27.96380784031683,28.59085879639421,226068400
2015-03-06,28.150590896606445,28.76652330753673,28.074989807114648,28.55083525175208,291368400
2015-03-09,28.270666122436523,28.810999167291815,27.8081599278314,28.45300006693993,354114000
2015-03-10,27.685863494873047,28.288454960913256,27.5279891281801,28.108345078545167,275426400
2015-03-11,27.18110466003418,27.74367143696153,27.152198663532047,27.73922501306153,275756000
2015-03-12,27.672517776489258,27.77258013068387,27.045466803421156,27.196670668382446,193450800
2015-03-13,27.481292724609375,27.883762858746906,27.2567118077468,27.661404305960183,207309200
2015-03-16,27.78369903564453,27.78369903564453,27.32119455940393,27.54577546449357,143497200
2015-03-17,28.248424530029297,28.310684639667738,27.939346345423655,27.99493597138094,204092400
2015-03-18,28.56640625,28.719834208802933,28.099453584271714,28.239538875051814,261083600
2015-03-19,28.350717544555664,28.73984504026525,28.328482026950223,28.628665755776797,183238000
2015-03-20,27.994943618774414,28.550838333740565,27.830398756001053,28.517485906223897,274780400
2015-03-23,28.286230087280273,28.42853941926363,28.132802149548414,28.266218632686233,150838800
2015-03-24,28.17060661315918,28.470788634512814,28.141698914517413,28.290680439577347,131369200
2015-03-25,27.43459129333496,28.199505081055445,27.43459129333496,28.137244972094148,206620800
2015-03-26,27.625823974609375,27.76813330160785,27.261156112118154,27.29673429209827,190291600
2015-03-27,27.40569305419922,27.728112293899432,27.33009195662695,27.699206291262012,158184800
2015-03-30,28.09944725036621,28.106117734643387,27.572456938477448,27.58357554324668,188398800
2015-03-31,27.668075561523438,28.12613365015108,27.652510530253405,28.03718988726754,168362400
2015-04-01,27.628047943115234,27.821500479076686,27.372335288856576,27.754792240066255,162485600
2015-04-02,27.8659725189209,27.91933809418971,27.614707976255076,27.801488337926436,128880400
2015-04-06,28.317359924316406,28.352938105262208,27.64583787534428,27.67696793544134,148776000
2015-04-07,28.0194034576416,28.48857847251313,28.012732972076122,28.381847310542977,140049200
2015-04-08,27.928237915039062,28.106125461485597,27.788152617323846,27.983827561245935,149316800
2015-04-09,28.141691207885742,28.146139327902286,27.71921141519314,27.983816876512904,129936000
2015-04-10,28.261768341064453,28.286227914663616,27.85262946715282,28.00605569663922,160752000
2015-04-13,28.2061824798584,28.588641163945205,28.152816901445398,28.544166738422263,145460400
2015-04-14,28.083877563476562,28.304011990415674,27.997157889335075,28.239527825663686,102098400
2015-04-15,28.19061279296875,28.268437935397202,28.019397479626157,28.108341226599048,115881600
2015-04-16,28.05497932434082,28.261772854593556,28.041638353505544,28.079438901846288,113476000
2015-04-17,27.73923110961914,28.04830938065471,27.67474692190119,27.917118641010806,207828000
2015-04-20,28.372947692871094,28.488573380415158,27.832616404650924,27.921560154702245,188217200
2015-04-21,28.219526290893555,28.50636734678086,28.16615901385577,28.484133526040274,129740400
2015-04-22,28.599748611450195,28.65533823533681,28.08832508956976,28.23730487443532,150618000
2015-04-23,28.833234786987305,29.000003711145578,28.493026453138217,28.528604637926705,183083600
2015-04-24,28.968868255615234,29.046695096238576,28.73539112666703,29.0155650385736,178103600
2015-04-27,29.49585723876953,29.60259177459487,29.16231944838953,29.42025615391798,387816800
2015-04-28,29.03113555908203,29.91612175432839,28.811002737132416,29.898336053763348,475696000
2015-04-29,28.604202270507812,29.26015928080993,28.528601181683193,28.942188199206498,253544400
2015-04-30,27.828176498413086,28.604207464037806,27.701432176253967,28.604207464037806,332781600
2015-05-01,28.673133850097656,28.93551869889833,27.861526513744302,28.039412332804034,234050400
2015-05-04,28.61754608154297,29.033358897210668,28.5197077719741,28.795433608675246,203953200
2015-05-05,27.97270965576172,28.56195852744418,27.968261534204885,28.495250275782126,197085600
2015-05-06,27.797042846679688,28.18394624917403,27.430150899410055,28.141697581751504,288564000
2015-05-07,27.96898078918457,28.15207639289319,27.69210318080748,27.8595687343293,175763600
2015-05-08,28.495925903320312,28.495925903320312,28.158761602569417,28.28603529571358,222201600
2015-05-11,28.20565414428711,28.482529943603403,28.051585348625007,28.444571508121946,168143200
2015-05-12,28.10517692565918,28.330695903089556,27.870724547028903,28.044888392389844,192640000
2015-05-13,28.136442184448242,28.399921351191814,28.10518208869455,28.167702280201933,138776800
2015-05-14,28.792898178100586,28.792898178100586,28.393215389059556,28.449037217015196,180814000
2015-05-15,28.752710342407227,28.913477492039792,28.627669983158402,28.81969722260317,152832000
2015-05-18,29.069782257080078,29.18812428658893,28.6611659750214,28.665632676256102,203531600
2015-05-19,29.04298210144043,29.223844277743762,28.946966786271936,29.181419143629356,178532800
2015-05-20,29.040754318237305,29.246178286398866,28.879987141920466,29.027357621393374,145819600
2015-05-21,29.337722778320312,29.391312965217566,28.989395081224014,29.04298526812127,158921600
2015-05-22,29.594499588012695,29.690514906309943,29.339952182125543,29.384612371339564,182384000
2015-05-26,28.94249725341797,29.677114340766533,28.830853609135882,29.60789582644662,282790400
2015-05-27,29.482866287231445,29.53198978694991,29.038526549453405,29.103278395212143,183332800
2015-05-28,29.424806594848633,29.462765035348177,29.272972832850446,29.44266999162981,122933200
2015-05-29,29.089872360229492,29.35111812101568,29.005022086658286,29.30199463706332,203538000
2015-06-01,29.14792251586914,29.337718082879647,29.03851391988592,29.089869044675876,128451200
2015-06-02,29.018430709838867,29.174731201453856,28.875526916491566,28.99610060799593,134670400
2015-06-03,29.05414581298828,29.237243055991655,29.005022328626115,29.174722877184216,123934000
2015-06-04,28.88446044921875,29.156871370996207,28.783981792814583,28.93358395361112,153800400
2015-06-05,28.725921630859375,28.95814242661696,28.661169786272197,28.915717276982676,142507200
2015-06-08,28.536115646362305,28.850951535274234,28.319526707785467,28.781729615106457,210699200
2015-06-09,28.45127296447754,28.598643429224612,28.049356767393892,28.290505804225184,224301600
2015-06-10,28.77727699279785,28.879987273800243,28.54728957345983,28.562919621031597,156349200
2015-06-11,28.71251678466797,29.067542819658165,28.68795504222306,28.844255490920546,141563600
2015-06-12,28.39545249938965,28.654466648645087,28.382055803237584,28.623206555258715,147544800
2015-06-15,28.33962631225586,28.411078186682165,28.06944885884555,28.15653077756676,175955600
2015-06-16,28.491466522216797,28.547288361681776,28.216824026035603,28.364192796378532,125976400
2015-06-17,28.424480438232422,28.55398580700036,28.299438363372378,28.518260716716984,131672400
2015-06-18,28.553987503051758,28.65000113774058,28.40661872861507,28.408852079248966,141628800
2015-06-19,28.268178939819336,28.540589786812227,28.223522150021005,28.516028041358947,218867600
2015-06-22,28.493698120117188,28.594176743554687,28.37535610029832,28.46690302554514,136157200
2015-06-23,28.364194869995117,28.493701955873092,28.33070142315806,28.464675210506293,121075600
2015-06-24,28.6053466796875,28.982702900869484,28.384292648227373,28.404387694929415,221123600
2015-06-25,28.469139099121094,28.848726939023745,28.469139099121094,28.772810052462177,127752400
2015-06-26,28.301673889160156,28.57854974843953,28.2480853978426,28.507097858833646,176267200
2015-06-29,27.805973052978516,28.239151051350287,27.794809707755416,28.01363035385756,196645600
2015-06-30,28.006929397583008,28.160998197819048,27.87965568977192,28.0381894869719,177482800
2015-07-01,28.268178939819336,28.3440975267333,28.13197351632289,28.33516582806417,120955200
2015-07-02,28.232450485229492,28.288272317600764,28.082846679778665,28.230217134941444,108844000
2015-07-06,28.134204864501953,28.185561702307453,27.877424082568883,27.897520829030935,112241600
2015-07-07,28.064983367919922,28.167695329127827,27.636270425362397,28.10964014982004,187787200
2015-07-08,27.368328094482422,27.83053280154354,27.361629747119487,27.794807714425502,243046400
2015-07-09,26.81011390686035,27.70103001819271,26.620319986898956,27.65413987586442,314380000
2015-07-10,27.526859283447266,27.654132981909285,27.06465462023815,27.227655105975742,245418000
2015-07-13,28.058290481567383,28.080618876862893,27.759084533255947,27.91761835446566,165762000
2015-07-14,28.0471248626709,28.216823729856447,27.91985113816857,28.14313849368475,127072400
2015-07-15,28.31729507446289,28.3909802916808,28.04041930183585,28.071679387283407,134596800
2015-07-16,28.694656372070312,28.708056475146563,28.435643929657154,28.522725860632445,144889600
2015-07-17,28.94249725341797,28.94249725341797,28.649991450533886,28.821923616714518,184658800
2015-07-20,29.489561080932617,29.690518327173155,29.18365510362248,29.24394364033243,235600800
2015-07-21,29.194814682006836,29.679347717591174,29.098802777731088,29.663719378169144,307025600
2015-07-22,27.960046768188477,28.022566963747156,27.23882776131358,27.23882776131358,461802400
2015-07-23,27.946643829345703,28.377586753004575,27.92431373287769,28.17886115997897,203998000
2015-07-24,27.799278259277344,28.076154127998937,27.665306174640925,27.98237383910819,168649200
2015-07-27,27.412988662719727,27.60055093250438,27.267853240365948,27.484440550364504,177822000
2015-07-28,27.549190521240234,27.667534238662494,27.363863329620226,27.549190521240234,134472400
2015-07-29,27.46211051940918,27.57598754415561,27.30134335589593,27.49783731287758,148046800
2015-07-30,27.323673248291016,27.368330036243712,27.176302781662045,27.31250819952921,134513200
2015-07-31,27.084753036499023,27.383957232446935,26.997671116571073,27.375025535076492,171540000
2015-08-03,26.446151733398438,27.368327786851697,26.240726096477005,27.129410413492046,279904000
2015-08-04,25.597654342651367,26.280912892993896,25.287285151250884,26.218392725452333,496554400
2015-08-05,25.767356872558594,26.222863206316752,25.03050804074894,25.220301920594746,397250400
2015-08-06,25.82343292236328,26.130721855515446,25.5968931323742,26.0118441672273,211612000
2015-08-07,25.910913467407227,26.07465181887954,25.682130178595333,25.700074435710377,154681600
2015-08-10,26.852962493896484,26.913522213707832,26.13745117547773,26.13745117547773,219806400
2015-08-11,25.455583572387695,26.507541906594625,25.419696776558233,26.42455101739805,388331200
2015-08-12,25.84810447692871,25.88847819074605,24.589792392756152,25.240257021476328,404870000
2015-08-13,25.827922821044922,26.10829540548688,25.69110086293657,26.027547964266923,194143200
2015-08-14,26.009599685668945,26.088103654920044,25.572219206085563,25.64175104867108,171718000
2015-08-17,26.278762817382812,26.38866839301048,25.906427198152485,26.027548361832526,163538800
2015-08-18,26.130727767944336,26.341568522430084,26.02082218180669,26.11502696992467,138242800
2015-08-19,25.79652214050293,26.135211002376796,25.72250336489135,26.041006221375795,193146000
2015-08-20,25.267168045043945,25.648473930400986,25.03838314482348,25.587914228141333,274006400
2015-08-21,23.721773147583008,25.098963670517406,23.697100213844845,24.769245111706564,513102000
2015-08-24,23.129613876342773,24.40362677759417,20.63541912283421,21.27915509630601,648825200
2015-08-25,23.268680572509766,24.921757912591616,23.21484951655128,24.921757912591616,414406400
2015-08-26,24.603256225585938,24.64811515577482,23.562513301625625,24.020079865579447,387098400
2015-08-27,25.32773208618164,25.39950738435373,24.677267483914413,25.172967615557567,338464400
2015-08-28,25.410722732543945,25.415207939962393,25.01820119999396,25.159508335659048,212657600
2015-08-31,25.291837692260742,25.68884431663272,25.121370768607356,25.128099433404877,224917200
2015-09-01,24.161386489868164,25.094465498443444,24.080639054064935,24.706430825910797,307383600
2015-09-02,25.197649002075195,25.197649002075195,24.47765227015218,24.724381561589574,247555200
2015-09-03,24.755775451660156,25.296332841717195,24.681756687277375,25.23128620434368,212935600
2015-09-04,24.50904083251953,24.77371253152588,24.33857559070775,24.44175246167526,199985200
2015-09-08,25.190916061401367,25.24699057971898,24.744563374745553,25.065309687972633,219374400
2015-09-09,24.706430435180664,25.57446278945002,24.6211960813706,25.51614652882644,340043200
2015-09-10,25.249231338500977,25.408482748135636,24.650355957637192,24.733345140663832,251571200
2015-09-11,25.61707878112793,25.61707878112793,25.067549271104706,25.07427793846086,199662000
2015-09-14,25.863807678222656,26.218199009025287,25.762874239912513,26.148667160912005,233453600
2015-09-15,26.08137321472168,26.13744771912597,25.664178765053123,26.00286925080729,173364800
2015-09-16,26.11054039001465,26.13969852444623,25.89297097798158,26.074651875706344,148694000
2015-09-17,25.552034378051758,26.128480319144057,25.507175450917547,25.942314231404556,256450400
2015-09-18,25.446609497070312,25.637264181672517,25.092219928636705,25.168480433471128,297141200
2015-09-21,25.84137535095215,25.877263856489446,25.493714437664757,25.49595618581724,200888000
2015-09-22,25.435401916503906,25.610354140303222,25.238018516313087,25.430914996722205,201384800
2015-09-23,25.64175033569336,25.731469888596294,25.412967101486103,25.486984149717248,143026800
2015-09-24,25.794281005859375,25.906430053710938,25.204377630213276,25.401759338378906,200878000
2015-09-25,25.729225158691406,26.173335982439163,25.574458980357516,26.117261478551004,224607600
2015-09-28,25.22007179260254,25.697825994691254,25.22007179260254,25.536331134475855,208436000
2015-09-29,24.46194076538086,25.46006795060603,24.19278383411679,25.307545233220914,293461600
2015-09-30,24.74007797241211,25.018207101936135,24.387930068586687,24.710918127909963,265892000
2015-10-01,24.578580856323242,24.58755298372046,24.069423321895563,24.464188371081597,255716400
2015-10-02,24.758018493652344,24.89932736235935,24.123256303717053,24.22643320282759,232079200
2015-10-05,24.847732543945312,24.98006925581128,24.46418316346537,24.645863998624826,208258800
2015-10-06,24.966611862182617,25.063060078474173,24.621192708749092,24.814089141332204,192787200
2015-10-07,24.847732543945312,25.069787088168866,24.54044537447887,25.06305842186784,187062400
2015-10-08,24.56063461303711,24.715400803406812,24.27128994512158,24.715400803406812,247918400
2015-10-09,25.14829444885254,25.184181241956313,24.55838956502569,24.672782033606488,211064400
2015-10-12,25.031665802001953,25.289608940543022,24.995778998459635,25.285123731822196,121868800
2015-10-13,25.07427978515625,25.222315611668947,24.82530880709283,24.856710397906387,132197200
2015-10-14,24.719894409179688,25.013724384624112,24.5741002959503,24.962136777813857,177849600
2015-10-15,25.089982986450195,25.143814045684113,24.782694005441982,24.88138570675293,150694000
2015-10-16,24.906049728393555,25.121375599610698,24.79165727106454,25.07202976659591,156930400
2015-10-19,25.060821533203125,25.0653067411875,24.69745808117051,24.85222428113486,119036800
2015-10-20,25.51838493347168,25.60810448355111,24.856706460244805,24.973340677467405,195871200
2015-10-21,25.516145706176758,25.92436807367214,25.50268666001744,25.569976757039264,167180800
2015-10-22,25.90641975402832,25.90641975402832,25.592402202636986,25.643991497092028,166616400
2015-10-23,26.709409713745117,26.743054760358998,26.092590133770575,26.175579309325563,237467600
2015-10-26,25.857084274291992,26.496333506659152,25.776336822702596,26.48511962859648,265335200
2015-10-27,25.693344116210938,26.13969678790186,25.56773603573498,25.883997129847085,279537600
2015-10-28,26.752025604248047,26.758755982685184,26.032029124710814,26.22716902919141,342205600
2015-10-29,27.034643173217773,27.070531681932156,26.527729110805993,26.624177338903035,204909200
2015-10-30,26.803621292114258,27.189414274053178,26.792405703304496,27.137824961290306,197461200
2015-11-02,27.180435180664062,27.220808894271993,26.82828734412862,27.095202545828723,128813200
2015-11-03,27.492212295532227,27.698566093648566,27.072774320250645,27.092962034880685,182076000
2015-11-04,27.364362716674805,27.772585108424046,27.27913007180702,27.61781890283362,179544400
2015-11-05,27.238218307495117,27.63692624256414,27.071527737980944,27.447708480518628,158210800
2015-11-06,27.26975440979004,27.438698042862917,27.170641980357402,27.281018006094968,132169200
2015-11-09,27.159374237060547,27.438693853221398,27.042240758858657,27.247224775357775,135485600
2015-11-10,26.303396224975586,26.596232538644294,26.143463127646314,26.332680887492543,236511600
2015-11-11,26.154726028442383,26.44981367862618,25.951993333491004,26.21329363333577,180872000
2015-11-12,26.066869735717773,26.314653322236378,26.0511017361734,26.18850932588139,130102400
2015-11-13,25.305509567260742,26.03309443031631,25.28974155938444,25.949748263779306,183249600
2015-11-16,25.7199764251709,25.73349136463906,25.003655417441404,25.089252898378675,152426800
2015-11-17,25.609601974487305,25.91595322409796,25.526255832645884,25.88666856201623,110467600
2015-11-18,26.420528411865234,26.465579354077473,26.01731612030753,26.07588372005007,186698800
2015-11-19,26.756160736083984,26.97466139984939,26.301140064054348,26.499366602206727,173183200
2015-11-20,26.87329864501953,27.012957601569642,26.77193144387025,26.850771454597467,137148400
2015-11-23,26.524145126342773,26.970156985280802,26.43178846701266,26.86653673188203,129930000
2015-11-24,26.778690338134766,26.884561951850607,26.382237200649325,26.42954120960213,171212800
2015-11-25,26.58722496032715,26.857535830351882,26.562446420943623,26.85302970396378,85553200
2015-11-27,26.53766441345215,26.672820690093285,26.490360404061132,26.645789091048368,52185600
2015-11-30,26.648040771484375,26.89807746428209,26.524148097185197,26.578209573886948,156721200
2015-12-01,26.43178939819336,26.762919139912682,26.323666453091068,26.749404201420703,139409600
2015-12-02,26.19301414489746,26.605236920518422,26.147963207941512,26.431787204213542,133546400
2015-12-03,25.949737548828125,26.307898892106483,25.728985529710997,26.253837418650917,166278000
2015-12-04,26.81247901916504,26.86203609027978,25.92946742765108,25.970013965964647,231108000
2015-12-07,26.643537521362305,26.99944586177476,26.53766590073221,26.801219280086283,128336800
2015-12-08,26.63226890563965,26.715613312092575,26.32366465534384,26.472334124352074,137238000
2015-12-09,26.044349670410156,26.51063400347499,25.9227100550128,26.499370407785392,185445600
2015-12-10,26.168237686157227,26.341687416196915,26.019568207563573,26.138954746675367,116850800
2015-12-11,25.494718551635742,25.9925388777188,25.4203829465679,25.94748793326861,187544800
2015-12-14,25.337039947509766,25.382090894484865,24.731094914768907,25.26946180846365,257274800
2015-12-15,24.888776779174805,25.409124363518714,24.857240770255004,25.215402183820736,213292400
2015-12-16,25.08024024963379,25.22665838298991,24.508086091703493,25.019421308575538,224954000
2015-12-17,24.548629760742188,25.285223029569607,24.548629760742188,25.233412907720027,179091200
2015-12-18,23.884126663208008,24.670277299747227,23.83456958425084,24.53287137888919,385813200
2015-12-21,24.176965713500977,24.185976248735436,23.780510756104146,24.165702114811936,190362400
2015-12-22,24.154434204101562,24.264810225644474,23.978731388772907,24.192727680349428,131157600
2015-12-23,24.465286254882812,24.519347726245353,24.147671458638616,24.163439459393658,130629600
2015-12-24,24.334638595581055,24.553139284369426,24.316617530435273,24.553139284369426,54281600
2015-12-28,24.062074661254883,24.25804986349754,23.917909587852204,24.23552267442949,106816800
2015-12-29,24.494571685791016,24.65000036517696,24.071086966298672,24.09361243844276,123724800
2015-12-30,24.174705505371094,24.485561145461162,24.143169500662683,24.45853126633016,100855200
2015-12-31,23.71068000793457,24.109386289210814,23.61156584415761,24.10488188112267,163649200
2016-01-04,23.730945587158203,23.735451712532264,22.97633113383233,23.113738741825244,270597600
2016-01-05,23.136268615722656,23.84357919872016,23.06869218950172,23.82105372331318,223164000
2016-01-06,22.683494567871094,23.059676977036663,22.496531613200904,22.65195856498295,273829600
2016-01-07,21.726150512695312,22.555100673885242,21.72164610532615,22.228477004240506,324377600
2016-01-08,21.841028213500977,22.32533353970958,21.795977274655915,22.199189536076883,283192000
2016-01-11,22.19468116760254,22.31406769019919,21.9266234683952,22.293795285343,198957600
2016-01-12,22.516803741455078,22.681242941827485,22.264514002903095,22.64970693933139,196616800
2016-01-13,21.93789291381836,22.793874642374632,21.91762050355392,22.597899416901196,249758400
2016-01-14,22.41769027709961,22.633939612925026,21.56621474715147,22.066288113904072,252680400
2016-01-15,21.879316329956055,22.00996642665574,21.480610291124705,21.66982625027647,319335600
2016-01-19,21.773452758789062,22.221715978686518,21.51215249001138,22.167654505988224,212350800
2016-01-20,21.80274200439453,22.118103837081524,21.04362123011172,21.422055085619366,289337600
2016-01-21,21.692363739013672,22.048270362500734,21.38601247224195,21.86355872093986,208646000
2016-01-22,22.845680236816406,22.85469076868208,22.15864393824545,22.217209817497473,263202000
2016-01-25,22.399673461914062,22.870462222533124,22.34786332551053,22.868209159580758,207178000
2016-01-26,22.523563385009766,22.72404301390903,22.09106812167091,22.51004844508774,300308000
2016-01-27,21.043609619140625,21.766687856514178,21.0255885601112,21.633786412983426,533478800
2016-01-28,21.19454574584961,21.291406852167956,20.811607447521563,21.126969308924362,222715200
2016-01-29,21.9266300201416,21.9266300201416,21.25310855531319,21.35222270266927,257666000
2016-02-01,21.721647262573242,21.784719280602793,21.48963160257156,21.73065779637512,163774000
2016-02-02,21.282390594482422,21.63379275566783,21.237337933700136,21.49413208511767,149428800
2016-02-03,21.703622817993164,21.81399883237092,21.192287564028874,21.39952465347622,183857200
2016-02-04,21.87801170349121,22.04334319664708,21.558675159051454,21.7104166498697,185886800
2016-02-05,21.293697357177734,21.95049119925636,21.21896010009772,21.85989864726117,185672400
2016-02-08,21.517911911010742,21.674182274657653,21.07174506774626,21.092127482518418,216085600
2016-02-09,21.513376235961914,21.728533687948552,21.273307525570605,21.354840621157955,177324800
2016-02-10,21.350311279296875,21.821391030393816,21.311810017462367,21.724004367695013,169374400
2016-02-11,21.22121810913086,21.452229142675453,20.96982466387226,21.241602248753622,200298800
2016-02-12,21.286897659301758,21.402403176130246,21.0649477791782,21.332194787425067,161405600
2016-02-16,21.887075424194336,21.93463612193744,21.427320284768577,21.520176391435847,196231600
2016-02-17,22.222270965576172,22.242653384558366,21.776104030154784,21.89387314939601,179452800
2016-02-18,21.80101203918457,22.396655094579923,21.762509043401412,22.38533037913035,156084000
2016-02-19,21.751178741455078,21.91424491280335,21.69682392697512,21.742119317723684,141496800
2016-02-22,21.941431045532227,21.9459616233322,21.724009964680704,21.812337224779473,137123200
2016-02-23,21.4454345703125,21.855363635836255,21.41372744523932,21.832715936199516,127770400
2016-02-24,21.764768600463867,21.828182843300198,21.135153292433845,21.284631203041073,145022800
2016-02-25,21.914249420166016,21.914249420166016,21.572263447576336,21.753448503653868,110330800
2016-02-26,21.948223114013672,22.199614845314983,21.873484144430357,22.013900929565107,115964400
2016-02-29,21.898401260375977,22.247181456239563,21.88934183254598,21.93690253272158,140865200
2016-03-01,22.76807975769043,22.822434582820552,22.06372540771771,22.11581667240276,201628400
2016-03-02,22.817901611328125,22.849608730917645,22.566508214648064,22.763546796018723,132678400
2016-03-03,22.987768173217773,23.035328865537434,22.74996298371058,22.779406551271965,147822800
2016-03-04,23.329750061035156,23.497345098889944,22.958322286379367,23.184802721067463,184220400
2016-03-07,23.07157325744629,23.2889943687384,22.865475136421104,23.189342378096825,143315600
2016-03-08,22.881324768066406,23.046656294282354,22.73864267430595,22.82470464274588,126247600
2016-03-09,22.901702880859375,23.005883676665537,22.709193123136984,22.944732989793426,108806800
2016-03-10,22.913026809692383,23.155360823111348,22.682017509985283,22.96738336201888,134054400
2016-03-11,23.15989875793457,23.164427608112955,22.987773076698392,23.15536817984692,109632800
2016-03-14,23.218774795532227,23.307103760030373,23.05117974763284,23.080623311768452,100304400
2016-03-15,23.68532943725586,23.82121738210756,23.519997923615165,23.54491091509402,160270800
2016-03-16,24.000131607055664,24.077134124384102,23.68758750566512,23.692118081924775,153214000
2016-03-17,23.96163558959961,24.113377097226152,23.771391086978394,23.898219603453242,137682800
2016-03-18,23.988807678222656,24.120166747508094,23.823477925422555,24.083929047880954,176820800
2016-03-21,23.986553192138672,24.380628821166784,23.81216222055035,23.991082042351035,142010800
2016-03-22,24.169994354248047,24.299088144055386,23.828008384512952,23.83706781003208,129777600
2016-03-23,24.036375045776367,24.2492672705037,23.984285497965914,24.11564460377253,102814000
2016-03-24,23.932191848754883,24.06355094153387,23.755537351249522,23.88689644402851,104532000
2016-03-28,23.8234806060791,24.04996107050679,23.79403703984186,24.006929229334705,77645600
2016-03-29,24.387413024902344,24.412326010693874,23.753267123150128,23.75553241128806,124760400
2016-03-30,24.813194274902344,25.007967574434186,24.595773278940666,24.60709799110982,182404400
2016-03-31,24.684110641479492,24.890208737817986,24.659197646803207,24.849442176339448,103553600
2016-04-01,24.910585403442383,24.912850691865195,24.50518517119843,24.636544253180922,103496000
2016-04-04,25.16651153564453,25.408845579897044,24.97400174550099,25.007974163050374,149424800
2016-04-05,24.869821548461914,25.078184908237542,24.781494297389987,24.801878439588343,106314800
2016-04-06,25.13027000427246,25.13480058080752,24.731663936712053,24.96494024682486,105616400
2016-04-07,24.582189559936523,25.007972206572465,24.48706818056713,24.901526112936278,127207600
2016-04-08,24.609363555908203,24.86075523538781,24.498386904709438,24.66598366157384,94326800
2016-04-11,24.690902709960938,25.051007594143087,24.647872591054057,24.679579721999776,117630000
2016-04-12,25.012502670288086,25.026090945019725,24.609367726100686,24.76337278081606,108929200
2016-04-13,25.374866485595703,25.44280957490804,25.094031248372715,25.094031248372715,133029200
2016-04-14,25.38845443725586,25.454133965630948,25.21406527619049,25.279744804565578,101895600
2016-04-15,24.878887176513672,25.433765540788986,24.85171061735383,25.390733684906696,187756000
2016-04-18,24.342130661010742,24.675055623356066,24.219830954718596,24.661467343071216,243286000
2016-04-19,24.213029861450195,24.459892764585337,24.059023060112374,24.432714483910782,129539600
2016-04-20,24.26285171508789,24.48027275522926,24.02051768543887,24.15187677049579,122444000
2016-04-21,24.000131607055664,24.21755261398772,23.898214376116265,24.21755261398772,126210000
2016-04-22,23.934457778930664,24.115642858510714,23.69438901720973,23.782716268330034,134732400
2016-04-25,23.798568725585938,23.927662527208124,23.66947492396375,23.78044987288941,112126400
2016-04-26,23.633230209350586,23.84838763351474,23.533580004892062,23.533580004892062,224064800
2016-04-27,22.154314041137695,22.355881471481243,21.66964609313091,21.74211975653636,458408400
2016-04-28,21.47713851928711,22.16790275955349,21.345779461747554,22.106753806786298,328970800
2016-04-29,21.230281829833984,21.452233482661203,20.951711779266073,21.28690195548378,274126000
2016-05-02,21.207626342773438,21.307278280279572,20.926791106420705,21.282365295903038,192640400
2016-05-03,21.556411743164062,21.683240256607103,21.216691029662577,21.33446011672984,227325200
2016-05-04,21.332197189331055,21.719478606870442,21.248398788799193,21.56094123245143,164102000
2016-05-05,21.24561309814453,21.43473684522037,21.118012371649755,21.418786754408522,143562000
2016-05-06,21.12712287902832,21.29345925989368,20.928884584268392,21.275231829934302,174799600
2016-05-09,21.143070220947266,21.36637142020525,21.097497305894343,21.19092047793112,131745600
2016-05-10,21.286619186401367,21.32079843518479,20.988124006445666,21.2661126801886,134747200
2016-05-11,21.079269409179688,21.320799769083546,21.067875746062786,21.30029326158782,114876400
2016-05-12,20.584814071655273,21.14079147509542,20.38657753793249,21.127120469577704,305258800
2016-05-13,20.625825881958008,20.887864460354056,20.507339794719382,20.507339794719382,177571200
2016-05-16,21.39143943786621,21.507648216408324,20.883313959085207,21.051929425106646,245039200
2016-05-17,21.302576065063477,21.5782857465761,21.193204520187564,21.54410822532073,187667600
2016-05-18,21.54637908935547,21.694488011170616,21.39371374555272,21.455236742172765,168249600
2016-05-19,21.46435546875,21.564614164242855,21.320804668009217,21.564614164242855,121768400
2016-05-20,21.69676971435547,21.744619973939777,21.537267110645395,21.564610861163164,128104000
2016-05-23,21.972482681274414,22.145656317313065,21.799309045235763,21.844881969682415,152074400
2016-05-24,22.307435989379883,22.350728093988742,22.065903839115222,22.152491525191518,140560800
2016-05-25,22.69934844970703,22.726690458361976,22.355280353892073,22.482881030092024,152675200
2016-05-26,22.879358291625977,22.95227321448298,22.476046266425598,22.713020200318088,225324800
2016-05-27,22.865694046020508,22.893037804164504,22.6150490142039,22.658342863324513,145364800
2016-05-31,22.754045486450195,22.87708980168686,22.51707144285695,22.69480154094446,169228800
2016-06-01,22.435033798217773,22.6811223398301,22.405412705375742,22.56263449160384,116693200
2016-06-02,22.26641273498535,22.293754740430536,22.018045175476963,22.23906899111154,160766400
2016-06-03,22.311992645263672,22.3917430897742,22.204898446165547,22.28237154828242,114019600
2016-06-06,22.47377586364746,23.216598122238942,22.227688990504937,22.32794596162613,93170000
2016-06-07,22.564912796020508,22.75631556794565,22.54896270989583,22.61504213482064,89638000
2016-06-08,22.544404983520508,22.68567667004546,22.485161064871615,22.56263241058802,83392400
2016-06-09,22.706186294555664,22.783657644976127,22.435033091226014,22.44414767452766,106405600
2016-06-10,22.51934051513672,22.63782661505563,22.439590088419287,22.45098201313382,126851600
2016-06-13,22.179832458496094,22.585423637920215,22.12514669098972,22.48744402948881,152082000
2016-06-14,22.207178115844727,22.43959568992894,22.045398141710876,22.175277937194636,127727600
2016-06-15,22.13425636291504,22.423638701038083,22.10919169619796,22.28920078515296,117780800
2016-06-16,22.227685928344727,22.27325711453727,21.890453239860225,21.977039188997782,125307200
2016-06-17,21.72183609008789,22.022610415685328,21.715000586528955,22.015774912126393,244032800
2016-06-20,21.6694278717041,22.004381456714007,21.653477783771688,21.87450167257029,137647600
2016-06-21,21.854001998901367,21.954258980801672,21.573734093628605,21.632978040953613,142185600
2016-06-22,21.771968841552734,22.077299637832734,21.726395913312054,21.931469744321472,116876400
2016-06-23,21.897281646728516,21.940575476479815,21.703601560540676,21.86082505727644,128960800
2016-06-24,21.282062530517578,21.569165783341536,21.111168026908114,21.170411941586124,301245600
2016-06-27,20.972179412841797,21.202317893911776,20.84913512806466,21.190924228524736,181958400
2016-06-28,21.32535743713379,21.341309261800948,20.994962048588413,21.16813565519468,161779600
2016-06-29,21.509925842285156,21.544105097006888,21.334473145980517,21.41194623924505,146124000
2016-06-30,21.783355712890625,21.82209138908081,21.487139571023903,21.51903974417218,143345600
2016-07-01,21.84943389892578,21.9815927449947,21.721833213578662,21.758289807208286,104106000
2016-07-05,21.644365310668945,21.737788505120793,21.523600099054118,21.735509424214086,110820800
2016-07-06,21.767404556274414,21.797027385905224,21.503088600549212,21.555495280247005,123796400
2016-07-07,21.86083221435547,21.988432926856422,21.787917273150736,21.806144704629926,100558400
2016-07-08,22.029441833496094,22.07729208796315,21.88589107009492,21.986148001080196,115648400
2016-07-11,22.097808837890625,22.250474242578218,22.04084397896873,22.04540040277349,95179600
2016-07-12,22.198057174682617,22.261857513714595,22.129700413617865,22.14109233791423,96670000
2016-07-13,22.072738647460938,22.255025107420934,22.06590140581734,22.19578292060921,103568800
2016-07-14,22.510225296020508,22.55579647044835,22.175271774846365,22.191221859739,155676000
2016-07-15,22.50794792175293,22.62643576573226,22.444147577346676,22.539848093956056,120548000
2016-07-18,22.747201919555664,22.81555868928696,22.466934122213043,22.489719712123474,145975600
2016-07-19,22.756317138671875,22.78593823253969,22.63555020575895,22.685679548019195,95119600
2016-07-20,22.776824951171875,22.890754648849864,22.726695606044885,22.78593953559762,105104000
2016-07-21,22.65606117248535,23.01380037612155,22.587702654214247,22.747205284037047,130808000
2016-07-22,22.480613708496094,22.6264436144186,22.400861511894743,22.617329027994746,113254800
2016-07-25,22.179832458496094,22.52162154766204,22.084131930752637,22.387185340369452,161531600
2016-07-26,22.02716827392578,22.323386195929274,21.970203422650442,22.061347532376846,224959200
2016-07-27,23.458120346069336,23.777123796795603,23.41254916957799,23.758894630827488,369379200
2016-07-28,23.77484893798828,23.799913611037777,23.428503415240453,23.43078249599839,159479200
2016-07-29,23.745223999023438,23.822697086391937,23.624458814835958,23.74066757667422,110934800
2016-08-01,24.164485931396484,24.187271519812555,23.79079671840026,23.79079671840026,152671600
2016-08-02,23.806751251220703,24.169046868471003,23.697377972592157,24.16449044530824,135266400
2016-08-03,24.10524559020996,24.116637516895125,23.872828033938575,23.88194261834424,120810400
2016-08-04,24.254152297973633,24.283933851774712,24.118986096899697,24.187714910713066,109634800
2016-08-05,24.622997283935547,24.661942802371318,24.325174706593064,24.34579230534849,162213600
2016-08-08,24.826889038085938,24.826889038085938,24.549685824604097,24.63215796233773,112148800
2016-08-09,24.92768669128418,24.957469993000934,24.74441276709909,24.79481366430005,105260800
2016-08-10,24.742122650146484,24.94830735513366,24.687140644765385,24.9047789874568,96034000
2016-08-11,24.726091384887695,24.95518516154825,24.70776346327162,24.861255874150956,109938000
2016-08-12,24.78336524963379,24.84293012197347,24.691727387845084,24.691727387845084,74641600
2016-08-15,25.081180572509766,25.094925636036056,24.760449023407794,24.774194086934088,103472800
2016-08-16,25.058273315429688,25.2530043978627,25.019327798081715,25.115546751946088,135177600
2016-08-17,25.02161979675293,25.055984209017407,24.820016176986197,24.994127917372026,101424000
2016-08-18,24.989547729492188,25.108675715492865,24.975800915373384,25.02391214301918,87938800
2016-08-19,25.053693771362305,25.129295131759978,24.824600011015427,24.91852754387737,101472400
2016-08-22,24.858959197998047,24.99412364921774,24.707756508993324,24.93914164769162,103280800
2016-08-23,24.93684959411621,25.044523915788446,24.86353967797605,24.87728474105037,85030800
2016-08-24,24.749000549316406,24.913948349076126,24.66881807661288,24.872711399136193,94700400
2016-08-25,24.643619537353516,24.714638054720496,24.43972619897668,24.60238258420725,100344800
2016-08-26,24.499282836914062,24.73066623435003,24.35495267551242,24.606957164357713,111065200
2016-08-29,24.4717960357666,24.613834800036564,24.350376619335105,24.425977981664925,99881200
2016-08-30,24.283935546875,24.398482412662144,24.169388681087852,24.238117499698724,99455600
2016-08-31,24.306842803955078,24.41451712962516,24.201459904831218,24.20604275792366,118649600
2016-09-01,24.4511775970459,24.46721409021607,24.196883385456967,24.316011370743013,106806000
2016-09-02,24.680267333984375,24.74212186960598,24.47179120889458,24.673393054162965,107210000
2016-09-06,24.67339515686035,24.81085279946069,24.629868534693674,24.719214953675976,107521600
2016-09-07,24.824600219726562,24.91623807420509,24.52906905665283,24.70318080537736,169457200
2016-09-08,24.173973083496094,24.574887168427484,24.109827109562545,24.570306062223672,212008000
2016-09-09,23.626432418823242,24.219786004852924,23.626432418823242,23.97236439180936,186228000
2016-09-12,24.15564727783203,24.219793252740153,23.488983578936768,23.516475460117416,181171200
2016-09-13,24.73066520690918,24.923104831500968,24.568008883132496,24.629865163405185,248704800
2016-09-14,25.60580825805664,25.894466879100452,24.87958147331745,24.909364780125077,443554800
2016-09-15,26.476364135742188,26.51301997404146,25.99984872493112,26.08461404011325,359934400
2016-09-16,26.327451705932617,26.604654916585687,26.12584984759761,26.373271501813186,319547600
2016-09-19,26.020471572875977,26.616115042630625,25.944870207093928,26.38931269313128,188092000
2016-09-20,26.018171310424805,26.144173543940205,25.775332548936447,25.899043356066237,138057200
2016-09-21,26.013595581054688,26.11439564085053,25.759301382936105,26.082322656209136,144012800
2016-09-22,26.258731842041016,26.33204178772739,26.11669305759061,26.196875537583995,124296000
2016-09-23,25.82115364074707,26.297669010181558,25.555405827538955,26.212903702359732,209924800
2016-09-26,25.86009979248047,25.97693808498759,25.55540645783113,25.57602405470779,119477600
2016-09-27,25.908214569091797,25.92883391803515,25.736394235233423,25.887596967995265,98429600
2016-09-28,26.105226516723633,26.263301729645175,25.9860985613157,26.04566341294278,118564400
2016-09-29,25.69973373413086,26.070866191988394,25.612678749231804,25.924246350133995,143548000
2016-09-30,25.899049758911133,25.972359690758676,25.61268256453063,25.76388353428328,145516400
2016-10-03,25.777626037597656,25.899047184134982,25.722644031139744,25.821154406127008,86807200
2016-10-04,25.887592315673828,26.187704552234916,25.802827003645554,25.90133738060136,118947200
2016-10-05,25.899049758911133,26.03879708959655,25.816575867101815,25.979232223768342,85812400
2016-10-06,26.09149169921875,26.194583205959084,25.91737992878135,26.04796331964767,115117200
2016-10-07,26.130435943603516,26.244982833411136,26.004435413523233,26.187709388507326,97433600
2016-10-10,26.586320877075195,26.746685745576233,26.281625879077243,26.350352930786556,144944000
2016-10-11,26.643600463867188,27.191134317484888,26.620689693479395,26.964330275139694,256164000
2016-10-12,26.881860733032227,27.02848234621631,26.746696254737,26.884152160009997,150347200
2016-10-13,26.799386978149414,26.904769890789296,26.510728370924866,26.75585860742008,140769600
2016-10-14,26.94829559326172,27.072006420704078,26.833748725020254,27.00556902738245,142608800
2016-10-17,26.92997169494629,26.99640734602698,26.753568524176224,26.879570789011986,94499600
2016-10-18,26.91163444519043,27.08116327632215,26.907051592868847,27.074290745685815,98214000
2016-10-19,26.83145523071289,26.978075061385127,26.070864203658324,26.861236782996038,80138400
2016-10-20,26.81770896911621,26.891018885953567,26.650471540633934,26.771890926535217,96503200
2016-10-21,26.71233367919922,26.783353937622838,26.639023741486966,26.760443161962247,92770800
2016-10-24,26.952880859375,26.97349845853765,26.803969567762543,26.826878593892154,94154800
2016-10-25,27.09033203125,27.115532479943987,26.874983377990965,27.021603217021607,192516000
2016-10-26,26.48094367980957,26.5061441301924,25.958610249777237,26.187703982096433,264536800
2016-10-27,26.226648330688477,26.542797016934276,26.139591603459056,26.435122695053426,138248000
2016-10-28,26.05254364013672,26.393892865891907,25.990687343831727,26.086908054989856,151446800
2016-10-31,26.011302947998047,26.169378184862182,25.933410169019165,26.036503398740056,105677600
2016-11-01,25.541656494140625,26.063989858062815,25.32172674869161,25.99297136934333,175303200
2016-11-02,25.5645694732666,25.7386812041485,25.48209733531888,25.521042851431016,113326800
2016-11-03,25.290546417236328,25.665885764502722,25.226071118988862,25.555357183741382,107730400
2016-11-04,25.062580108642578,25.387261576155574,24.89448403168557,24.99119698748168,123348000
2016-11-07,25.42410659790039,25.447133242057223,25.20534908635963,25.348117091044536,130240000
2016-11-08,25.57378387451172,25.72576290730673,25.26061655555887,25.40108138641951,97016800
2016-11-09,25.532337188720703,25.63365655178101,24.880674418259332,25.30206718672597,236705600
2016-11-10,24.820796966552734,25.580686712107354,24.36946809636885,25.580686712107354,228538000
2016-11-11,24.96817398071289,25.069493334010403,24.53526705113169,24.666520869348684,136575600
2016-11-14,24.34183692932129,24.82540348737254,23.96649753208758,24.802376843050165,204702000
2016-11-15,24.66421127319336,24.79546505732826,24.445455551908545,24.539865305567652,129058000
2016-11-16,25.327396392822266,25.382662456827013,24.546781246166884,24.569807894425203,235362000
2016-11-17,25.31818199157715,25.410290329096046,25.060280754708725,25.285944336968594,110528000
2016-11-18,25.343505859375,25.454036189729493,25.251399300369588,25.265214932856402,113715600
2016-11-21,25.728063583374023,25.787932508481216,25.331998968318366,25.35732880464079,117058400
2016-11-22,25.744178771972656,25.886945003626835,25.652070448983423,25.778717855876,103862000
2016-11-23,25.61292839050293,25.67740369812785,25.405685075408282,25.64286285280868,109705600
2016-11-25,25.74188232421875,25.76030434500653,25.548454619588256,25.589903287950463,45903600
2016-11-28,25.69121742248535,25.898460722164202,25.64976876254958,25.658979771070893,108776000
2016-11-29,25.6658878326416,25.797141630884603,25.345812749964455,25.509304199928877,114115200
2016-11-30,25.44944190979004,25.83629561476328,25.391874404626286,25.698133953734445,144649200
2016-12-01,25.212257385253906,25.54614988077354,25.106333414654,25.414896074071443,148347600
2016-12-02,25.306669235229492,25.350419333475468,25.06488507182746,25.13857138956954,106112000
2016-12-05,25.124757766723633,25.33660572760053,24.926725442523757,25.32969790926202,137298000
2016-12-06,25.31818199157715,25.412593520659634,25.143178082793696,25.214561209881143,104782000
2016-12-07,25.566879272460938,25.603723317829555,25.13627547234508,25.159302122290075,119994800
2016-12-08,25.8178653717041,25.88924848834048,25.467854091740875,25.52772476588567,108273200
2016-12-09,26.239253997802734,26.411956420140584,25.86161150816956,25.86161150816956,137610400
2016-12-12,26.089584350585938,26.48104253754329,25.903064508509864,26.087281159325197,105497600
2016-12-13,26.524797439575195,26.692893527728142,26.193208132680063,26.213931585950814,174935200
2016-12-14,26.524797439575195,26.757368835886556,26.476440958456386,26.49025659397022,136127200
2016-12-15,26.669864654541016,26.879411145367662,26.534006231818875,26.56854531771756,186098000
2016-12-16,26.70440673828125,26.826449532315554,26.630720423572594,26.819541714814793,177404400
2016-12-19,26.85869026184082,27.029089554719874,26.653750120681007,26.665264322381432,111117600
2016-12-20,26.930072784423828,27.056721972983006,26.86790066438054,26.881716300652275,85700000
2016-12-21,26.95539665222168,27.033689339669525,26.890921354805865,26.895527737089903,95132800
2016-12-22,26.778093338012695,26.82875300931792,26.628417515561896,26.79190897316127,104343600
2016-12-23,26.831050872802734,26.831050872802734,26.616899772401222,26.616899772401222,56998000
2016-12-27,27.001453399658203,27.12579937689471,26.824144563724218,26.831052380767325,73187600
2016-12-28,26.886320114135742,27.17645898903331,26.757367746249844,27.06132401291895,83623600
2016-12-29,26.87941551208496,26.966917471943905,26.80342599712243,26.814938442018846,60158000
2016-12-30,26.669864654541016,26.987636542550618,26.58005951756395,26.860989128341537,122345200
2017-01-03,26.745859146118164,26.78730781374833,26.425784007070973,26.66526500262077,115127600
2017-01-04,26.715923309326172,26.828756868671924,26.6537511853937,26.67677783289385,84472400
2017-01-05,26.851781845092773,26.909349338670825,26.66756516291481,26.692895000634792,88774400
2017-01-06,27.1511287689209,27.20869625243724,26.819539501684314,26.890922619062124,127007600
2017-01-09,27.39982795715332,27.501147323584956,27.158045501106127,27.160346936291752,134247600
2017-01-10,27.427453994750977,27.489626108498722,27.24093589668743,27.349161297891264,97848400
2017-01-11,27.57482147216797,27.616270125864485,27.310010726707997,27.342248373269737,110354400
2017-01-12,27.45969581604004,27.471210018062205,27.220214819907678,27.379101672346597,108344800
2017-01-13,27.41134262084961,27.544899650331168,27.358379744737686,27.427461451523534,104447600
2017-01-17,27.632396697998047,27.687660999484315,27.222516428069017,27.250147700401918,137759200
2017-01-18,27.630088806152344,27.74752696405092,27.565613505916318,27.632391997395107,94852000
2017-01-19,27.58173179626465,27.653114912024936,27.487322038983635,27.49422985575784,102389200
2017-01-20,27.632396697998047,27.736017482887355,27.570224578428558,27.736017482887355,130391600
2017-01-23,27.65082359313965,27.81891971887362,27.57943869444451,27.63240157045569,88200800
2017-01-24,27.625486373901367,27.65542083515336,27.51725921556063,27.52877341586849,92844000
2017-01-25,28.065303802490234,28.11596347786842,27.69687219540411,27.729109851222866,129510400
2017-01-26,28.079116821289062,28.194251790368554,28.0008241287685,28.016942954166822,105350400
2017-01-27,28.081418991088867,28.173527320128414,28.000824861986857,28.12517084266721,82251600
2017-01-30,28.007740020751953,28.007740020751953,27.78437959206952,27.84655172029644,121510000
2017-01-31,27.943262100219727,27.952473110362984,27.775165996361807,27.897208806323995,196804000
2017-02-01,29.647260665893555,30.047931706017216,29.246591382590463,29.2511960093045,447940000
2017-02-02,29.596601486206055,29.79463381783453,29.423898993982657,29.469954046001256,134841600
2017-02-03,29.723241806030273,29.748571637870295,29.511393900477426,29.545932983150117,98029200
2017-02-06,30.00187110900879,30.050229345912165,29.681796009778036,29.734760629634277,107383600
2017-02-07,30.287405014038086,30.416355618625722,30.03871305648745,30.059436507873222,152735200
2017-02-08,30.40485191345215,30.446302344171244,30.216032324029964,30.245968551013664,92016400
2017-02-09,30.624540328979492,30.631478093962883,30.32389090716361,30.446462793701315,113399600
2017-02-10,30.555171966552734,30.7448136993057,30.538985017759696,30.63380588413618,80262000
2017-02-13,30.825748443603516,30.948323882365393,30.700865121238635,30.777184079468178,92141600
2017-02-14,31.225845336914062,31.242032282112998,30.816499477718178,30.867378783556042,132904800
2017-02-15,31.339170455932617,31.51493664705215,31.13334178123319,31.341485397736633,142492400
2017-02-16,31.302167892456055,31.42936264279203,31.18421879315438,31.37617191834929,90338400
2017-02-17,31.387733459472656,31.41317311322332,31.244348244991187,31.244348244991187,88792800
2017-02-21,31.614368438720703,31.625932556764763,31.44785501973171,31.505672081078625,98028800
2017-02-22,31.709196090698242,31.711507503255167,31.47792779553711,31.55193181497412,83347600
2017-02-23,31.575054168701172,31.794758302364407,31.52186345881656,31.7716335944845,83152800
2017-02-24,31.605140686035156,31.605140686035156,31.28598916181493,31.4316893844156,87106400
2017-02-27,31.667572021484375,31.785521133063103,31.517249012418116,31.71613992546529,81029600
2017-02-28,31.681455612182617,31.7855256740096,31.614385808002236,31.702268918772955,93931600
2017-03-01,32.3289909362793,32.412247657275685,31.82251637316461,31.889582620887936,145658400
2017-03-02,32.13703918457031,32.442311454867365,32.09078270915152,32.377556623929394,104844000
2017-03-03,32.32667541503906,32.33823953321085,32.0514656353682,32.09540716709695,84432400
2017-03-06,32.22492218017578,32.32436937834266,32.05378590671845,32.23185994645789,87000000
2017-03-07,32.26655578613281,32.3729372331792,32.09772737806563,32.160170810212044,69785200
2017-03-08,32.14630126953125,32.331316658871906,32.104674659588994,32.13473714603339,74828800
2017-03-09,32.07228469848633,32.097724351489845,31.695319786182953,32.08616376011247,88623600
2017-03-10,32.17865753173828,32.229536818561805,32.06302343057078,32.20409717515004,78451200
2017-03-13,32.19254684448242,32.245737565712,32.104667289597515,32.111605056328585,69686800
2017-03-14,32.143985748291016,32.29662016078054,32.109293382231215,32.215678364390186,61236400
2017-03-15,32.48394775390625,32.551014009818594,32.15323224191797,32.24111532727662,102767200
2017-03-16,32.53714370727539,32.61346268385059,32.43769648487442,32.54408147524815,76928000
2017-03-17,32.37525177001953,32.60883149115717,32.352123527625004,32.60883149115717,175540000
2017-03-20,32.71522521972656,32.72447440183468,32.43076258342925,32.470077782920484,86168000
2017-03-21,32.340553283691406,33.02510889980142,32.315113633423415,32.865533232563436,158119600
2017-03-22,32.70595932006836,32.747589444955736,32.322053133198985,32.342869960079604,103440800
2017-03-23,32.590335845947266,32.74297380569172,32.51864322121503,32.66896623895198,81385200
2017-03-24,32.525569915771484,32.77996642873326,32.45850366901273,32.724460772576016,89582400
2017-03-27,32.581077575683594,32.65970794675348,32.05840898579476,32.23648655581988,94300400
2017-03-28,33.25639724731445,33.31189940587128,32.52096188655429,32.58803169997819,133499200
2017-03-29,33.330387115478516,33.41595878829196,33.11530928486144,33.22862849626748,116760000
2017-03-30,33.28643798828125,33.41826258646082,33.18699433326732,33.346569992590595,84829200
2017-03-31,33.224002838134766,33.365076633853526,33.073676334799764,33.23787837068514,78646800
2017-04-03,33.23326110839844,33.33039339169721,33.082938092814025,33.23557605037279,79942800
2017-04-04,33.48072052001953,33.50847159319599,33.110689742916605,33.12919163465926,79565600
2017-04-05,33.30727005004883,33.640297051616685,33.25870214195555,33.35352301607212,110871600
2017-04-06,33.224002838134766,33.42289370539606,33.17543494533447,33.36969945878765,84596000
2017-04-07,33.15000534057617,33.34426991291158,33.13381839065242,33.24019985836583,66688800
2017-04-10,33.110679626464844,33.274881659964585,33.04823620202139,33.210126823087656,75733600
2017-04-11,32.75453567504883,33.1523174967134,32.391442692359455,33.057496631681495,121517600
2017-04-12,32.79384231567383,32.87478409512995,32.61113840105722,32.7475893661455,81400000
2017-04-13,32.62039566040039,32.92798293455409,32.62039566040039,32.81928654711352,71291600
2017-04-17,32.800785064697266,32.81234918605461,32.57876593280913,32.71983974407023,66328400
2017-04-18,32.655086517333984,32.84935106181636,32.634273215183995,32.703654417891855,58790000
2017-04-19,32.534828186035156,32.84010408690004,32.48163745623287,32.81235301550316,69313600
2017-04-20,32.94184875488281,33.05285652228359,32.64582568923188,32.65970121904781,93278400
2017-04-21,32.90254211425781,32.99735943555886,32.805409851471275,32.94185730189468,69283600
2017-04-24,33.21938705444336,33.29107968134823,33.113002056249755,33.187009625232285,68537200
2017-04-25,33.42521667480469,33.510784841033605,33.27257870622726,33.281831417042675,75486000
2017-04-26,33.2286262512207,33.441396183672424,33.15924858724086,33.411330176698456,80164800
2017-04-27,33.25406265258789,33.339634311252254,33.14305487220087,33.28412865662189,56985200
2017-04-28,33.221683502197266,33.37200998564693,33.13380396471171,33.32344209927125,83441600
2017-05-01,33.89931106567383,34.042696296088565,33.52465751323557,33.55703493716388,134411600
2017-05-02,34.11438751220703,34.24852355694448,33.95943816627095,34.12132527927324,181408800
2017-05-03,34.01032638549805,34.109773620952154,33.36508917721564,33.670361594710705,182788000
2017-05-04,33.88774490356445,34.028818712660346,33.721231439422596,33.88543349087821,93487600
2017-05-05,34.44972610473633,34.45434892975689,33.9409330425496,33.9409330425496,109310800
2017-05-08,35.386375427246094,35.5459511825163,34.46592821419008,34.46592821419008,195009600
2017-05-09,35.613006591796875,35.81883523651143,35.48811973431324,35.58525199631485,156521600
2017-05-10,35.444183349609375,35.60144765064016,35.178226178926415,35.529755032223434,103222800
2017-05-11,35.75071716308594,35.778586322509284,35.36987172307813,35.40238278953829,109020400
2017-05-12,36.249996185302734,36.32430567087355,35.91791559499993,35.92488199853969,130108000
2017-05-15,36.15711212158203,36.37772321243627,36.00616862348201,36.229100668166375,104038800
2017-05-16,36.10368728637695,36.24069791939979,35.92952014640026,36.212832310904176,80194000
2017-05-17,34.89148712158203,35.89469164682741,34.766088327646294,35.669435173615554,203070800
2017-05-18,35.423282623291016,35.60906166779874,35.09585099942377,35.12836206645458,134272800
2017-05-19,35.54403305053711,35.75767767254821,35.444178914098835,35.61834607216179,107843200
2017-05-22,35.760005950927734,35.897016612667926,35.509204791580785,35.76232690430899,91865600
2017-05-23,35.71588897705078,35.97133208567546,35.60209846050506,35.97133208567546,79675600
2017-05-24,35.60905838012695,35.80180381095709,35.453469463455924,35.72516982929401,76712000
2017-05-25,35.73213577270508,35.843605313747204,35.537069391041626,35.69962470909451,76942400
2017-05-26,35.671756744384766,35.81805829270953,35.60208917168536,35.762323525862016,87710400
2017-05-30,35.68568801879883,35.862176124415456,35.6067330933998,35.62763230128075,80507600
2017-05-31,35.474369049072266,35.801804189612106,35.38612675631136,35.75536031814212,97804800
2017-06-01,35.5718994140625,35.6067349724756,35.348967431354566,35.569578460877615,65616400
2017-06-02,36.099056243896484,36.099056243896484,35.50456606913834,35.66480046881506,111082800
2017-06-05,35.74606704711914,35.86682393968477,35.636925550951005,35.841279280554346,101326800
2017-06-06,35.866825103759766,36.18264837987697,35.71123619071204,35.73910180396234,106499600
2017-06-07,36.080467224121094,36.22212332066588,35.87378900556623,35.99919134332844,84278400
2017-06-08,35.99222946166992,36.119949225164746,35.855215254172016,36.05260614156639,85003200
2017-06-09,34.59656524658203,36.03867095620318,33.909187474788965,36.03867095620318,259530800
2017-06-12,33.76984405517578,33.92543292855928,33.094074758608635,33.84415706281884,289229200
2017-06-13,34.04155349731445,34.241265329747584,33.707151959897104,34.173922248975565,136661600
2017-06-14,33.70948791503906,34.25288882633257,33.4029518870634,34.25288882633257,126124800
2017-06-15,33.50743865966797,33.551561574955535,33.024418175046314,33.28218572022731,128661600
2017-06-16,33.0383415222168,33.556197417535564,33.02208422400117,33.38899670402151,201444400
2017-06-19,33.983497619628906,34.076388903736074,33.36114196159167,33.36114196159167,130165600
2017-06-20,33.67464828491211,34.10658310827601,33.65839452120365,34.10658310827601,99600400
2017-06-21,33.874351501464844,33.92079891376589,33.58175193854454,33.79307561681812,85063200
2017-06-22,33.81862258911133,34.06709925340334,33.70018664045973,33.851133653881504,76425200
2017-06-23,33.96955108642578,34.17390828544453,33.69785083415153,33.702496282339794,141757600
2017-06-26,33.86275100708008,34.434017458450086,33.76057234593985,34.17624985182483,102769600
2017-06-27,33.37739562988281,33.94169910603165,33.3518509697536,33.67464065132807,99047600
2017-06-28,33.86507034301758,33.93009248001126,33.24503554447308,33.55389246691343,88329600
2017-06-29,33.36578369140625,33.702509722280126,33.04067305735441,33.604976532064576,125997600
2017-06-30,33.44475555419922,33.6630457287621,33.38902076172309,33.54460973768052,92096400
2017-07-03,33.3239860534668,33.741987980943975,33.23109831111197,33.64445478843934,57111200
2017-07-05,33.460994720458984,33.62355003161704,33.142850501232495,33.36810698363725,86278400
2017-07-06,33.14517593383789,33.32398857199731,33.070866443025984,33.2125225640592,96515200
2017-07-07,33.481895446777344,33.614264198357915,33.184650423351705,33.184650423351705,76806800
2017-07-10,33.68626022338867,33.89293850508548,33.29380287486033,33.46564913178166,84362400
2017-07-11,33.795413970947266,33.869727034139885,33.52835892991279,33.6096348564076,79127200
2017-07-12,33.84416961669922,33.94634472494956,33.63052495563669,33.874356186742034,99538000
2017-07-13,34.315574645996094,34.48277539662131,33.77449493125614,33.78842773656827,100797600
2017-07-14,34.61049270629883,34.67783931848978,34.21339360907738,34.36201609435176,80528400
2017-07-17,34.73125076293945,35.04242854839286,34.50135239677059,34.559408112419646,95174000
2017-07-18,34.85200119018555,34.863613039853156,34.52456616412977,34.64764397504055,71475200
2017-07-19,35.070316314697266,35.16320409165923,34.8218360189896,34.9449139180129,83692000
2017-07-20,34.91239547729492,35.23750971496516,34.877563454142056,35.18177493447977,68974800
2017-07-21,34.89613723754883,34.93561470653786,34.57334753845936,34.831115107044496,105010400
2017-07-24,35.318782806396484,35.400062245206634,34.81021404818792,34.96812747527722,85972800
2017-07-25,35.469722747802734,35.725165780959614,35.25143268115461,35.25143268115461,75415600
2017-07-26,35.636924743652344,35.74606623734805,35.54403346553693,35.6113800851006,63124000
2017-07-27,34.96348571777344,35.760012254548435,34.20644019952135,35.704277472611,129905200
2017-07-28,34.71732711791992,34.8868488601785,34.64533857847206,34.80789391648992,68854800
2017-07-31,34.53850555419922,34.91006355379913,34.39917396192902,34.81020587973777,79383600
2017-08-01,34.84503936767578,34.884516826981724,34.464194035233156,34.62442836875929,141474400
2017-08-02,36.491512298583984,37.0976143078871,36.26393481173815,36.98846924366249,279747200
2017-08-03,36.126914978027344,36.50776035775641,35.999191685920664,36.47060384669994,108389200
2017-08-04,36.31733322143555,36.55187703625577,36.15477792683541,36.24302374823534,82239600
2017-08-07,36.87932205200195,36.904866715420106,36.38236513559111,36.47293193435718,87481200
2017-08-08,37.17424011230469,37.580630163856476,36.75391725450724,36.83055123229838,144823600
2017-08-09,37.40182113647461,37.450589506452154,36.94898717285623,36.983819191811335,104526000
2017-08-10,36.21051025390625,37.30157975418536,36.04964662203939,37.27826484389665,163217200
2017-08-11,36.714073181152344,36.968192857393895,36.385355764156465,36.50891694333438,105028400
2017-08-14,37.26661682128906,37.350545531261794,37.0101669971067,37.14305560346204,88490800
2017-08-15,37.67459487915039,37.814473661034796,37.334216417589246,37.45544754110693,117862000
2017-08-16,37.523040771484375,37.886730445944906,37.33653224276366,37.75384547597862,110686400
2017-08-17,36.80266571044922,37.46710142244014,36.798002017624476,37.422805233993365,111762400
2017-08-18,36.718727111816406,37.18499666244265,36.536882271660524,36.80265577322331,109712400
2017-08-21,36.651126861572266,36.809656832697826,36.16154231336909,36.718734394586384,105474000
2017-08-22,37.25028991699219,37.30157987390728,36.83997381902732,36.888930150492534,86418400
2017-08-23,37.29690170288086,37.41113902754948,37.04045557520558,37.0847517532884,77596400
2017-08-24,37.131378173828125,37.47408659209715,36.96352084417168,37.401811820626165,79275600
2017-08-25,37.26893615722656,37.4321298359122,37.13138745357405,37.21997627494317,101920400
2017-08-28,37.64427947998047,37.767840649368395,37.28524986687383,37.334209744062925,103864000
2017-08-29,37.9799919128418,38.028948229742845,37.30156877694594,37.32488368037345,118067600
2017-08-30,38.08256912231445,38.2084603428615,37.91004809818634,38.18747906566275,109078400
2017-08-31,38.23410415649414,38.35533523890325,38.11287307408504,38.15017549288083,107140400
2017-09-01,38.24578094482422,38.45327086292426,38.14786471399281,38.420632119313794,66364400
2017-09-05,37.78649139404297,38.292393517744884,37.432125477758476,38.175826109776104,117874000
2017-09-06,37.74686813354492,37.99865422321659,37.42281080243483,37.93337674337829,86606800
2017-09-07,37.5953254699707,37.8238001893692,37.38550552322698,37.78882782667486,87714000
2017-09-08,36.9821891784668,37.56968654695089,36.958874266247335,37.502078993284286,114446000
2017-09-11,37.651275634765625,37.779500504745165,37.27592841029202,37.41814080111383,126323200
2017-09-12,37.5020637512207,38.224783048013585,37.01481287713145,37.910049647749496,286856000
2017-09-13,37.219974517822266,37.29224930394388,36.81432218671921,37.27126446546717,179629600
2017-09-14,36.900569915771484,37.161679711360556,36.856273741729595,37.066097162345805,95042800
2017-09-15,37.273597717285156,37.5277138279372,36.835303099019114,36.944876753585625,196458400
2017-09-18,36.99150848388672,37.418145712349464,36.83530855172097,37.32722325758565,113077600
2017-09-19,37.00550079345703,37.247963075761696,36.93789323931518,37.18734572650744,83242400
2017-09-20,36.38534927368164,36.89591148810429,35.863126050647985,36.811982819355215,211805600
2017-09-21,35.76054382324219,36.322399497770945,35.61133770608045,36.322399497770945,150046800
2017-09-22,35.410850524902344,35.499442902004716,35.100780762399374,35.329251908375916,186581600
2017-09-25,35.098453521728516,35.396865854855974,34.774396211971876,34.967898570654704,177549200
2017-09-26,35.702274322509766,35.88411923893049,35.364229468002314,35.3852107528149,146640000
2017-09-27,35.956382751464844,36.070620095370714,35.79551915443488,35.85613648511578,102016800
2017-09-28,35.734901428222656,35.96803622540958,35.59968281897168,35.87711379680086,88022000
2017-09-29,35.93074035644531,35.93307398154975,35.43649563463179,35.71859035590698,105199200
2017-10-02,35.858463287353516,36.007669418176675,35.604347207215675,35.9633732366682,74795200
2017-10-03,36.01466369628906,36.15687606969623,35.881778707204724,35.90509005330215,64921200
2017-10-04,35.781532287597656,35.87012466029969,35.543737325116126,35.81650464609564,80655200
2017-10-05,36.226829528808594,36.238486984494706,35.914429637614404,35.944734753571076,85135200
2017-10-06,36.20583724975586,36.25013343349978,36.03331620710981,36.12890233441458,69630400
2017-10-09,36.331729888916016,36.539219738671264,36.25013483544445,36.3247361288286,65051600
2017-10-10,36.345706939697266,36.83529134892203,36.159201981282166,36.383009354321906,62468000
2017-10-11,36.497257232666016,36.59750349897214,36.31074866289442,36.36203860851548,67622400
2017-10-12,36.36903381347656,36.6884273951515,36.30608641273993,36.45063242766684,64500400
2017-10-13,36.59983825683594,36.66744579232641,36.46461962849979,36.539220924304615,65576800
2017-10-16,37.273597717285156,37.30157275850037,36.753704485667825,36.81198819310298,96486000
2017-10-17,37.4111442565918,37.50439676017066,37.12205580372936,37.25028066416653,75989200
2017-10-18,37.2456169128418,37.46709783386233,37.208318045882265,37.399486745122914,65496800
2017-10-19,36.364376068115234,36.620825848350755,36.14056858477861,36.5438909142801,170336800
2017-10-20,36.42731475830078,36.777016979980466,36.35970722734556,36.51124343379811,95896400
2017-10-23,36.40867233276367,36.76303833231093,36.25247239626695,36.576529724267324,87937200
2017-10-24,36.6254768371582,36.70007811994076,36.41565339228846,36.43663466956906,71028800
2017-10-25,36.464603424072266,36.730376869976766,36.198829978167765,36.581170787317284,84828400
2017-10-26,36.697750091552734,36.79566628165683,36.55087402771921,36.6557839773054,68002000
2017-10-27,38.01263427734375,38.14085914374413,36.99849635632413,37.13604505057401,177816800
2017-10-30,38.86824035644531,39.18297380971977,38.16883584459568,38.20846834005119,178803200
2017-10-31,39.40910720825195,39.551319586418295,38.91952623556408,39.14333366383427,144187200
2017-11-01,38.90787124633789,39.618933182180236,38.609458951518015,39.60261203671337,134551200
2017-11-02,39.192283630371094,39.28320604212101,38.53251184978414,38.84025143254019,165573600
2017-11-03,40.21574401855469,40.62605989427049,39.894016928052984,40.56544614045516,237594400
2017-11-06,40.62373733520508,40.79625836120741,40.03390659851328,40.18544278973433,140105200
2017-11-07,40.754302978515625,40.85688288274763,40.47221179923316,40.54448303429965,97446000
2017-11-08,41.087677001953125,41.087677001953125,40.642388695693164,40.71932360389682,97638000
2017-11-09,41.003753662109375,41.055043607575804,40.36496296870802,40.82423885297688,117930400
2017-11-10,40.86804962158203,41.0341719661069,40.77446188137926,40.97099827789114,100582000
2017-11-13,40.70426940917969,40.828274771872465,40.57090313035342,40.59430185054368,67928400
2017-11-14,40.08892059326172,40.58962251595852,40.05148406797848,40.48667385650138,99130000
2017-11-15,39.560150146484375,39.85027791417302,39.396369781718285,39.76838594671788,116632400
2017-11-16,40.03278350830078,40.21294015580813,39.845604385948064,40.05149820740572,94550000
2017-11-17,39.81049346923828,40.10062119394135,39.69116855761888,40.01872923861939,87598000
2017-11-20,39.77071762084961,39.90642234859549,39.67244941871851,39.8432486578885,65049600
2017-11-21,40.510074615478516,40.64109889041839,39.957898335272105,39.957898335272105,100525200
2017-11-22,40.935909271240234,40.945266618461126,40.4890200758842,40.56155111981388,102355600
2017-11-24,40.9382438659668,41.06224923331061,40.86337081466449,40.96866148932631,56106800
2017-11-27,40.73234176635742,40.96397622523732,40.55686208936625,40.956957323769124,82867200
2017-11-28,40.49369812011719,40.91484655268083,40.210589294086674,40.78148383440733,105715200
2017-11-29,39.653724670410156,40.45859198877118,39.110909418349486,40.39074142106722,166665600
2017-11-30,40.20824432373047,40.27609489391926,39.41039587728747,39.87599966375106,166108800
2017-12-01,40.02106475830078,40.16612681204002,39.424433156736974,39.76369314346366,159037200
2017-12-04,39.72860336303711,40.3884051547969,39.68882839422034,40.355649088115825,130169600
2017-12-05,39.69116973876953,40.13104001218324,39.40104200543269,39.5554650039899,109400800
2017-12-06,39.54375457763672,39.82218287193415,38.94712659859109,39.190456819322876,114240000
2017-12-07,39.616302490234375,39.878351057626205,39.52037272176273,39.548448333942154,102693200
2017-12-08,39.62799835205078,40.0093754121684,39.49931608257127,39.890050490050605,93420800
2017-12-11,40.40009689331055,40.45157121269032,39.492280973495845,39.588210711443864,141095200
2017-12-12,40.173152923583984,40.33459482276244,40.11700170310015,40.27844003213489,77636800
2017-12-13,40.3065185546875,40.6036616119481,40.24334486253051,40.360331330154146,95273600
2017-12-14,40.29481506347656,40.507731269561084,40.16144879038737,40.33692847383528,81906000
2017-12-15,40.70426940917969,40.751063279416755,40.35097158322487,40.62471947276233,160677200
2017-12-18,41.277496337890625,41.45999490432386,40.91249920502416,40.91717966240892,117684400
2017-12-19,40.8376350402832,41.03651346570218,40.732347932179394,40.952283065190386,109745600
2017-12-20,40.79317092895508,41.04352004102671,40.53579934631823,40.914834249708285,93902400
2017-12-21,40.94758987426758,41.183904753131266,40.73467728013545,40.75105352423365,83799600
2017-12-22,40.94758987426758,41.043519605882686,40.82826499820611,40.870378400295124,65397600
2017-12-26,39.90877151489258,40.11934576146174,39.70053214264536,39.96258429876794,132742000
2017-12-27,39.9157829284668,39.9578963418206,39.707547165438044,39.79879646451484,85992800
2017-12-28,40.0280876159668,40.20824776415976,39.88770243579035,40.00936935393371,65920800
2017-12-29,39.59523391723633,39.91343721247929,39.59289547342585,39.89706096551949,103999600
2018-01-02,40.30417251586914,40.31353343162475,39.60225378021744,39.812831542998936,102223600
2018-01-03,40.297157287597656,40.839976206320266,40.23398716613362,40.36734988159022,118071600
2018-01-04,40.48432922363281,40.587277867352185,40.262055690225814,40.36968122128297,89738400
2018-01-05,40.945247650146484,41.03181645987556,40.48900131893045,40.58025058517366,94640000
2018-01-08,40.79317092895508,41.0879754571315,40.69489918275364,40.79317092895508,82271200
2018-01-09,40.788490295410156,40.959289488524796,40.57323568638315,40.83996461171473,86336000
2018-01-10,40.779144287109375,40.78148630152458,40.47732074949381,40.51475727869783,95839600
2018-01-11,41.010772705078125,41.059908588629746,40.82593567106534,40.849330820735744,74670800
2018-01-12,41.43427276611328,41.49744646821115,41.09735111511696,41.22135650469974,101672400
2018-01-16,41.22368621826172,41.97239879142603,41.2119868591207,41.623777881825276,118263600
2018-01-17,41.9045524597168,41.939646970546875,40.961641853884466,41.21432947214807,137547200
2018-01-18,41.941978454589844,42.13851839305448,41.705667123879905,41.96771561497552,124773600
2018-01-19,41.75481033325195,42.01685887036376,41.50913804463785,41.78990484442101,129700400
2018-01-22,41.413211822509766,41.59571043645508,41.3196240713074,41.48340442098347,108434400
2018-01-23,41.42257308959961,41.98411036038649,41.37110232066807,41.483408346767774,130756400
2018-01-24,40.76276779174805,41.4834049089433,40.52411438218777,41.471705547369424,204420400
2018-01-25,40.035099029541016,40.93355401821586,39.89939433279178,40.830605381361764,166116000
2018-01-26,40.12870407104492,40.24335211522979,39.789443967823296,40.24335211522979,156572000
2018-01-29,39.298095703125,39.81283544569889,39.089859933941504,39.81283544569889,202561600
2018-01-30,39.06645965576172,39.16004739790291,38.53534011524448,38.7295380718238,184192800
2018-01-31,39.17409133911133,39.41040631577507,38.95649819798095,39.04306705153036,129915600
2018-02-01,39.2559814453125,39.452517867378766,39.01732803557838,39.11325780235259,188923200
2018-02-02,37.55265808105469,39.026688364620185,37.45907033009402,38.839509292555,346375200
2018-02-05,36.61442565917969,38.3434854954354,36.499777636480054,37.22509515859577,290954000
2018-02-06,38.14461135864258,38.30605327216174,36.03183581681367,36.226033801905984,272975200
2018-02-07,37.32803726196289,38.231172856032934,37.218073276522176,38.15864182365693,206434400
2018-02-08,36.300899505615234,37.66964260600261,36.27282389580829,37.50352025097628,217562000
2018-02-09,36.744911193847656,37.09260194445449,35.295412891463684,36.89996378245455,282690400
2018-02-12,38.22495651245117,38.50216852680545,37.00333379549357,37.235912711121244,243278000
2018-02-13,38.607879638671875,38.70420051241455,37.975925806374015,38.0464045819101,130196800
2018-02-14,39.3197021484375,39.359639279128274,38.26488298242506,38.302468550622955,162579600
2018-02-15,40.639991760253906,40.66348229136409,39.70263246077714,39.88822307075236,204588800
2018-02-16,40.50843811035156,41.06991676593039,40.35338910191299,40.491995093642714,160704400
2018-02-20,40.37217712402344,40.938348059316176,40.27115672319348,40.419161773030865,135722000
2018-02-21,40.18893814086914,40.90546216900995,40.17483951865487,40.6024081083395,149886400
2018-02-22,40.52489471435547,40.86553803994185,40.33930402017819,40.360446583179325,123967600
2018-02-23,41.22967529296875,41.26491289780053,40.769216943197904,40.79975859051905,135249600
2018-02-26,42.044857025146484,42.14352586821339,41.396460234407215,41.429349848762854,152648800
2018-02-27,41.908599853515625,42.399596100612726,41.85456768273009,42.075399491200336,155712400
2018-02-28,41.84516906738281,42.43248618806671,41.82872605204726,42.1129855310267,151128400
2018-03-01,41.112186431884766,42.23513615164839,40.56245862792312,41.94382565443969,195208000
2018-03-02,41.396461486816406,41.417604042820585,40.51313424362813,40.59536007435443,153816000
2018-03-05,41.53977584838867,41.75590816450628,40.99944326574465,41.161543399007854,113605600
2018-03-06,41.504520416259766,41.875705218061974,41.37766151208119,41.79583096044218,95154000
2018-03-07,41.1192512512207,41.3118930122191,40.94070811407803,41.09810869248664,126814000
2018-03-08,41.56795120239258,41.61023630841964,41.12863920562857,41.224956475367556,95096400
2018-03-09,42.28213882446289,42.286838365775004,41.673679066083274,41.80758910823076,128740800
2018-03-12,42.69091796875,42.84831856679929,42.336179628492644,42.35497062657902,128828400
2018-03-13,42.27979278564453,43.10908442263921,42.108297159232286,42.89530009187744,126774000
2018-03-14,41.92034912109375,42.40899741596787,41.77234405342869,42.36201276130099,117473600
2018-03-15,41.96968078613281,42.34321720616517,41.83342636615037,41.934443192119986,90975200
2018-03-16,41.8216667175293,42.08008402680022,41.72769385395043,41.969668152531426,157618800
2018-03-19,41.182682037353516,41.692472927584866,40.79740210449804,41.65723533010099,133787200
2018-03-20,41.16858673095703,41.53507208120745,41.09810795174742,41.16858673095703,78597600
2018-03-21,40.23590850830078,41.13332689688534,40.233556946417025,41.12157984156057,148219600
2018-03-22,39.66740036010742,40.56716704796147,39.60866864715772,39.937564805796335,165963200
2018-03-23,38.74884796142578,39.918783055633824,38.74884796142578,39.55934514365003,164115200
2018-03-26,40.58831787109375,40.665844171294374,39.10123029749921,39.48416225720845,150164800
2018-03-27,39.547584533691406,41.147435786997505,39.21398884136804,40.8020930353932,163690400
2018-03-28,39.110618591308594,39.942261596856255,38.807564550618565,39.291513258456376,166674000
2018-03-29,39.41603088378906,40.34869086628051,39.20929408624951,39.42307840327794,153594000
2018-04-02,39.15760803222656,39.68854503990623,38.638421669404664,39.1482125349196,150347200
2018-04-03,39.55933380126953,39.64390761423454,38.734741813385234,39.38313865631738,121112000
2018-04-04,40.31580352783203,40.40977284946621,38.70890446886859,38.73474657002297,138422000
2018-04-05,40.595359802246094,40.93130347216911,40.42621218594805,40.54367560922729,107732800
2018-04-06,39.55698776245117,40.52018578459094,39.514699061545755,40.16544749918795,140021200
2018-04-09,39.949310302734375,40.66348632700051,39.902325651152246,39.90937316965461,116070800
2018-04-10,40.70106887817383,40.87726398154254,40.29699448767235,40.64233717705092,113634400
2018-04-11,40.51077651977539,40.85846716765119,40.33692940348831,40.4614403162688,89726400
2018-04-12,40.91015625,41.11219345838344,40.65173531438207,40.73866067528926,91557200
2018-04-13,41.048770904541016,41.30953987307731,40.84203769697408,41.06051796495608,100497200
2018-04-16,41.30484390258789,41.391765697170506,41.07226501136739,41.119249668312065,86313600
2018-04-17,41.87336349487305,42.03781157474124,41.44344692448237,41.462241502852926,106421600
2018-04-18,41.779396057128906,42.009626983699256,41.55386825663928,41.77234853740734,83018000
2018-04-19,40.595359802246094,41.20381947450477,40.56247018711588,40.82088756751069,139235200
2018-04-20,38.93208694458008,40.224184920792496,38.86395613476592,40.07853138694167,261964400
2018-04-23,38.819313049316406,39.213988427152856,38.54914502750533,39.19284587149001,146062000
2018-04-24,38.27898025512695,39.075382107078006,37.87490579962444,38.9203295308435,134768000
2018-04-25,38.445777893066406,38.861599424791336,38.15447089081557,38.20380352230031,113528400
2018-04-26,38.57969665527344,38.93443499160171,38.38000735199124,38.5562025308755,111852000
2018-04-27,38.13332748413086,38.60552915559445,37.73630053958174,38.52800286600505,142623200
2018-04-30,38.824012756347656,39.293866490425344,38.020563301238745,38.08869410011174,169709600
2018-05-01,39.72612380981445,39.74961433928861,38.82635372441804,39.09417013637348,214277600
2018-05-02,41.48103713989258,41.758249112359714,40.83028873791382,41.166232425025626,266157600
2018-05-03,41.55622100830078,41.699526566932896,40.98065079516202,41.31894611945424,136272800
2018-05-04,43.186607360839844,43.28527621703222,41.856920403424276,41.875714983370386,224805200
2018-05-07,43.49906921386719,44.08873449049207,43.402748316679364,43.503765171266366,169805600
2018-05-08,43.70814514160156,43.748082279576245,43.149018040556854,43.459123231465554,113611200
2018-05-09,44.01589584350586,44.0252913404696,43.51315251551119,43.82560566387086,92844800
2018-05-10,44.645503997802734,44.723030300623904,44.084028881643164,44.10517502583062,111957200
2018-05-11,44.475704193115234,44.82237867598851,44.20685496134849,44.6879558593665,104848800
2018-05-14,44.37192916870117,44.6973795056611,44.30353925656138,44.574745471679925,83115200
2018-05-15,43.968666076660156,44.11724188633787,43.65265100074759,44.048848361857765,94780800
2018-05-16,44.37901306152344,44.44504955390993,43.86489930236729,43.88140932509462,76732400
2018-05-17,44.09836959838867,44.55116807100797,43.94979380634148,44.33655939327812,69176000
2018-05-18,43.93800354003906,44.29175270097355,43.895555368017746,44.14553753264784,73190800
2018-05-21,44.249298095703125,44.63606364482012,44.07949823525937,44.336555057853765,73603200
2018-05-22,44.138458251953125,44.54409086890035,44.0488406556325,44.426174494172024,60962800
2018-05-23,44.42145919799805,44.45447564073993,43.80829257733751,43.94743664180622,80233600
2018-05-24,44.37192916870117,44.53465433718114,43.91441666990919,44.51814791639791,92936000
2018-05-25,44.47334671020508,44.72568591712509,44.254020350486186,44.39080379663419,69844000
2018-05-29,44.3129768371582,44.51343613465707,44.07006936758996,44.24222988370924,90056400
2018-05-30,44.2186393737793,44.33655574544271,44.048839510702216,44.270522865192966,74762000
2018-05-31,44.070068359375,44.39080106892208,43.8979114457168,44.152611267873816,109931200
2018-06-01,44.86482620239258,44.869540266724215,44.27760132608851,44.334202484769676,93770000
2018-06-04,45.23978805541992,45.614761191261394,45.126589365047714,45.19497926588135,105064800
2018-06-05,45.58882522583008,45.7374009997512,45.364784848273516,45.53222767273398,86264000
2018-06-06,45.74683380126953,45.77041851462867,45.2610189336562,45.66429450155658,83734400
2018-06-07,45.624210357666016,45.79872430858135,45.360075201959646,45.78457491780687,85388800
2018-06-08,45.209144592285156,45.27989514815871,44.753989040222194,45.08415350293508,106627200
2018-06-11,45.09828567504883,45.27280316643322,44.85773891485581,45.12658804570554,73234000
2018-06-12,45.34593200683594,45.423757265251474,45.0794397824303,45.13604095178425,67644400
2018-06-13,44.97330856323242,45.48742587356639,44.91199333844062,45.37894121591051,86553600
2018-06-14,44.996883392333984,45.17847559309577,44.86009998383357,45.17375793114149,86440400
2018-06-15,44.53465270996094,44.84595364672595,44.3978692921571,44.81529423972038,246876800
2018-06-18,44.511085510253906,44.624284250591025,44.14790097049282,44.30826915128323,73939600
2018-06-19,43.791786193847656,43.94271901773257,43.26351951098928,43.662077454917885,134314000
2018-06-20,43.982818603515625,44.147900849078894,43.80122633413449,43.947445121796015,82514800
2018-06-21,43.737552642822266,44.4191092904368,43.61491857931583,44.159691771196826,102847600
2018-06-22,43.610198974609375,43.90027229792236,43.558315473070756,43.89319760212371,108801600
2018-06-25,42.96165466308594,43.61019477128706,42.62205490339157,43.25172795844052,126652400
2018-06-26,43.49463653564453,43.989886797653796,43.04891273924521,43.15504036576329,98276800
2018-06-27,43.43096160888672,44.166758662861064,43.400302198797014,43.683300788900816,101141200
2018-06-28,43.74697494506836,43.91441778022943,43.34605999142176,43.416810535835204,69460800
2018-06-29,43.654998779296875,44.145531311824726,43.136167469409244,43.93327968606021,90950800
2018-07-02,44.143184661865234,44.17148704671065,43.25645457137767,43.3507898566571,70925200
2018-07-03,43.374366760253906,44.32477262604797,43.28474914758595,44.28703851560642,55819200
2018-07-05,43.72338104248047,43.961574371999696,43.45924957060001,43.690364608495415,66416800
2018-07-06,44.3294677734375,44.43794878770318,43.67621026250008,43.72809373837358,69940800
2018-07-09,44.94499206542969,44.968573174043776,44.6431265264092,44.69029234215845,79026400
2018-07-10,44.890769958496094,45.11009271096756,44.8506752202268,44.97566990105466,63756400
2018-07-11,44.308258056640625,44.75633884056429,44.24458220679138,44.45447320956941,75326000
2018-07-12,45.0511360168457,45.14075362545193,44.64550334429064,44.69738684416554,72164400
2018-07-13,45.121883392333984,45.24215680710404,45.02047343207802,45.062925201040784,50055600
2018-07-16,45.0228385925293,45.43318534216058,44.90727923050014,45.16669673769916,60172400
2018-07-17,45.150184631347656,45.24923396629142,44.61956088081296,44.749269628425964,62138000
2018-07-18,44.902549743652344,45.23271772028795,44.791708074173755,45.228000058165804,65573600
2018-07-19,45.25159454345703,45.40960207271725,44.735120184452185,44.735120184452185,81147200
2018-07-20,45.147823333740234,45.38129545886398,44.84831472637009,45.228005607044906,82704800
2018-07-23,45.18791198730469,45.270454886685215,44.70445414490889,44.968585665291265,63957600
2018-07-24,45.515724182128906,45.67137467251111,45.2916837724395,45.38601544014374,74791600
2018-07-25,45.94493103027344,45.95200572380578,45.381287389704944,45.529863150927376,66839600
2018-07-26,45.801090240478516,46.21379764560685,45.65958911931103,45.89542192224151,76304000
2018-07-27,45.03933334350586,46.03219071080195,44.83180299005585,45.98502488495066,96096000
2018-07-30,44.78699493408203,45.32705030624448,44.58889630312897,45.256299767040694,84118000
2018-07-31,44.876609802246094,45.312901803761946,44.65256942249011,44.8789704326629,157492000
2018-08-01,47.52030944824219,47.58162468109423,46.532169435316554,46.961386860849764,271742800
2018-08-02,48.90935134887695,49.14282705476914,47.24909045809848,47.303330980206844,249616000
2018-08-03,49.05086898803711,49.22774360109267,48.45892631328963,48.82446789997577,133789600
2018-08-06,49.30556106567383,49.348009238803435,48.83389550544632,49.05321826366124,101701600
2018-08-07,48.84333038330078,49.40697062018199,48.76078746552856,49.36452244431482,102349600
2018-08-08,48.8763427734375,49.00840855209186,48.2325203032362,48.59334416224635,90102000
2018-08-09,49.260746002197266,49.472994037920536,48.86454511071905,49.414035850383826,93970400
2018-08-10,49.114017486572266,49.485575177649636,48.91048987483557,49.07378574614256,98444800
2018-08-13,49.43113708496094,49.9233899602011,49.154245519727546,49.535267986992444,103563600
2018-08-14,49.639400482177734,49.83109437109607,49.28677602737051,49.73643188137967,82992000
2018-08-15,49.75537109375,49.87370102571761,49.303349886959445,49.51397702141606,115230400
2018-08-16,50.48427963256836,50.60024064494456,50.04645747690956,50.11272194430814,114001600
2018-08-17,51.49245071411133,51.58001370324593,50.44641460805595,50.51267907731609,141708000
2018-08-20,50.990718841552734,51.87108991909747,50.907886472384135,51.615500529219744,121150800
2018-08-21,50.891334533691406,51.4001553976594,50.65230937590978,51.3078581970167,104639200
2018-08-22,50.893699645996094,51.20372346063428,50.607339648826624,50.66887351875901,76072400
2018-08-23,50.997833251953125,51.36702204650788,50.78720612628316,50.799036230072055,75532800
2018-08-24,51.15639877319336,51.331524767256205,50.907905185486186,51.26052969460536,73905600
2018-08-27,51.5776481628418,51.766976764615386,51.196625660811684,51.39068485955114,82100400
2018-08-28,51.994171142578125,52.192964560685056,51.80957673845841,51.83087525943924,91107200
2018-08-29,52.77041244506836,52.89111127993572,51.92553865671049,52.10066463492159,109019200
2018-08-30,53.25556182861328,54.019972076612355,52.63314531345547,52.83430761557534,195175200
2018-08-31,53.870880126953125,54.164336015200355,53.485123435107745,53.605818652582734,173360400
2018-09-04,54.04364776611328,54.23770698067207,53.634227204341904,54.05548148177805,109560400
2018-09-05,53.69102096557617,54.353669291891656,53.27213561587266,54.19274232139055,133332000
2018-09-06,52.79881286621094,53.804617207503874,52.37282442296422,53.539555725515555,137160000
2018-09-07,52.372825622558594,53.33602933601762,52.233197177478694,52.50298926252407,150479200
2018-09-10,51.66994857788086,52.502992310884245,51.22976108607632,52.28999626644421,158066000
2018-09-11,52.9763069152832,53.08280312163129,51.25105465010244,51.59421069773185,142996000
2018-09-12,52.318397521972656,53.24846904799571,52.02730329115404,53.23427003403245,197114800
2018-09-13,53.58216857910156,54.04128936077175,52.673395433957964,52.898221615694666,166825600
2018-09-14,52.97394943237305,53.683929109361706,52.66156025229259,53.425970693396906,127997200
2018-09-17,51.563453674316406,52.76331733842613,51.41909100904988,52.57398872003908,148780400
2018-09-18,51.64864730834961,52.502989516991164,51.383585819005404,51.542147486225396,126286800
2018-09-19,51.679405212402344,51.97522999584311,50.95286142206586,51.710172145445746,108495200
2018-09-20,52.072261810302734,52.60474642477888,51.86400000551983,52.121961963223164,106435200
2018-09-21,51.51138687133789,52.387027646018495,51.42382026606977,52.24976449154423,384986800
2018-09-24,52.252132415771484,52.363362846345964,51.26763007640745,51.31259603061541,110773600
2018-09-25,52.58345413208008,52.732550997350124,51.99416978895151,52.006003504013755,98217600
2018-09-26,52.16455841064453,52.95263606451722,52.00836205881916,52.30182154305388,95938800
2018-09-27,53.236629486083984,53.58925394239841,52.90293825002227,52.969206326478,120724800
2018-09-28,53.42359924316406,53.44726306298628,53.01654398633508,53.19876948242372,91717600
2018-10-01,53.7833251953125,54.2945114233787,53.567967440306184,53.94662109687337,94403200
2018-10-02,54.26136779785156,54.4317631714536,53.634220666637496,53.78094861179492,99152800
2018-10-03,54.921661376953125,55.252983772290044,54.37970821676377,54.443607396987055,114619200
2018-10-04,53.95608139038086,54.987918497825,53.657887663337085,54.61636079385546,128168000
2018-10-05,53.08043670654297,54.05547775401999,52.202430676368174,53.948981542667234,134322000
2018-10-08,52.95737838745117,53.201137756680225,52.11250094585972,52.58818958011952,118655600
2018-10-09,53.69102096557617,53.785687075702874,52.597653574398485,52.9266106334102,107564000
2018-10-10,51.20372772216797,53.567961035959435,51.130363742966665,53.35733390390222,167962400
2018-10-11,50.751705169677734,51.946838159353845,50.247622134232415,50.76827309287209,212497600
2018-10-12,52.564517974853516,52.74674706543594,51.31731958871107,52.16456226162704,161351600
2018-10-15,51.44038009643555,52.49824981109706,51.41908157869824,52.33968816048203,123164000
2018-10-16,52.5739860534668,52.77278307881881,51.29838956224378,51.81194102118885,116736000
2018-10-17,52.346797943115234,52.68995403710675,51.908975733135755,52.609490546874305,91541600
2018-10-18,51.123268127441406,52.00364316715554,50.40855428097603,51.55872143859332,130325200
2018-10-19,51.90186309814453,52.363349012038746,51.456941493394126,51.60603833139924,132314800
2018-10-22,52.218994140625,52.8603439191293,51.81430782182485,52.015466526416446,115168400
2018-10-23,52.71125030517578,52.83431444512656,50.81087189308462,51.07829869399411,155071200
2018-10-24,50.90317153930664,53.066242647781394,50.77300788610359,52.68048950792541,163702000
2018-10-25,52.0178337097168,52.39175669137161,51.296020473330685,51.523215509312536,119423200
2018-10-26,51.18952941894531,52.11013614750111,50.3304529551545,51.09486330644962,189033600
2018-10-29,50.228675842285156,51.9917905805729,48.77321594644914,51.873460683893974,183742000
2018-10-30,50.47953414916992,50.92445210073201,49.52579548020579,49.97071343176788,146640000
2018-10-31,51.795387268066406,52.17167565263272,51.26526777762745,51.326801664433944,153435600
2018-11-01,52.590553283691406,52.623685518956215,51.310222601060566,51.840341976440314,233292800
2018-11-02,49.10219192504883,50.562382982053656,48.61703843860605,49.59207962031137,365314800
2018-11-05,47.708251953125,48.3709001672699,46.89887580704983,48.349601650275304,264654800
2018-11-06,48.22417068481445,48.448996782971804,47.73191784473801,47.78634859013266,127531600
2018-11-07,49.686737060546875,49.712769789684685,48.30937854826853,48.74483182553473,133697600
2018-11-08,49.513362884521484,49.90046186109532,49.10013672914629,49.867214029541586,101450400
2018-11-09,48.558685302734375,48.92441156528244,48.03146693327073,48.815170208722876,137463200
2018-11-12,46.11257553100586,47.46149553599907,46.02232984925231,47.25963133957427,204542000
2018-11-13,45.65185546875,46.827408453582805,45.46661699229114,45.509366284258455,187531600
2018-11-14,44.3623161315918,46.18620401920022,44.15570117063731,46.0484619198116,243204000
2018-11-15,45.45711135864258,45.59010269083282,44.38604917682222,44.73990396148286,185915200
2018-11-16,45.96059799194336,46.302577910996455,44.9940332715925,45.241016755495586,147713200
2018-11-19,44.13907241821289,45.28850181754832,43.93246111209579,45.122262627353955,167701200
2018-11-20,42.03020095825195,43.09651261910129,41.68109683232495,42.36030580111065,271300800
2018-11-21,41.98270034790039,42.81152632280583,41.928079679401435,42.68328208090455,124496800
2018-11-23,40.91640090942383,41.939967101500436,40.87128168001678,41.54574005409915,94496000
2018-11-26,41.46974182128906,41.54811251832869,40.434304272853666,41.37949974109404,179994000
2018-11-27,41.379493713378906,41.50536079593518,40.58154192418176,40.73115539333304,165549600
2018-11-28,42.970645904541016,43.05376369196034,41.54335510075574,41.97082991406699,184250000
2018-11-29,42.64054489135742,43.41237317618883,42.201195033571544,43.379125333484275,167080000
2018-11-30,42.410179138183594,42.82577894068575,42.04207573121886,42.81627748733265,158126000
2018-12-03,43.892093658447266,43.920590773009714,43.03477043251187,43.80659869101698,163210000
2018-12-04,41.961334228515625,43.31500152005368,41.86159070426997,42.97302165192976,165377200
2018-12-06,41.49349594116211,41.50774450135325,40.472306850453954,40.7905367738684,172393600
2018-12-07,40.013946533203125,41.43886000802024,39.96882369336847,41.20137442888405,169126400
2018-12-10,40.277557373046875,40.39392299254589,38.78852171429132,39.18512221335925,248104000
2018-12-11,40.04719161987305,40.79764324437658,39.66008899286023,40.76677258535312,189126800
2018-12-12,40.158817291259766,40.828524813618266,40.13981800799348,40.46754567904434,142510800
2018-12-13,40.598167419433594,40.98289660129505,40.265688989423055,40.48892605974861,127594400
2018-12-14,39.29911804199219,40.15406769431689,39.25162164436145,40.13506841051603,162814800
2018-12-17,38.933380126953125,39.98069223126717,38.64602102822434,39.29198198890727,177151600
2018-12-18,39.43923568725586,39.785962637088474,39.0402579913097,39.275370041978476,135366000
2018-12-19,38.20906448364258,39.7669697026103,37.78158960679332,39.422616249277915,196189200
2018-12-20,37.244869232177734,38.498792982639806,36.88151653310877,38.09269098875768,259092000
2018-12-21,35.796207427978516,37.56072751526206,35.53497541336422,37.251995476406,382978400
2018-12-24,34.87000274658203,35.99093480050358,34.81300491166097,35.183481779293345,148676800
2018-12-26,37.325618743896484,37.33986730293272,34.84389445485186,35.21912221236073,234330000
2018-12-27,37.083377838134766,37.230621385586616,35.639468468150554,37.00975787628032,212468400
2018-12-28,37.102378845214844,37.64622296552479,36.70340472744858,37.403986609027776,169165600
2018-12-31,37.46098709106445,37.84571267784769,37.16175285801671,37.64859915688964,140014000
2019-01-02,37.503726959228516,37.724590460067255,36.6274044817337,36.784145853458895,148158800
2019-01-03,33.76808547973633,34.606409542440964,33.72296262600118,34.19318320289865,365248800
2019-01-04,35.2096061706543,35.27847900912154,34.15042265199752,34.32378608802359,234428400
2019-01-07,35.13124084472656,35.34498004544206,34.64914539714357,35.3141057597988,219111200
2019-01-08,35.80095672607422,36.055068075400506,35.27136481535477,35.51834826233486,164101200
2019-01-09,36.408912658691406,36.6986453479839,35.534967488442895,35.929190786032024,180396400
2019-01-10,36.52528762817383,36.56565974711911,35.82707935334201,36.2165556097032,143122800
2019-01-11,36.16668701171875,36.501542638359126,35.98144849990563,36.30680629526423,108092800
2019-01-14,35.62284851074219,35.924456309448,35.437609988385816,35.824712768467144,129756800
2019-01-15,36.35192108154297,36.42791458616587,35.634713583499995,35.68696070331559,114843600
2019-01-16,36.7960090637207,37.01924604454484,36.335286549890746,36.35428582738021,122278800
2019-01-17,37.014495849609375,37.441970539893376,36.39703200545008,36.620268989472926,119284800
2019-01-18,37.242496490478516,37.49423066668109,37.04300581658366,37.40398497191301,135004000
2019-01-22,36.406532287597656,37.22110591193668,36.24504024367775,37.14511242707088,121576000
2019-01-23,36.55378341674805,36.84351614102213,36.02656509052752,36.60840409054777,92522400
2019-01-24,36.264041900634766,36.686765879715,36.03605780733446,36.59889738789528,101766000
2019-01-25,37.465736389160156,37.553608547440376,36.648788763312965,36.92426937466275,134142000
2019-01-28,37.118995666503906,37.12611994377185,36.492033900729126,36.99787570546437,104768400
2019-01-29,36.73426818847656,37.55359634769264,36.598903290698956,37.107122292669665,166348800
2019-01-30,39.24449920654297,39.45823481777731,38.05232036425895,38.76952796047286,244439200
2019-01-31,39.52711486816406,40.13507759392993,39.08064065604189,39.44874416345685,162958400
2019-02-01,39.54610824584961,40.13032086817942,39.405988969666886,39.65060250317511,130672400
2019-02-04,40.669410705566406,40.76678067534809,39.72659254412772,39.75746683302016,125982000
2019-02-05,41.36524200439453,41.578981228642604,40.93064652495009,41.051762882070676,144406400
2019-02-06,41.379493713378906,41.695350007409324,41.04938886264292,41.476860058781234,112958400
2019-02-07,40.595794677734375,41.30825157661004,40.45330184846197,40.94252167255768,126966800
2019-02-08,40.643497467041016,40.70312351098446,40.16887284710859,40.30482197415641,95280000
2019-02-11,40.409759521484375,40.83430028954994,40.36683051801173,40.79613874916217,83973600
2019-02-12,40.75796890258789,40.784204501347254,40.47414841763224,40.569552249159045,89134000
2019-02-13,40.588626861572266,41.137187031192965,40.52661710438461,40.877218430046,89960800
2019-02-14,40.736507415771484,40.846217281030114,40.39783197721137,40.47653877930612,87342800
2019-02-15,40.64588165283203,40.951166710090945,40.486084289992206,40.84384055765046,98507200
2019-02-19,40.76751708984375,40.88915654884462,40.4240741331249,40.47654534303019,75891200
2019-02-20,41.029869079589844,41.337541474435355,40.78182636217737,40.82952646483924,104457600
2019-02-21,40.79852294921875,41.11096283125137,40.61726108922249,40.97501734607539,68998800
2019-02-22,41.254058837890625,41.26121367050578,40.87483815215059,40.92253824934637,75652800
2019-02-25,41.554569244384766,41.945715831476846,41.48778838604835,41.53787584944258,87493600
2019-02-26,41.57842254638672,41.809771827642344,41.30175690127716,41.430551160576144,68280800
2019-02-27,41.70722198486328,41.73822869074752,41.19682321958781,41.311307838567444,111341600
2019-02-28,41.29698944091797,41.71675904686079,41.242134508972,41.5760424809069,112861600
2019-03-01,41.7310676574707,41.773996653747055,41.234978633444705,41.56649922650965,103544800
2019-03-04,41.94095230102539,42.39410868782575,41.4925633764932,41.902790767174956,109744800
2019-03-05,41.86463928222656,41.97673654026667,41.62851882904494,41.962426871459,78949600
2019-03-06,41.62373733520508,41.855086607706475,41.48540451788479,41.659511495165575,83241600
2019-03-07,41.141963958740234,41.60466257047475,41.027482991072056,41.46871346445025,99185600
2019-03-08,41.239749908447266,41.27791144259841,40.42644995336146,40.62202508642293,95997600
2019-03-11,42.668392181396484,42.72086338701754,41.82170533647012,41.855095772839455,128044000
2019-03-12,43.14778137207031,43.56754731458191,42.7804829879991,42.93074174869042,129870400
2019-03-13,43.338584899902344,43.71780557424151,43.15016460861008,43.46737552238741,124130000
2019-03-14,43.82036209106445,43.9086110924784,43.5413127001033,43.86090735580744,94318000
2019-03-15,44.39039611816406,44.67898777270598,43.8227586534145,44.08749843461794,156171600
2019-03-18,44.84355545043945,44.931800829531916,44.31168852645204,44.314075897314986,104879200
2019-03-19,44.48816680908203,45.07488846111762,44.34267917125134,44.92224599185948,126585600
2019-03-20,44.87693786621094,45.19414879506152,44.05886680985221,44.416623003991106,124140800
2019-03-21,46.52976608276367,46.82551249017216,45.27046466941773,45.320552133949356,204136800
2019-03-22,45.56621551513672,47.14988281885893,45.501818379976086,46.58939664841029,169630800
2019-03-25,45.0152702331543,45.78802127537282,44.50487154702467,45.67592404455743,175381200
2019-03-26,44.55018997192383,46.00268305675248,44.02309782192176,45.71170769350031,199202000
2019-03-27,44.95088195800781,45.25855074113513,44.49295438071244,45.01766283557475,119393600
2019-03-28,45.01050567626953,45.2108482986207,44.726685141629694,45.065360614447535,83121600
2019-03-29,45.303863525390625,45.33487023011922,44.96757179333069,45.275244191354744,94256000
2019-04-01,45.61153030395508,45.71646906225277,44.92940835895731,45.70693049851085,111448000
2019-04-02,46.27456283569336,46.379505213666505,45.56620542365809,45.57574398561771,91062800
2019-04-03,46.59178161621094,46.86605990037226,46.06706963719681,46.09092150507348,93087200
2019-04-04,46.67287826538086,46.83505934250355,46.06469194760166,46.458222344190496,76457200
2019-04-05,46.98531723022461,47.009169100776084,46.730116044604905,46.85413922076049,74106400
2019-04-08,47.72467041015625,47.755673467497736,46.82789269236552,46.84697345649762,103526800
2019-04-09,47.58156967163086,48.380559891254,47.51717254330135,47.7771447875635,143072800
2019-04-10,47.84870147705078,47.8773244498053,47.26675076793066,47.38600284310168,86781200
2019-04-11,47.450401306152344,47.939335555847514,47.32876549622773,47.90356138801222,83603200
2019-04-12,47.431312561035156,47.73421380848301,46.796894375967724,47.510019356322424,111042800
2019-04-15,47.517173767089844,47.66504879296179,47.226198455924894,47.36214754820143,70146400
2019-04-16,47.52193832397461,48.02756581308935,47.35736992515956,47.57202578246403,102785600
2019-04-17,48.44734191894531,48.50696794754076,47.36930230294008,47.59110938245884,115627200
2019-04-18,48.6214599609375,48.69062456855269,48.301865248411815,48.44496556601438,96783200
2019-04-22,48.781246185302734,48.879033745551126,48.25892159292873,48.37578991902685,77758000
2019-04-23,49.484825134277344,49.549222254401556,48.63098009746342,48.75738696778805,93292000
2019-04-24,49.408512115478516,49.723335647068595,49.38227651790569,49.456212209442604,70162400
2019-04-25,48.96012496948242,49.55161416212724,48.92196343723849,49.32980707961694,74172800
2019-04-26,48.72638702392578,48.89333916149856,48.20644620773211,48.869487296438024,74596400
2019-04-29,48.800331115722656,49.12469688428121,48.62145301481061,48.750243646182206,88818800
2019-04-30,47.860618591308594,48.51173378273669,47.4885527676354,48.43064325999435,186139600
2019-05-01,50.209896087646484,51.35232939695796,49.9022236875031,50.057253572929376,259309200
2019-05-02,49.88312911987305,50.71789343741812,49.639857567615536,50.04769752476017,127985200
2019-05-03,50.50325393676758,50.52471843691336,50.140726608516964,50.298140221488424,83569600
2019-05-06,49.72333908081055,49.809200711588794,48.53558955444818,48.72400621236716,129772400
2019-05-07,48.382938385009766,49.47051642035154,47.89877538804212,49.1032217341043,155054800
2019-05-08,48.39248275756836,48.97443337179271,48.11820448511399,48.15397864611798,105358000
2019-05-09,47.87255096435547,48.10151289928511,46.90422474446259,47.79622789318936,139634400
2019-05-10,47.2093505859375,47.60918957732427,46.15349960538394,47.266813330080936,164834800
2019-05-13,44.465576171875,45.36580404744378,43.7784343150076,44.94202857472407,229722400
2019-05-14,45.16947555541992,45.41847349035006,44.39135198547642,44.63077462238211,146118800
2019-05-15,45.71056365966797,45.909284861741796,44.5373943474672,44.59724999917742,106178800
2019-05-16,45.50944519042969,46.08166501987308,45.21255987117796,45.468743789558665,132125600
2019-05-17,45.250877380371094,45.70577891917145,44.71456937030482,44.75527077928806,131516400
2019-05-20,43.83587646484375,44.13755123427518,43.16309964301399,43.93883006731114,154449200
2019-05-21,44.67626953125,45.01145979178377,44.22136428818292,44.34586509350968,113459200
2019-05-22,43.761653900146484,44.46316387943133,43.70658773593652,44.211769468379785,118994400
2019-05-23,43.01466369628906,43.22535309271578,42.57173044037936,43.04818271299096,146118800
2019-05-24,42.84946060180664,43.608429762680224,42.76566123520502,43.14394936030299,94858800
2019-05-28,42.67229461669922,43.237332173533716,42.59568127428577,42.837496817068114,111792800
2019-05-29,42.46878433227539,42.94044717291875,42.13837995674067,42.238937015968816,113924800
2019-05-30,42.689048767089844,42.91171002345526,42.29878877414538,42.60524939880032,84873600
2019-05-31,41.91572189331055,42.61483553961218,41.896567644374954,42.193449369628034,108174400
2019-06-03,41.4919319152832,42.598063014392494,40.766481823880554,42.042604554336634,161584400
2019-06-04,43.009883880615234,43.05537476777668,41.78404110502101,42.00430950042937,123872000
2019-06-05,43.704200744628906,44.290789049992995,43.36901055867717,44.12079739285381,119093600
2019-06-06,44.345848083496094,44.40570372515362,43.61081905035835,43.83348393703956,90105200
2019-06-07,45.52620315551758,45.9499821546274,44.47753471563899,44.65470509073558,122737600
2019-06-10,46.10800552368164,46.77599298149099,45.87815821635535,45.92364909565006,104883600
2019-06-11,46.64190673828125,46.92682015949159,46.35220749640894,46.6538785965326,107731600
2019-06-12,46.49347686767578,46.919648817978434,46.30193805046919,46.436014126524086,73012800
2019-06-13,46.48390197753906,47.11597757221876,46.35222245417614,46.615585154201376,86698400
2019-06-14,46.14631271362305,46.349819729325915,45.56212099174863,45.86139923834012,75046000
2019-06-17,46.421653747558594,46.677837716141795,46.00984653024875,46.184624027838574,58676400
2019-06-18,47.51341247558594,47.95394916644094,46.73768561849317,46.93879971823583,106204000
2019-06-19,47.374549865722656,47.85579164174734,47.240473790931375,47.8079041979227,84496800
2019-06-20,47.75523376464844,48.03056829541135,47.41285754434342,47.97310555578911,86056000
2019-06-21,47.592430114746094,48.08803671259237,47.44159268874081,47.5972195902715,191202400
2019-06-24,47.544532775878906,47.922820862039956,47.44636864871783,47.53495382755675,72881600
2019-06-25,46.82387161254883,47.70733778640023,46.75682993500105,47.50861662405423,84281200
2019-06-26,47.836631774902344,48.12154522701095,47.250047189954486,47.35060423423424,104270000
2019-06-27,47.822265625,48.26040936812675,47.78156422634431,47.95394511635136,83598800
2019-06-28,47.38652420043945,47.76481237594813,47.178227691464755,47.56848407525534,124442400
2019-07-01,48.255619049072266,48.959521979698415,48.04013654706308,48.64348243807098,109012000
2019-07-02,48.53815460205078,48.63392585756341,48.21014672850714,48.2221185921087,67740800
2019-07-03,48.940372467041016,48.94755485247247,48.52856532024344,48.66982377146037,45448000
2019-07-05,48.897281646728516,49.10079233915633,48.57884911730465,48.68659222111898,69062000
2019-07-08,47.88931655883789,48.21971731146836,47.503845969686104,48.07845883336478,101354400
2019-07-09,48.1814079284668,48.2460494035654,47.599609079485354,47.69298375237137,82312000
2019-07-10,48.65786361694336,48.77757494066493,48.2580282341093,48.32746284771562,71588400
2019-07-11,48.30350875854492,48.93558426605638,48.29393346215335,48.677007423897294,80767200
2019-07-12,48.67461395263672,48.84220903730102,48.41124763866507,48.47110328699509,70380800
2019-07-15,49.13191223144531,49.28992836732956,48.84220928460961,48.86375644132579,67789600
2019-07-16,48.96192932128906,49.34739991342239,48.72250668402115,48.98347648185129,67467200
2019-07-17,48.686580657958984,49.103173588115254,48.66742641412559,48.85417572487808,56430000
2019-07-18,49.23965072631836,49.2923239883717,48.77038084256098,48.84220835020634,74162400
2019-07-19,48.50461959838867,49.44076276284486,48.44955342792026,49.27077112361806,83717200
2019-07-22,49.613155364990234,49.61554827599075,48.74883956490333,48.758414862204624,89111600
2019-07-23,50.00101852416992,50.017779860965895,49.62991273666517,49.91004041383206,73420800
2019-07-24,49.96031951904297,50.075241357956344,49.601185575801686,49.72089689021544,59966400
2019-07-25,49.56527328491211,50.096791809335336,49.495838677205825,50.01299242853102,55638400
2019-07-26,49.737648010253906,50.21409660563263,49.59399300114856,49.67539580143556,70475600
2019-07-29,50.2021369934082,50.43198433339106,49.90525526033395,49.91004473601888,86693600
2019-07-30,49.98664855957031,50.317052906207756,49.634697056404036,49.98185908479763,135742800
2019-07-31,51.00658416748047,53.00097467114659,50.58999122184964,51.815833646333566,277125600
2019-08-01,49.90285110473633,52.20130954173058,49.49822997674807,51.21249302793154,216071600
2019-08-02,48.84700393676758,49.42400967424095,48.274784021316925,49.20853077764251,163448400
2019-08-05,46.28997039794922,47.561303978461524,46.108010514374186,47.40328781920137,209572000
2019-08-06,47.166259765625,47.422443742301255,46.45756714849681,47.001057560598184,143299200
2019-08-07,47.6546745300293,47.77917530974308,46.4048918709798,46.7855729428345,133457600
2019-08-08,48.70573425292969,48.72967797252302,47.73846862611717,47.932400333607646,108038000
2019-08-09,48.304386138916016,48.729771632927324,47.89581833034356,48.378888558753715,98478800
2019-08-12,48.181819915771484,48.5591433982837,47.86217750716622,47.97513398491319,89927600
2019-08-13,50.22222900390625,50.98408177249858,48.18180694508748,48.31158840964559,188874000
2019-08-14,48.727378845214844,49.61420571033035,48.688924793129885,48.82591597848995,146189600
2019-08-15,48.4846305847168,49.30175878721862,47.98714105517574,48.89800235789184,108909600
2019-08-16,49.62862014770508,49.78724034646014,48.989335347035194,49.095082146205236,110481600
2019-08-19,50.55388641357422,51.125874631436005,50.47697833917128,50.618773475775505,97654400
2019-08-20,50.55630111694336,51.27489599056535,50.546689438817666,50.68127493565582,107537200
2019-08-21,51.1042594909668,51.346993790769034,50.854315515628436,51.18837726179461,86141600
2019-08-22,51.061004638671875,51.53686158978541,50.650034771451054,51.23644619968191,89014800
2019-08-23,48.70094680786133,50.96247508061348,48.30680190418604,50.332801835741776,187272000
2019-08-26,49.6262092590332,49.794441106144575,49.28253222326784,49.47479876304336,104174400
2019-08-27,49.06624221801758,50.1213008461803,48.91483169869876,49.955470975912974,103493200
2019-08-28,49.3954963684082,49.44116009127208,48.86436404932155,49.051822946314466,63755200
2019-08-29,50.23185729980469,50.30636340005424,49.66707854342665,50.10928913577256,83962000
2019-08-30,50.166969299316406,50.577935508818626,49.796855476567124,50.50824075026929,84573600
2019-09-03,49.436344146728516,49.743969139920104,49.08065343594684,49.61178566616297,80092000
2019-09-04,50.27511978149414,50.344814542362265,49.82569950609764,50.0828531875686,76752400
2019-09-05,51.258060455322266,51.42389028961686,50.83267135872036,50.95043547788671,95654800
2019-09-06,51.25326919555664,51.53205556662174,51.073019955723545,51.443133781801734,77449200
2019-09-09,51.47196578979492,52.017521111519436,50.72693789572652,51.63298798303403,109237600
2019-09-10,52.07999801635742,52.099225036483446,50.88074243182706,51.39745530418963,127111600
2019-09-11,53.73590087890625,53.76474325009253,52.32755338078154,52.40926915409926,177158400
2019-09-12,53.615726470947266,54.41603338856972,53.56045107438245,54.02669627568618,128906800
2019-09-13,52.572689056396484,53.06296532020904,52.15691521661223,52.87310442243304,159053200
2019-09-16,52.84906768798828,52.90434675357643,52.28669102458082,52.32754707272448,84632400
2019-09-17,53.04133605957031,53.07017842826459,52.661610598516674,52.86349251065767,73274800
2019-09-18,53.538822174072266,53.55804919622197,52.73851525459077,53.12785236837871,101360000
2019-09-19,53.10383224487305,53.77675982238734,52.962033385800865,53.356178252850775,88242400
2019-09-20,52.327552795410156,53.48835829201576,52.26506771503566,53.204767926646866,221652400
2019-09-23,52.56546401977539,52.83463493558678,52.30830678135091,52.620739404162656,76662000
2019-09-24,52.315528869628906,53.471530215080406,52.19776839960509,53.12064347326149,124763200
2019-09-25,53.12063980102539,53.2335962580172,52.1857474445808,52.52461681555622,87613600
2019-09-26,52.8466682434082,53.09901788679732,52.591916597251874,52.87310494256668,75334000
2019-09-27,52.58951187133789,53.10382280973313,52.21939810228417,53.002880023860584,101408000
2019-09-30,53.82722854614258,53.9738314040598,53.06296988230488,53.08940658347618,103909600
2019-10-01,53.976234436035156,54.84864192414011,53.882504978673644,54.091596589080204,139223200
2019-10-02,52.62316131591797,53.73349535353158,52.375615676431906,53.60852153239703,138449200
2019-10-03,53.07017517089844,53.10382154299348,51.70268392792921,52.49577750833809,114426000
2019-10-04,54.557830810546875,54.6731929479549,53.80799525329293,54.22857675291312,138478800
2019-10-07,54.569854736328125,55.25960730535331,54.2766490193029,54.37999382145774,122306000
2019-10-08,53.930564880371094,54.81018194958028,53.91374352685756,54.271839962271294,111820000
2019-10-09,54.5626335144043,54.74528471456468,54.22857181467111,54.5626335144043,74770400
2019-10-10,55.29806137084961,55.38217914780831,54.62753582686087,54.7789426913344,113013600
2019-10-11,56.76889419555664,57.11256762430423,55.83159602526527,55.985408550575364,166795600
2019-10-14,56.68717575073242,57.230329070079826,56.39877773778656,56.45405313736609,96427600
2019-10-15,56.55499267578125,57.114963649042345,56.44924588810258,56.812146302927566,87360000
2019-10-16,56.326683044433594,56.535774650500734,56.04549467818475,56.08635073134774,73903200
2019-10-17,56.545387268066406,56.75447521042415,56.122403710198995,56.49972354107331,67585200
2019-10-18,56.816959381103516,57.09814772935947,56.30745241628178,56.37955283902993,97433600
2019-10-21,57.802330017089844,57.91769218114652,57.03567292968683,57.083738664453534,87247200
2019-10-22,57.67013931274414,58.20848130833189,57.58842354511688,57.95853733426326,82293600
2019-10-23,58.44400405883789,58.458427076554564,57.97295482779117,58.184448414812785,75828800
2019-10-24,58.540138244628906,58.8333439248231,58.11474907464559,58.763645508761726,69275200
2019-10-25,59.26113510131836,59.297183477090634,58.37190638286585,58.43919912909384,73477200
2019-10-28,59.85475158691406,59.902817306683154,59.29477696701474,59.46300881979624,96572800
2019-10-29,58.470436096191406,60.022984167085156,58.29740023636161,59.83552529068843,142839600
2019-10-30,58.46323776245117,58.95351773981032,57.97055944930138,58.82373623578815,124522000
2019-10-31,59.78505325317383,59.883590362494004,57.02123219032763,59.4197508487146,139162000
2019-11-01,61.481807708740234,61.508240739941634,59.881193789695324,59.972517565501164,151125200
2019-11-04,61.885555267333984,61.969673022918535,61.37605206348472,61.84469555712721,103272000
2019-11-05,61.79664993286133,62.051401602500036,61.6019813425593,61.777419240231836,79897600
2019-11-06,61.82307815551758,61.883161230177926,61.37365793055572,61.710121681781736,75864400
2019-11-07,62.536590576171875,62.758363326737026,62.218397769161385,62.3702628523427,94940400
2019-11-08,62.707740783691406,62.78005398312433,61.914671700144595,62.3582098215494,69986400
2019-11-11,63.204307556152344,63.26938943205793,62.25937344945544,62.26419187702616,81821200
2019-11-12,63.146446228027344,63.34652498524913,62.89575559310551,63.04761329533837,87388800
2019-11-13,63.751495361328125,63.826221446810386,62.93191395655707,62.9463765952712,102734400
2019-11-14,63.31037902832031,63.85033723289111,63.18020790529742,63.5779452383564,89182800
2019-11-15,64.06249237060547,64.06731080072586,63.39959408814931,63.56109609557387,100206400
2019-11-18,64.38548278808594,64.46502731928551,63.69365943729218,64.07210837908097,86703200
2019-11-19,64.19020080566406,64.60240063049872,63.97325391661299,64.5782937858539,76167200
2019-11-20,63.442955017089844,64.13959672655233,62.77041280435066,64.00943296128311,106234400
2019-11-21,63.158512115478516,63.640619743137286,62.95843333042811,63.56348075718102,121395200
2019-11-22,63.10306930541992,63.44054318535335,62.87647812395486,63.29832231296636,65325200
2019-11-25,64.20951080322266,64.22638633771652,63.281452038993585,63.327252857545794,84020400
2019-11-26,63.7081184387207,64.39994174998013,63.27663002561703,64.3469096134178,105207600
2019-11-27,64.56385040283203,64.59760146667433,63.95398456897874,64.01906644818817,65235600
2019-11-29,64.42162322998047,64.60241356645375,64.09619915305304,64.26493974297915,46617600
2019-12-02,63.676780700683594,64.66268998393599,63.50563454094097,64.42645458192374,94487200
2019-12-03,62.541412353515625,62.560693421017824,61.779681450558876,62.266607486055904,114430400
2019-12-04,63.09344482421875,63.47190120910481,62.83792828119047,62.93194283234788,67181600
2019-12-05,64.01905059814453,64.09378402723857,63.332053307443324,63.58756968958253,74424400
2019-12-06,65.25566864013672,65.32557629817515,64.43367434343493,64.47706961595611,106075600
2019-12-09,64.34207916259766,65.27736166371423,63.85755870346598,65.08452157936348,128042400
2019-12-10,64.71814727783203,65.10142205791261,64.08657994334212,64.74707256593162,90420400
2019-12-11,65.2701187133789,65.34967056737132,64.72292937034965,64.79765544144777,78756800
2019-12-12,65.43646240234375,65.70162305327142,64.43850349697,64.5493861850386,137310400
2019-12-13,66.32593536376953,66.36209195364366,65.30868828251143,65.43644647098425,133587600
2019-12-16,67.4613265991211,67.6855122693703,66.7670976938844,66.77191612256408,128186000
2019-12-17,67.5938949584961,67.92172458582058,67.20579452656094,67.39141065519956,114158400
2019-12-18,67.43238067626953,67.95305771312601,67.28292851276375,67.44684331426187,116028400
2019-12-19,67.49988555908203,67.77950886281938,67.24196357196422,67.3745402255633,98369200
2019-12-20,67.36009979248047,68.13388072168874,67.14797119168522,68.03264220718796,275978000
2019-12-23,68.45929718017578,68.5195606460034,67.58427047933793,67.62283998023321,98572000
2019-12-24,68.52437591552734,68.67383548324801,68.19895910016623,68.62562177025686,48478800
2019-12-26,69.8839111328125,69.90078666508992,68.628022839031,68.6569481192903,93121200
2019-12-27,69.85741424560547,70.86261220178719,69.45244547671278,70.17560714532725,146266000
2019-12-30,70.27201080322266,70.55404702486167,68.75337459667797,69.7754404953618,144114400
2019-12-31,70.78545379638672,70.79268511683624,69.78990032835488,69.88873327875099,100805600
2020-01-02,72.40049743652344,72.4607608758153,71.15665916677409,71.40976266924919,135480400
2020-01-03,71.69664764404297,72.45596582996416,71.47246932030643,71.62915285765841,146322800
2020-01-06,72.26795196533203,72.3065214697964,70.56852501428666,70.81922311511464,118387200
2020-01-07,71.92803955078125,72.5330795245145,71.70867973246871,72.27756311117845,108872000
2020-01-08,73.08511352539062,73.38643082203993,71.63155918060959,71.63155918060959,132079200
2020-01-09,74.63748931884766,74.83032941641996,73.81067654984861,74.06136720541696,170108400
2020-01-10,74.80623626708984,75.370308736383,74.30484750773756,74.87132551313572,140644800
2020-01-13,76.40441131591797,76.43093105955663,75.00388930942306,75.12201067519445,121532000
2020-01-14,75.37271118164062,76.5514679630278,75.24977872842311,76.34175230410106,161954400
2020-01-15,75.04969787597656,76.05248268254357,74.61820946436237,75.17263768221467,121923600
2020-01-16,75.98981475830078,76.1007048279931,75.23049658770428,75.5920773695483,108829200
2020-01-17,76.83108520507812,76.83349074089385,75.93195182564011,76.23808752279956,137816400
2020-01-21,76.31041717529297,76.90099467937888,76.17301471865545,76.459869381581,110843200
2020-01-22,76.58280181884766,77.13480977194556,76.48878729766383,76.79492300181599,101832400
2020-01-23,76.95160675048828,77.03115126719418,76.0886300322076,76.63582686293465,104472000
2020-01-24,76.72984313964844,77.93993070377184,76.53940855639385,77.19748815287878,146537600
2020-01-27,74.47359466552734,75.1533609751762,73.49250366771739,74.74116092508633,161940000
2020-01-28,76.58039093017578,76.7515370876536,75.25459488094803,75.35342783283777,162234000
2020-01-29,78.18338775634766,79.02948893915872,77.46987057591716,78.209907499375,216229200
2020-01-30,78.07009887695312,78.12313101118072,76.8359045055242,77.26739289963146,126743200
2020-01-31,74.60856628417969,77.78324080814086,74.31448034488959,77.36139664518089,199588400
2020-02-03,74.40367889404297,75.56796570063159,72.85129158100523,73.35268032975995,173788400
2020-02-04,76.86001586914062,77.050450456367,75.60171457078681,76.00668324335653,136616400
2020-02-05,77.48673248291016,78.2846198234048,76.8840980954443,77.98570816488551,118826800
2020-02-06,78.39310455322266,78.39551744527337,77.19989265225486,77.75672634398214,105425600
2020-02-07,77.32752227783203,78.14180023144418,76.83702208588501,77.89292589511314,117684000
2020-02-10,77.69480895996094,77.69480895996094,75.83429386411699,75.91402717049185,109348800
2020-02-11,77.22607421875,78.26265171467769,77.00861231633205,78.19016687181822,94323200
2020-02-12,79.05999755859375,79.06482742202022,77.67547849475221,77.67547849475221,113730400
2020-02-13,78.49700927734375,78.82320573508036,78.12974054369347,78.3327054260137,94747600
2020-02-14,78.51632690429688,78.76520124751363,78.00891111869721,78.46558016405162,80113600
2020-02-18,77.07865905761719,77.25987847546425,76.01791785904396,76.19913727689102,152531200
2020-02-19,78.19497680664062,78.4245243735885,77.32029218115534,77.32029218115534,93984000
2020-02-20,77.39275360107422,78.4438274798224,76.88775648034355,77.95574593761195,100566000
2020-02-21,75.6409912109375,77.4290289157497,75.0248480652508,76.9868493533589,129554000
2020-02-24,72.04801177978516,73.49776723386336,69.88546431842104,71.8257200728422,222195200
2020-02-25,69.60761260986328,73.09911114776158,69.13644634923264,72.71734532445798,230673600
2020-02-26,70.7118148803711,71.9755209333374,69.22581713906433,69.23306562077462,198054800
2020-02-27,66.08949279785156,69.10498573923513,65.95418292617104,67.92102067511314,320605600
2020-02-28,66.05084228515625,67.27105731603613,61.94562123770189,62.160671794936235,426510000
2020-03-02,72.20024108886719,72.83571844288954,67.10435128397388,68.20616489725688,341397200
2020-03-03,69.90721130371094,73.45427795635602,69.05668336601278,73.37454464911569,319475600
2020-03-04,73.14981079101562,73.30928474411743,70.82778980651666,71.62757081642688,219178400
2020-03-05,70.7770767211914,72.37905058025478,70.41221917601806,71.40529829391956,187572800
2020-03-06,69.8371353149414,70.26964775134793,67.95245619771107,68.13850549074616,226176800
2020-03-09,64.31358337402344,67.19376061426469,63.54762585590985,63.72884532127841,286744800
2020-03-10,68.94552612304688,69.21131605967966,65.0867606135554,66.96419837707879,285290000
2020-03-11,66.55101013183594,67.95002595285474,65.6884040253017,67.02460213571918,255598800
2020-03-12,59.97880554199219,65.23900324323806,59.92323260860385,61.84174314573799,418474000
2020-03-13,67.16474914550781,67.63592258199654,61.11926832671573,64.00428573904365,370732000
2020-03-16,58.52421188354492,62.60043602101579,57.9902170129729,58.46138678881957,322423600
2020-03-17,61.09752655029297,62.24524591333619,57.60361433805932,59.804826482410455,324056000
2020-03-18,59.601863861083984,60.406478598445545,57.29433564123959,57.93464652653443,300233600
2020-03-19,59.14519500732422,61.09269941838276,58.62086718026377,59.77583883377371,271857200
2020-03-20,55.39032745361328,60.848656123776394,55.09070998430256,59.72509337905043,401693200
2020-03-23,54.21360778808594,55.211524041383235,51.37208822817037,55.11004159498472,336752800
2020-03-24,59.65261459350586,59.848331019416534,56.6129597572638,57.110708614992014,287531200
2020-03-25,59.32398986816406,62.39988643227555,59.02920598580545,60.587692247407915,303602000
2020-03-26,62.44580078125,62.503788640032134,59.526959345508246,59.565620375975534,252087200
2020-03-27,59.86040115356445,61.82481719246613,59.69367869443923,61.07094557233669,204216800
2020-03-30,61.56869888305664,61.74025490515105,60.2615017965214,60.5852833250574,167976400
2020-03-31,61.443050384521484,63.42438208826982,60.88972867869349,61.759583420299464,197002000
2020-04-01,58.21010208129883,60.09719995282628,57.78000823267317,59.56079010801558,176218400
2020-04-02,59.18144226074219,59.234600264782834,57.2411861740168,58.07238003328574,165934000
2020-04-03,58.33091735839844,59.36749098851091,57.74134949209258,58.66677725772262,129880000
2020-04-06,63.4195671081543,63.5742038908206,60.25668412215434,60.62395293309614,201820400
2020-04-07,62.68500900268555,65.64976368215225,62.58111162954673,65.43229446081726,202887200
2020-04-08,64.2894058227539,64.6035165473233,63.1199373363336,63.48478743589154,168895200
2020-04-09,64.75334167480469,65.25592782434815,63.958397538567084,64.92490142355433,161834800
2020-04-13,66.0242919921875,66.13302662112467,64.23142416734326,64.83065918840516,131022800
2020-04-14,69.35868835449219,69.64864228665921,67.18405598474394,67.65522928105665,194994800
2020-04-15,68.72565460205078,69.18474234820361,67.80747910974512,68.23515430833677,131154400
2020-04-16,69.27172088623047,69.63657830758835,68.22306550095219,69.43844332553729,157125200
2020-04-17,68.33180236816406,69.33455576393993,66.89654391550201,68.78847886393716,215250000
2020-04-20,66.91346740722656,68.06119058127958,66.89414057720502,67.15993057649021,130015200
2020-04-21,64.84512329101562,66.99076185690431,64.13474275571909,66.75638450513866,180991600
2020-04-22,66.7129135131836,67.14783719048366,65.77057396314187,66.11125999851906,116862400
2020-04-23,66.45439910888672,68.07812613908307,66.41573806366294,66.6573640659312,124814400
2020-04-24,68.3729019165039,68.38256902010487,66.9303945618597,66.97872270602501,126161200
2020-04-27,68.42121124267578,68.75223755503086,67.64317552817161,68.09017755648323,117087600
2020-04-28,67.31214904785156,69.06393705890572,67.22033738750322,68.88271760948632,112004800
2020-04-29,69.52303314208984,69.99178804731254,68.59519043374839,68.79815533490073,137280800
2020-04-30,70.98970031738281,71.16608991336996,69.67284332982524,70.06185756526263,183064000
2020-05-01,69.8467788696289,72.2461215375952,69.06874341965525,69.16539227470443,240616800
2020-05-04,70.83505249023438,70.96311392727311,69.1823321546666,69.87096747127923,133568000
2020-05-05,71.898193359375,72.72938694291523,71.14915168685677,71.29412868376939,147751200
2020-05-06,72.63999938964844,73.27063948300304,72.21473542323028,72.59891973995855,142333600
2020-05-07,73.39144897460938,73.73697961793019,72.96377378346223,73.26580616038919,115215200
2020-05-08,75.1383056640625,75.19160756554702,73.72339119914562,74.05047071308249,133838400
2020-05-11,76.32062530517578,76.81487118254181,74.43810496971201,74.64646961486733,145946400
2020-05-12,75.44841003417969,77.45448798811958,75.32727004325628,77.00384337710936,162301200
2020-05-13,74.53744506835938,76.54837362731435,73.46172121123148,75.62770513487014,200622400
2020-05-14,74.99534606933594,75.0559160635201,73.05468108965971,73.77667808210235,158929200
2020-05-15,74.5519790649414,74.59801285788724,72.73487900802405,72.76880175811006,166348400
2020-05-18,76.30852508544922,76.68163844546383,75.18434945980863,75.87484910466534,135178400
2020-05-19,75.86756896972656,77.17102926581177,75.83607138413613,76.32547436249678,101729600
2020-05-20,77.34304809570312,77.41330397310716,76.68646396339064,76.72522965116472,111504800
2020-05-21,76.76642608642578,77.74523944094076,76.52898900422082,77.204952332668,102688800
2020-05-22,77.26065063476562,77.34302492393184,76.40297760999306,76.50473104034091,81803200
2020-05-26,76.73735046386719,78.5568683167511,76.68162339962899,78.37758347481825,125522000
2020-05-27,77.07167053222656,77.2170399794521,75.85542785782724,76.59438613380821,112945200
2020-05-28,77.10559844970703,78.36303205284943,76.4708261278027,76.7470214416537,133560800
2020-05-29,77.0304946899414,77.80821132778638,76.67434283627068,77.34788086093664,153532400
2020-06-01,77.97781372070312,78.09895371175787,76.85363105469186,76.9844643152945,80791200
2020-06-02,78.33880615234375,78.36303562857958,77.27035057638682,77.71130190496551,87642800
2020-06-03,78.77006530761719,79.03173182452788,78.08683399477036,78.65861858793946,104491200
2020-06-04,78.0916976928711,78.8912188000404,77.71858439241902,78.59321910796065,87560400
2020-06-05,80.3158187866211,80.37638878570603,78.31216587865904,78.34123829521202,137250400
2020-06-08,80.79068756103516,80.82461031040765,79.30309219050388,80.01297082329648,95654400
2020-06-09,83.34190368652344,83.734396145206,80.43939371025141,80.47089129660488,147712400
2020-06-10,85.4860610961914,85.95365964938672,83.85067134903046,84.28919748972832,166651600
2020-06-11,81.38184356689453,85.05480894028344,81.28009011611704,84.63081897651477,201662400
2020-06-12,82.0844497680664,84.26496946856898,80.97481077374836,83.5187504243347,200146000
2020-06-15,83.09961700439453,83.75135081292053,80.5774812512651,80.73981210877636,138808800
2020-06-16,85.30193328857422,85.57329308072946,83.51875616005826,85.15172088189794,165428800
2020-06-17,85.18323516845703,86.10632149459083,85.062095153019,86.04575148687181,114406400
2020-06-18,85.21714782714844,85.6338697266432,84.60902265567091,85.13961645194037,96820400
2020-06-19,84.73017883300781,86.38737347701915,83.6229572371665,85.92219992455999,264476000
2020-06-22,86.94700622558594,87.08995051171077,85.07660467814306,85.12263846107449,135445200
2020-06-23,88.80290222167969,90.22024192576087,87.77078689158364,88.18993401998509,212155600
2020-06-24,87.23533630371094,89.3504433677871,86.86222303304002,88.43220009652119,192623200
2020-06-25,88.39342498779297,88.4321906709593,86.63205223537432,87.39038973838228,137522400
2020-06-26,85.67747497558594,88.50972868089589,85.52968033530838,88.28925300034977,205256800
2020-06-29,87.65203857421875,87.74653130218796,85.10809914104198,85.58539093044703,130646000
2020-06-30,88.38374328613281,88.66963931267749,87.22080221413067,87.24018136135113,140223200
2020-07-01,88.2165756225586,89.00398569728229,88.16812405423994,88.46128081179627,110737200
2020-07-02,88.2165756225586,89.75748041356287,88.10271110979996,89.122707936332,114041600
2020-07-06,90.57636260986328,91.04396114826625,89.61208572768216,89.64358330482388,118655600
2020-07-07,90.29533386230469,91.7320524889195,90.18388713248098,90.95433575857336,112424400
2020-07-08,92.39830017089844,92.42979774632279,91.18447529712695,91.27169992090188,117092000
2020-07-09,92.79566192626953,93.34320967936996,91.74901058829923,93.28990778547893,125642800
2020-07-10,92.95800018310547,93.01615241811884,91.78052278573126,92.39106579987347,90257200
2020-07-13,92.52914428710938,96.8683794397454,92.31593673037001,94.26144459491981,191649200
2020-07-14,94.06037139892578,94.25176728421596,90.97856936107081,91.91134148904221,170989200
2020-07-15,94.70722961425781,96.18271360128323,93.5103660869661,95.93316555212387,153198000
2020-07-16,93.54186248779297,94.39711039249674,92.9434307316656,93.58062816600412,110577600
2020-07-17,93.3529052734375,94.14758336972574,92.8804563206502,93.99252801605422,92186800
2020-07-20,95.32023620605469,95.45833760603739,93.096107170355,93.44014808708032,90318000
2020-07-21,94.00464630126953,96.185166447433,93.75509818029391,96.11006023390243,103433200
2020-07-22,94.26873016357422,94.94953641432485,93.6194214977863,93.70663875417605,89001600
2020-07-23,89.97794342041016,94.0797418561393,89.16872914510222,94.00221048521436,197004400
2020-07-24,89.75505828857422,90.09909918615199,86.39221027249204,88.17782031323753,185438800
2020-07-27,91.88225555419922,91.97432312790853,90.59333170366311,90.81622514062431,121214000
2020-07-28,90.37284851074219,91.63028207050725,90.36799817960483,91.45341504133539,103625600
2020-07-29,92.10515594482422,92.28929109136294,90.81864987240843,90.85499038980474,90329200
2020-07-30,93.21965789794922,93.32383652649061,90.87196403764284,91.27899267505967,158130000
2020-07-31,102.97869110107422,103.12890351490226,97.7115189842411,99.7079111699714,374336800
2020-08-03,105.57350158691406,108.19012242087766,104.56077304212948,104.85877268635082,308151200
2020-08-04,106.2785415649414,107.36880152265259,105.04048696818748,105.76248400195036,173071600
2020-08-05,106.66378784179688,106.98359926980389,105.53476196568732,105.99994289677025,121776800
2020-08-06,110.38518524169922,110.87943850296628,106.40695185464003,106.99569046941184,202428800
2020-08-07,107.87550354003906,110.363351174005,107.07939259345517,109.90704232526846,198045600
2020-08-10,109.44344329833984,110.46042737696229,106.79540187658976,109.31965534861051,212403600
2020-08-11,106.1886215209961,109.20559017872704,105.9289127146506,108.70802360073796,187902400
2020-08-12,109.71772003173828,109.97499928394977,107.08424089381839,107.27841139872632,165598000
2020-08-13,111.65943908691406,112.66186065911528,110.60847119171306,111.09633433148385,210082000
2020-08-14,111.55992889404297,111.64973292886683,109.75168569136507,111.48468727529169,165565200
2020-08-17,111.26866912841797,112.70555595050736,110.64246299694389,112.68128278727484,119561600
2020-08-18,112.19585418701172,112.62060863769267,110.68615521459195,111.02110562369826,105633600
2020-08-19,112.33663940429688,113.74925328645519,112.24198368199546,112.6036294278006,145538000
2020-08-20,114.82933044433594,114.94340764743272,112.3608970952543,112.37788905057565,126907200
2020-08-21,120.74678039550781,121.22978455348972,115.7759366742478,115.78806955381434,338054800
2020-08-24,122.1909408569336,125.03316047656546,120.32687724435412,124.94820069131609,345937600
2020-08-25,121.18851470947266,121.53317587987507,119.46765321039159,121.06473415847236,211495600
2020-08-26,122.8365478515625,123.29285663343889,121.43849667426107,122.50402701142234,163022400
2020-08-27,121.36813354492188,123.77102883487844,120.22493186903937,123.43850794155522,155552400
2020-08-28,121.1715316772461,122.75889449051752,120.94822892350749,122.3414212260646,187630000
2020-08-31,125.28072357177734,127.1836302061131,122.32929317534541,123.86326545477932,225702700
2020-09-01,130.27096557617188,130.87291336835037,126.72730590113318,128.89233580510103,151948100
2020-09-02,127.57196044921875,133.96026921891615,123.30015014927834,133.5816315551226,200119000
2020-09-03,117.35842895507812,125.08653127360425,116.9895020715435,123.21276461682936,257599600
2020-09-04,117.43610382080078,120.0962780604988,107.65947073062564,116.57203254505438,332607200
2020-09-08,109.53324890136719,115.52349838716887,109.39732807142673,110.63032628792358,231366600
2020-09-09,113.90213775634766,115.66911573534202,111.90215372713668,113.8438880955757,176940500
2020-09-10,110.18373107910156,116.98951312845449,109.22257449751976,116.85359229498353,182274400
2020-09-11,108.73712921142578,111.8730336076421,106.79539476122176,111.2322576836528,180860300
2020-09-14,111.99925231933594,112.55264638404466,109.51383440164483,111.37789783991316,140150100
2020-09-15,112.17401885986328,115.36817345414228,110.30024450538139,114.88273976030895,184642000
2020-09-16,108.86335754394531,112.62061700186764,108.77598303445264,111.8730523722857,154679000
2020-09-17,107.12550354003906,108.93131746592069,105.5429923714999,106.52357050283204,178011000
2020-09-18,103.72746276855469,107.64976770036112,102.99931226553164,107.18375552641913,287104900
2020-09-21,106.87305450439453,106.97985048032176,100.09639873769764,101.49444976283358,195713800
2020-09-22,108.55265808105469,109.57207159281869,105.97986595474057,109.39731520243424,183055400
2020-09-23,103.99930572509766,108.84393137946276,103.65949625131259,108.36820848614498,150718700
2020-09-24,105.06726837158203,107.03812795513899,101.94107424298952,102.10611991881453,167743300
2020-09-25,109.00899505615234,109.16433740208637,104.53329556197552,105.27115689090073,149981400
2020-09-28,111.61090850830078,111.96042134324223,109.49441741099088,111.65945483814875,137672400
2020-09-29,110.76626586914062,111.95072536524631,110.26141804491623,111.21287142269765,99382200
2020-09-30,112.4361343383789,113.84389630124348,110.30994008853341,110.47498574403602,142675200
2020-10-01,113.38761138916016,114.29051842202628,112.45557951767428,114.21284724761975,116120400
2020-10-02,109.72740936279297,112.00895324338501,108.95072003519334,109.6011992914294,144712000
2020-10-05,113.1060562133789,113.25168781010125,110.24200024207266,110.59151311135399,106243800
2020-10-06,109.86334991455078,112.73711630408881,108.97985709448719,112.32934639868184,161498200
2020-10-07,111.72742462158203,112.18373349473666,110.80509612706318,111.28082649663705,96849000
2020-10-08,111.6206283569336,113.00896906250527,111.25169399711908,112.86333746821694,83477200
2020-10-09,113.56236267089844,113.59148750819554,111.5720815081163,111.92159436994272,100506900
2020-10-12,120.77588653564453,121.53316180020073,115.8050435838883,116.56231884844449,240226800
2020-10-13,117.57202911376953,121.73705073964729,116.16427448485399,121.62054399652054,262330500
2020-10-14,117.6594009399414,119.44579307201987,116.13513969852242,117.47493379758126,150712000
2020-10-15,117.19338989257812,117.66911279151616,114.70797199610067,115.26136605608602,112559200
2020-10-16,115.5526351928711,118.00893594757436,115.34875392683747,117.74679760043794,115393800
2020-10-19,112.60120391845703,116.91185012257559,112.29052664782569,116.46525200898868,120639300
2020-10-20,114.08663177490234,115.51380805714416,112.26139629791038,112.81479042703165,124423700
2020-10-21,113.46525573730469,115.25164788351834,113.05748587164362,113.27107784719725,89946000
2020-10-22,112.37787628173828,114.601163016686,111.25166679554484,114.02834752777623,101988000
2020-10-23,111.68856811523438,113.15457972080071,110.95070693925585,112.99923740706663,82572600
2020-10-26,111.69830322265625,113.15460439944638,109.59151522414707,110.68860018455938,111850700
2020-10-27,113.203125,113.86331505621116,111.20314074462335,112.12546171107986,92276800
2020-10-28,107.96041870117188,112.06718979878684,107.86333347246799,111.69826296686081,143937800
2020-10-29,111.96041107177734,113.52350793821675,108.9313025825577,109.09635564462052,146129200
2020-10-30,105.6886215209961,108.72743369464578,104.58183332192213,107.82452675254544,190272600
2020-11-02,105.60123443603516,107.4555945603439,104.19347979423505,105.9313331743507,122866900
2020-11-03,107.22258758544922,108.24199381190596,105.56240538196562,106.46531227233,107624400
2020-11-04,111.6011962890625,112.22255078584597,109.07694271998845,110.81479612438059,138235500
2020-11-05,115.56233215332031,116.13514770518474,113.46526266207991,114.51379370413532,126387100
2020-11-06,115.43104553222656,115.92703675245446,112.94133225108231,115.07120221763194,114457900
2020-11-09,113.12612915039062,118.64044265473571,112.86354597300208,117.1913565886007,154515300
2020-11-10,112.78573608398438,114.36124992222891,110.99625432436308,112.37727008295128,138023400
2020-11-11,116.20906829833984,116.34522361614252,113.24281896631516,113.97222563450443,112295000
2020-11-12,115.93675994873047,117.22051541325983,115.31433350652887,116.33550583009225,103162300
2020-11-13,115.98540496826172,116.38414348107418,114.633571669367,116.16046289142338,81581900
2020-11-16,116.99684143066406,117.66789057082231,114.90587400574458,115.65472831052979,91183000
2020-11-17,116.11182403564453,117.35667698637204,115.69363055189307,116.26743436443991,74271000
2020-11-18,114.78915405273438,116.53000547162844,114.7599789740788,115.35323030643576,76322100
2020-11-19,115.38241577148438,115.7908817492475,113.60266161420516,114.36124340716778,74113000
2020-11-20,114.11811065673828,115.50884645150772,114.0694879933699,115.3824186228592,73604300
2020-11-23,110.72393798828125,114.39042656864258,110.62668524347754,113.96250558761568,127959300
2020-11-24,112.0076904296875,112.66901946402936,109.49852961528087,110.78229252304031,113874200
2020-11-25,112.84407806396484,113.54430968345936,112.00769112066959,112.37726193090761,76499200
2020-11-27,113.38870239257812,114.26399194036229,113.02886649286769,113.36925481147574,46691300
2020-11-30,115.78115844726562,117.64843779643516,113.60265845332594,113.75826877571102,169410200
2020-12-01,119.35040283203125,120.07980962174469,116.71481385558914,117.68735624187373,127728200
2020-12-02,119.70050048828125,119.98253862781858,117.57063061172147,118.66960066999447,89004200
2020-12-03,119.56433868408203,120.3812705585125,118.85437962376297,120.12840751265676,78967600
2020-12-04,118.89330291748047,119.48655434771668,118.18334373345853,119.23369125780223,78260400
2020-12-07,120.35210418701172,121.14958854018184,118.89329080292673,118.95164096391939,86712000
2020-12-08,120.96481323242188,121.54834457068203,119.71023272701726,120.95509315138429,82225500
2020-12-09,118.43619537353516,122.49169482167979,117.67761359703715,121.11068659164964,115089200
2020-12-10,119.85611724853516,120.4688236783502,116.85096494578069,117.19135328461722,81312200
2020-12-11,119.04891204833984,119.38930038520903,117.23998269251022,119.06835963048555,86939800
2020-12-14,118.43619537353516,119.9630864267169,118.20278730843776,119.2336797308675,79184500
2020-12-15,124.36872100830078,124.38817601169539,120.72168696233577,120.92591997852064,157243700
2020-12-16,124.30060577392578,124.84522698584006,123.08492812596889,123.91159486250558,98208600
2020-12-17,125.16619873046875,126.02204075578122,124.5243172114844,125.36070423445284,94359800
2020-12-18,123.18219757080078,125.55520289308356,122.65702389685748,125.41904757982878,192541500
2020-12-21,124.7091064453125,124.78691161724761,120.06035501087901,121.5872462655349,121251600
2020-12-22,128.25889587402344,130.7194269475822,126.09011564727457,127.99630527207523,168904800
2020-12-23,127.36415100097656,128.79377458393498,127.18908566358635,128.53119883757725,88223700
2020-12-24,128.346435546875,129.79552922137646,127.50032831643357,127.71428885467729,54930100
2020-12-28,132.93682861328125,133.5689752639016,129.84413593469228,130.31096699096756,124486200
2020-12-29,131.16673278808594,134.97909558908609,130.65128672314287,134.25942401755736,121047300
2020-12-30,130.04840087890625,132.25607679071385,129.73718011608634,131.85733075328437,96452100
2020-12-31,129.04669189453125,131.04040737674973,128.10332429816188,130.3985256398713,99116600
2021-01-04,125.8567123413086,129.94138734935098,123.27947356294186,129.85386209713596,143301900
2021-01-05,127.41277313232422,128.12273976147537,124.9036119861187,125.35098801490136,97664900
2021-01-06,123.12383270263672,127.45164965166228,122.90987224593289,124.21308256408004,155088000
2021-01-07,127.32521057128906,128.0157219951703,124.34923410516659,124.8355051575347,109578200
2021-01-08,128.42422485351562,128.98830121735807,126.65419059044255,128.79378086858412,105158200
2021-01-11,125.4384994506836,126.59582714131227,124.97168331019907,125.64273985954293,100384500
2021-01-12,125.26345825195312,126.12902035403391,123.37672370948479,124.97169257758259,91951100
2021-01-13,127.29605102539062,127.84067229611607,124.96195562519107,125.22453134083729,88636800
2021-01-14,125.37044525146484,127.40305532059554,125.22455498651907,127.20854980715394,90221800
2021-01-15,123.64900970458984,126.64444134000357,123.51285439569902,125.24397825437474,111598500
2021-01-19,124.32008361816406,125.1759255883475,123.45452156734409,124.27145353534586,90757300
2021-01-20,128.40475463867188,128.85213061210496,125.02031169638846,125.12729193961263,104319500
2021-01-21,133.1118621826172,135.83498363825382,129.9219245699571,130.12616498605254,120150900
2021-01-22,135.25144958496094,136.0100313065284,131.31265074462775,132.53804856258682,114459400
2021-01-25,138.99574279785156,141.10615779384105,132.79091821695442,139.14163304575837,157611700
2021-01-26,139.22915649414062,140.3378541007655,137.48829750104505,139.65707747210416,98390600
2021-01-27,138.15936279296875,140.33786298237393,136.5546738638665,139.49174105337266,140843800
2021-01-28,133.32586669921875,138.0913345299329,132.9465756639423,135.68915302657436,142621100
2021-01-29,128.33668518066406,132.98543606950525,126.63473619885515,132.10041903740844,177523800
2021-02-01,130.45681762695312,131.66277536673383,127.3349504556567,130.07752674070377,106239800
2021-02-02,131.28350830078125,132.5672565949287,130.91393742770222,132.00318020332065,83305400
2021-02-03,130.26234436035156,132.04209890979024,129.9414035557163,132.03236398733958,89880900
2021-02-04,133.6175994873047,133.62731956895118,130.8944778045398,132.55753183488522,84183100
2021-02-05,133.20358276367188,133.84642318456497,132.32699299844515,133.7782512464636,75693800
2021-02-08,133.34974670410156,133.39844945852406,131.41149002924152,132.49262578464683,71297200
2021-02-09,132.47311401367188,134.29449558670797,132.3172860388913,133.06725182462114,76774200
2021-02-10,131.86927795410156,133.4276770274743,130.90501685547775,132.9309297060643,73046600
2021-02-11,131.61598205566406,132.84321071258427,130.29134792956486,132.36594769278798,64280000
2021-02-12,131.84979248046875,132.0056353585524,130.21348684657468,130.8563275721737,60145100
2021-02-16,129.7264862060547,132.4731462786685,129.33687901923372,131.96667922879305,80576300
2021-02-17,127.43756103515625,128.78167951119218,126.10319202528883,127.83690273629607,97918500
2021-02-18,126.33696746826172,126.61941963432317,124.09677476387137,125.84022023340577,96856700
2021-02-19,126.49281311035156,127.31098076958226,125.4506454700138,126.853201614987,87668800
2021-02-22,122.72345733642578,126.34672250388937,122.3338575729678,124.68118332933157,103916400
2021-02-23,122.58708953857422,123.41498433079913,115.31134105569778,120.54170021925478,158273000
2021-02-24,122.09033203125,122.29487019049711,119.05147088701199,121.69099774824254,111039900
2021-02-25,117.84371185302734,123.17146835413952,117.4054168564186,121.43775757680415,148199500
2021-02-26,118.1067123413086,121.60335309106918,118.04826755034811,119.40212088348072,164560400
2021-03-01,124.4668960571289,124.60325484384613,119.5969181572381,120.53195302229754,116307900
2021-03-02,121.86632537841797,125.37270785746594,121.75918527388905,125.07077161615514,102260900
2021-03-03,118.88589477539062,122.44098002866822,118.6716145648539,121.56438254510716,112966300
2021-03-04,117.0060806274414,120.38584631369558,115.53535272389263,118.58395606502583,178155000
2021-03-05,118.26254272460938,118.76902459264008,114.51266119025206,117.8339897181949,153766600
2021-03-08,113.3341293334961,117.85346835184752,113.1880285063647,117.78528895665244,154376600
2021-03-09,117.94111633300781,118.8858931954571,115.7009310503409,115.93468789918522,129525800
2021-03-10,116.8600082397461,118.99305378580543,116.34378427280272,118.52554000762703,111943300
2021-03-11,118.78849792480469,120.00599237807343,118.10670400337277,119.35341713456053,103026500
2021-03-12,117.88268280029297,118.01904158578925,116.06131583787986,117.2690682655597,88105100
2021-03-15,120.76570892333984,120.77545095974142,117.28854502762586,118.25280599447676,92403800
2021-03-16,122.30463409423828,123.9117284110974,121.47673927373422,122.4312508542222,115227900
2021-03-17,121.51567840576172,122.58707194968112,119.15860369194408,120.82414250531377,111932600
2021-03-18,117.39569854736328,119.97678859492719,117.19116034554088,119.68458691746812,121229700
2021-03-19,116.8697280883789,118.27228410779664,116.56779183514182,116.7820720526636,185549500
2021-03-22,120.18131256103516,120.64883370339138,117.13270910784668,117.20088850037816,111912300
2021-03-23,119.35343170166016,121.00922138779639,118.96383194286418,120.12288918175794,95467100
2021-03-24,116.96713256835938,119.7040653634643,116.94765592524341,119.62614392900645,88530500
2021-03-25,117.4541244506836,118.49630686413842,115.9054750318424,116.43143354135354,98844700
2021-03-26,118.05801391601562,118.32099690748782,115.82756294666447,117.22037704784019,94071200
2021-03-29,118.2332992553711,119.39235614207378,117.59046616503674,118.4865401362883,80819200
2021-03-30,116.78205871582031,117.26905645239088,115.76910253203405,116.98659687346046,85671900
2021-03-31,118.97354888916016,120.30791793555011,117.99955341308188,118.48655115112102,118323800
2021-04-01,119.80146789550781,120.95078308800542,119.3047280211155,120.44430860719166,75089100
2021-04-05,122.62602233886719,122.8792632235307,119.86961357359316,120.64881286594463,88651200
2021-04-06,122.92800903320312,123.824083385814,122.38257376309184,123.21046870693881,80171300
2021-04-07,124.57404327392578,124.59351991699825,121.88581323910961,122.55787260556289,83466700
2021-04-08,126.97007751464844,126.9992961961062,125.17792902926334,125.59674003815452,88844600
2021-04-09,129.54139709472656,129.58035037412546,126.1031942856078,126.42461457311639,106686700
2021-04-12,127.82717895507812,129.3953123558948,127.23304108614778,129.07389204693322,91420000
2021-04-13,130.93423461914062,131.15826433043802,128.49924537282473,128.99599269074992,91266500
2021-04-14,128.5966339111328,131.4894019428346,128.2362603060902,131.43096458655666,87222800
2021-04-15,131.00241088867188,131.48940869866695,130.16477406100063,130.34010100083557,89347100
2021-04-16,130.67123413085938,131.16796646381349,129.81411337251544,130.80759290041487,84922400
2021-04-19,131.33352661132812,131.94714842450873,129.87253361765187,130.03811104016313,94264200
2021-04-20,129.64854431152344,132.00561168739057,128.3823471626382,131.50887932231677,94812300
2021-04-21,130.02833557128906,130.27183432704055,127.88554949307297,128.9179818395417,68847100
2021-04-22,128.50894165039062,130.6614629304673,127.99272533279819,129.58032755811567,84566500
2021-04-23,130.82713317871094,131.60631798979747,128.72329851998296,128.72329851998296,78657500
2021-04-26,131.21669006347656,131.5478450047434,130.08685158645528,131.32383017529745,66905100
2021-04-27,130.89524841308594,131.88872793710226,130.62253087504087,131.49912083847275,66015800
2021-04-28,130.10635375976562,131.5089100143574,129.619355885921,130.81736649421998,107760100
2021-04-29,130.0089111328125,133.5055661641117,129.0056969879915,132.92116293750138,151101000
2021-04-30,128.04147338867188,130.08685531571498,127.66161568350715,128.35314426527148,109839500
2021-05-03,129.09336853027344,130.58359545105438,128.401839986388,128.60637073689202,75135100
2021-05-04,124.52533721923828,128.070688075214,123.40524078183631,127.77848641989287,137564700
2021-05-05,124.76883697509766,127.05771762012843,124.64221279666873,125.84022317213565,84000900
2021-05-06,126.36617279052734,126.37590739453778,123.82403668567083,124.56427529521159,78128300
2021-05-07,127.03939056396484,128.0638111341248,126.3271553590937,127.66380595625425,78973300
2021-05-10,123.7612075805664,126.38570115821472,123.7221806852606,126.25887677480436,88071200
2021-05-11,122.84408569335938,123.19531281841267,119.78053807914273,120.4927657999539,126142800
2021-05-12,119.7805404663086,121.60500854306753,119.27320577012671,120.39520469554279,112172300
2021-05-13,121.92696380615234,123.07823093502375,121.23425330099667,121.5464609574558,105861300
2021-05-14,124.34660339355469,124.7758918234003,122.78556470814284,123.1758262404007,81918000
2021-05-17,123.1953125,123.83924502210618,122.12209907344122,123.73192293508849,74244600
2021-05-18,121.80989837646484,123.8977887358132,121.74160317568686,123.47825894714309,63342900
2021-05-19,121.65380859375,121.8782039395482,119.86836719410006,120.16106519010208,92612000
2021-05-20,124.21001434326172,124.61003446523176,122.05382847219842,122.18066775166193,76857100
2021-05-21,122.37578582763672,124.88320615344152,122.16114162608143,124.70758884704348,79295400
2021-05-24,124.00509643554688,124.82464619337513,122.87334646207267,122.94164165492356,63092900
2021-05-25,123.80997467041016,125.19540319531397,123.24409593795775,124.70757079826137,72009500
2021-05-26,123.7612075805664,124.28805950176616,123.34167776055286,123.8685296817526,56575900
2021-05-27,122.22943115234375,124.5319657543007,122.03430412924318,123.36118872845968,94625600
2021-05-28,121.57572937011719,122.73675508280117,121.51719276060966,122.51235234032615,71311100
2021-06-01,121.25377655029297,122.29772171588232,120.92205913488071,122.03429950032661,67637100
2021-06-02,122.01478576660156,122.19040306312083,121.02938463288338,121.253779962891,59278900
2021-06-03,120.53179931640625,121.80989840712398,120.13177925202119,121.64403969713835,76229200
2021-06-04,122.8245620727539,123.08799170722506,120.83423543606743,121.04887959937938,75169300
2021-06-07,122.83433532714844,123.24410653680496,121.7903901347652,123.09775754946514,71057600
2021-06-08,123.65388488769531,125.33201160333881,123.13679155370112,123.51729447658813,74403800
2021-06-09,124.03436279296875,124.63926837987677,123.43921578877699,124.11241656746353,56877900
2021-06-10,123.0392074584961,125.0685610035486,122.87334876469549,123.92704498219538,71186400
2021-06-11,124.2490234375,124.33683580636276,123.02946096276283,123.44899075181716,53522400
2021-06-14,127.30278778076172,127.36132438958391,123.97582567545629,124.70756306020407,96906500
2021-06-15,126.48326873779297,127.41989931286103,126.23935623136502,126.77596672295411,62746300
2021-06-16,126.98084259033203,127.7028289556805,125.33200658203938,127.19548678307785,91815000
2021-06-17,128.58091735839844,129.3224209462561,126.49302678487064,126.6393832290609,96721700
2021-06-18,127.28331756591797,128.30773825283313,127.06867335467656,127.52723008894328,108953300
2021-06-21,129.07850646972656,129.18582857227696,126.06375134431808,127.12720634134745,79663300
2021-06-22,130.71759033203125,130.8151612925248,128.41505560442437,128.91264666080772,74783600
2021-06-23,130.4444122314453,131.0493254021088,129.98585550457855,130.51271488266488,60214200
2021-06-24,130.16151428222656,131.36156002139495,129.6931914043499,131.1761840764741,68711000
2021-06-25,129.86878967285156,130.62979558487248,129.57609165578822,130.2102731739654,70783700
2021-06-28,131.49813842773438,131.95669523246048,130.10296572752944,130.1615023600917,62111300
2021-06-29,133.01036071777344,133.16646828417475,131.07857796707717,131.51761747124857,64556100
2021-06-30,133.62501525878906,134.06405473109936,132.5615455661884,132.85424351014055,63261400
2021-07-01,133.927490234375,133.98602685703514,132.45424909031448,133.27380646927242,52485800
2021-07-02,136.55198669433594,136.59100614570704,134.39579354693674,134.54213509862615,78852600
2021-07-06,138.561767578125,139.6642415602356,136.65925373646908,136.65925373646908,108181800
2021-07-07,141.04971313476562,141.36191336128311,139.1862182535438,140.04478004189397,104911600
2021-07-08,139.75213623046875,140.55216163148216,137.24470813835896,138.1325533693018,105575500
2021-07-09,141.57656860351562,142.10341304013653,139.17646311232951,139.27403406481795,99890800
2021-07-12,140.98143005371094,142.75712026323748,140.49360503622404,142.64979816390084,76299700
2021-07-13,142.09364318847656,143.8693330567253,140.13259235448814,140.52284633857775,100827100
2021-07-14,145.51815795898438,145.9279439651733,144.08395159902543,144.49373760521436,127050800
2021-07-15,144.86448669433594,146.34747864637848,143.50833398770226,145.6059901139749,106820300
2021-07-16,142.82537841796875,146.11331359035626,142.32780236268064,144.84498071759424,93251400
2021-07-19,138.9813232421875,140.56188618036083,138.22031752231123,140.2496710710599,121434600
2021-07-20,142.5912322998047,143.5181116494979,139.47892150687957,139.9667464752501,96350000
2021-07-21,141.8594970703125,142.57173225410514,141.10825732605966,141.9863363279922,74993500
2021-07-22,143.22543334960938,144.59133749363102,142.25953442025497,142.3863736933565,77338200
2021-07-23,144.9425506591797,145.09865822031367,143.34248537564744,143.95714959308972,71447400
2021-07-26,145.3621063232422,146.18164879238583,144.1035094217646,144.65963709619385,72434100
2021-07-27,143.19618225097656,145.57677109148528,142.0058878307222,145.48895126026883,104818600
2021-07-28,141.44970703125,143.39125553651849,139.0691190835095,141.283848347971,118931200
2021-07-29,142.09364318847656,142.98148812260095,141.0594567321274,141.16677881083731,56699500
2021-07-30,142.30831909179688,142.7668758133756,140.60093147786202,140.86436116386733,70440600
2021-08-02,141.97659301757812,143.37176538004852,141.71316334757606,142.79613544954273,62880000
2021-08-03,143.77178955078125,144.43522442777342,141.64486473611035,142.25952902121162,64786600
2021-08-04,143.37176513671875,144.19130756729243,142.71808142038705,143.68398028393023,56368300
2021-08-05,143.47911071777344,144.2401166546182,142.61078266741262,143.40105691819448,46397700
2021-08-06,142.79510498046875,143.74290453377364,142.29678337483543,143.0003050001657,54126800
2021-08-09,142.74624633789062,143.34228507821692,142.18930041536296,142.8537292225246,48908700
2021-08-10,142.26747131347656,144.32917762337323,141.97433481779836,143.08824157374232,69023100
2021-08-11,142.5215301513672,143.36184690994065,142.19908146277635,142.7071837820295,48493500
2021-08-12,145.48214721679688,145.63848865290169,142.5019538202862,142.84394884807298,72282600
2021-08-13,145.68736267089844,146.01957707570978,144.8763581583002,145.56033337689462,59375000
2021-08-16,147.66114807128906,147.72955306203514,143.11758362273994,145.14019753721752,103296000
2021-08-17,146.75241088867188,148.20829780218608,145.67758203815535,146.79148879708086,92229700
2021-08-18,143.0100860595703,147.27029417589944,142.80488601790597,146.37135309386304,86326000
2021-08-19,143.34230041503906,144.61254875765684,141.19265740190144,141.71052547158095,86960300
2021-08-20,144.79818725585938,145.10108950161558,143.42045616108942,144.06535347049768,60549600
2021-08-23,146.28343200683594,146.75244155345382,144.5050811570284,144.91546637401214,60131800
2021-08-24,146.19541931152344,147.40704295099573,145.7361757091974,146.0293121440176,48606400
2021-08-25,144.9642333984375,146.87937811104626,144.41705345470223,146.38104180479536,58991300
2021-08-26,144.16307067871094,145.70690913613237,144.13375851701343,144.95454377317253,48597200
2021-08-27,145.19882202148438,145.34538283026907,143.46932993010927,144.10444664756716,55802400
2021-08-30,149.61537170410156,149.97691325126357,145.20860233340446,145.5896753840009,90956700
2021-08-31,148.35488891601562,149.30268857096087,147.82724018566304,149.1658935130071,86453100
2021-09-01,149.01927185058594,151.4327384864577,148.8531646821077,149.3319546921016,80313700
2021-09-02,150.1332244873047,151.17874128646721,148.91183471793337,150.34819027947748,71115500
2021-09-03,150.7683563232422,151.0908050119508,149.58604446464392,150.24070759279422,57808700
2021-09-07,153.10365295410156,153.660598936694,150.85629279363835,151.42301943650597,82278300
2021-09-08,151.55982971191406,153.44564855103232,150.45568847705636,153.38702422166725,74420200
2021-09-09,150.54360961914062,152.53691096459315,150.4263460744376,151.93110647020356,57305700
2021-09-10,145.56031799316406,151.92130921813492,145.296493683324,151.45229981917254,140893200
2021-09-13,146.12709045410156,147.954284971399,145.3453979370689,147.18237311566395,102404300
2021-09-14,144.729736328125,147.6122268963335,143.5474398791264,146.90870549298856,109296300
2021-09-15,145.61895751953125,146.0195769004921,143.01983678244974,145.15971382126716,83281300
2021-09-16,145.38442993164062,145.56031777444971,143.85037245648,145.04244981377065,68034100
2021-09-17,142.71694946289062,145.41378761722353,142.4238129361749,145.41378761722353,129868800
2021-09-20,139.6683349609375,141.5248410433877,138.03656037257468,140.50865153615536,123478900
2021-09-21,140.1470947265625,141.2903282973729,139.51197821792402,140.63565047460386,75834000
2021-09-22,142.5117645263672,143.07847626004042,140.41096517330857,141.14379903633161,76404300
2021-09-23,143.46934509277344,143.71362307292674,142.30657952171666,143.29345719409983,64838200
2021-09-24,143.55722045898438,144.0946347683932,142.22834821641814,142.32606533068824,53477900
2021-09-27,142.04270935058594,142.61921652920344,140.52819828937186,142.1404264749726,74150700
2021-09-28,138.6619110107422,141.4369043819852,138.44694526555043,139.97123697906306,108972300
2021-09-29,139.56085205078125,141.1437680766469,138.77915978644447,139.2090912773067,74602000
2021-09-30,138.2613067626953,141.075393254431,138.04634099404652,140.37187163149707,89056700
2021-10-01,139.38497924804688,139.64880358400276,135.9260103602956,138.65214546670163,94639600
2021-10-04,135.95530700683594,138.95504676613083,135.10522468851968,138.5153346198599,98322000
2021-10-05,137.88026428222656,138.98440552812323,136.17031841410787,136.2973477353653,80861100
2021-10-06,138.7498779296875,138.8964387383312,135.20295726507902,136.27778622694314,83221100
2021-10-07,140.01034545898438,140.91906720020722,139.4533994772065,139.78561391612965,61732700
2021-10-08,139.62921142578125,140.879912810056,139.2969971320444,140.73335206562402,58773200
2021-10-11,139.5413360595703,141.49555969160025,138.56422424355534,139.0137022391212,64452200
2021-10-12,138.2710723876953,139.97125212650982,137.81182869231796,139.95170571768443,73035900
2021-10-13,137.68478393554688,138.1635590245904,136.013916723793,138.0072325170972,78762700
2021-10-14,140.4695587158203,140.58682224669744,138.27105760850728,138.85733053427336,69907100
2021-10-15,141.5248565673828,141.58348088448486,140.22529620330172,140.47935479013262,67940300
2021-10-18,143.19573974609375,143.47909561279081,139.88333128324254,140.1666871499396,85589200
2021-10-19,145.3551483154297,145.75576773810008,143.19573955238386,143.64520263819782,76378900
2021-10-20,145.84368896484375,146.32247907181252,144.7297822080243,145.29650879090318,58418800
2021-10-21,146.0586395263672,146.2149809625118,144.48548923531962,145.40397653574416,61421000
2021-10-22,145.28677368164062,146.7426608994433,145.2379151037615,146.26388560104417,58883400
2021-10-25,145.23788452148438,145.95117189778182,144.24122639888336,145.27696242983234,50720600
2021-10-26,145.90228271484375,147.38748132131502,145.59936565411255,145.91204846149822,60893400
2021-10-27,145.44308471679688,146.30293288736218,145.09132390307514,145.94140632392705,56094900
2021-10-28,149.07794189453125,149.66419997930225,146.29316753585874,146.3908846714247,100077900
2021-10-29,146.37135314941406,146.5081482073945,143.0589446865979,143.85040287273776,124953200
2021-11-01,145.55056762695312,146.2736207539483,144.4171144592604,145.57987978563986,74588300
2021-11-02,146.58628845214844,148.10081443519022,145.2476354029817,145.25741606122364,69122000
2021-11-03,148.0226287841797,148.4916381367387,146.39085434317073,146.94780015379607,54511500
2021-11-04,147.50482177734375,148.94116258076141,147.1921388068415,148.11062639576105,60394600
2021-11-05,148.03318786621094,148.93344079375584,146.83937063089465,148.6300964838691,65463900
2021-11-08,147.21124267578125,148.3169952703634,146.93725326087116,148.16042562432813,55020900
2021-11-09,147.57327270507812,148.17996131979666,146.8393694074151,146.97636409239348,56787900
2021-11-10,144.7453155517578,146.9078907486886,144.67682566721112,146.8002509889988,65187100
2021-11-11,144.69638061523438,146.22289720379737,144.51045604306032,145.76299817171153,41000000
2021-11-12,146.77085876464844,147.1720478294866,144.31471985327795,145.24432757919843,63804000
2021-11-15,146.7806854248047,148.620341460146,146.22291165316477,147.14273967083543,59222800
2021-11-16,147.75918579101562,148.23867461686362,146.1348097014568,146.72193826652372,59256200
2021-11-17,150.1957550048828,151.67334153749616,147.7494107865361,147.75919078814144,88807000
2021-11-18,154.48171997070312,155.2645530057306,149.76517669115213,150.41101506489716,137827700
2021-11-19,157.10423278808594,157.56414670764048,153.17050700157068,154.26646446197273,117305600
2021-11-22,157.56417846679688,162.14372871908944,157.54460352782965,158.21000213967926,117467900
2021-11-23,157.94578552246094,158.3274146566765,155.64621578340464,157.66200120676388,96041900
2021-11-24,158.4644317626953,158.66013635871653,156.2137915801923,157.2999692591092,69463600
2021-11-26,153.44451904296875,157.00639624695634,153.00417999336176,156.1452930856568,76959800
2021-11-29,156.80091857910156,157.73052659848017,155.38202667808307,155.94958045222978,88748200
2021-11-30,161.7523193359375,161.9675988704111,156.4877806077615,156.5562854284138,174048100
2021-12-01,161.23367309570312,166.6449857878265,160.99881865483053,163.88550209995378,152052500
2021-12-02,160.24533081054688,160.6758897940943,154.41325439149716,155.33308223247562,136739200
2021-12-03,158.3665313720703,161.41957902573364,156.29203631008477,160.4997512359703,118023100
2021-12-06,161.77188110351562,164.27693555746282,160.7541933995356,160.76397340255957,107497000
2021-12-07,167.506103515625,167.89752761795768,164.72705957992557,165.4511829707639,120405400
2021-12-08,171.32240295410156,172.18352101189242,167.03640253357247,168.43571937748263,116998900
2021-12-09,170.81358337402344,172.9565838887255,170.1873196788355,171.15607763147332,108923700
2021-12-10,175.5986328125,175.7747774084515,170.94079752796398,171.4496414446743,115402700
2021-12-13,171.96826171875,178.2211185132973,171.76276218304858,177.23278564494396,153237000
2021-12-14,170.58851623535156,173.92533410356964,168.51402063695375,171.48876932392616,139380400
2021-12-15,175.4518280029297,175.6475325738547,168.611843504033,171.35175229088827,131063300
2021-12-16,168.56292724609375,177.25234826512832,167.0853404452438,175.4322672390144,150185800
2021-12-17,167.46694946289062,169.74694420568176,166.0480727156741,166.2829122189755,195432700
2021-12-20,166.10679626464844,166.91898445345717,163.8659512088188,164.66834446331637,107499100
2021-12-21,169.27725219726562,169.48273676499653,165.49030091905374,167.87793543850688,91185900
2021-12-22,171.87034606933594,172.08562553909977,168.45524441835437,169.3261422982902,92135300
2021-12-23,172.4966583251953,173.05443209039555,171.50834043001467,172.07589419886108,68356600
2021-12-27,176.45970153808594,176.54776634572997,173.26967407814607,173.28923408120028,74919600
2021-12-28,175.4420166015625,177.4382418590108,174.69833332933095,176.293354548695,79144300
2021-12-29,175.53012084960938,176.75329313798875,174.3167285642682,175.48119097181373,62348900
2021-12-30,174.3754425048828,176.69458737092964,174.26780274374727,175.61818975957434,59773000
2021-12-31,173.7589569091797,175.38331824017646,173.45559766181222,174.2677857929612,64062300
2022-01-03,178.10365295410156,178.95499096160628,173.895952516217,174.01337226981713,104487900
2022-01-04,175.84324645996094,179.01371442958575,175.27569272230144,178.71037008888723,99310400
2022-01-05,171.1658172607422,176.3031403228598,170.8918278919333,175.75516158524204,94537600
2022-01-06,168.3085174560547,171.53769548653034,167.95624321761545,168.99349099432447,96904000
2022-01-07,168.474853515625,170.40257420223315,167.35932100577125,169.17940193566972,86709100
2022-01-10,168.49441528320312,168.79775959259328,164.5606894006289,165.45116232460057,106765600
2022-01-11,171.32240295410156,171.4202477771128,167.15383722500894,168.62164395189677,76138300
2022-01-12,171.76275634765625,173.3773379097134,171.06800280036754,172.3400901249927,74805200
2022-01-13,168.49441528320312,172.82933029006384,168.10299122971512,172.0073621746904,84505800
2022-01-14,169.3555450439453,170.05029852382498,167.4180294399018,167.66266389110206,80440800
2022-01-18,166.15573120117188,168.83691537487223,165.77410203397278,167.82902257608225,90956700
2022-01-19,162.66233825683594,167.40825267441707,162.37856885772902,166.35143003303915,94815000
2022-01-20,160.97926330566406,166.0383024176851,160.65634400941124,163.39625309442948,91420500
2022-01-21,158.92433166503906,162.76019814543096,158.81669190708894,160.89118731707072,122848900
2022-01-24,158.15127563476562,158.81668910799385,151.37979580013618,156.58562410189697,162294600
2022-01-25,156.35076904296875,159.26680751652682,153.65001008067688,155.56793581393717,115798400
2022-01-26,156.26268005371094,160.86180403234616,154.4328194222898,159.99090611922438,108275300
2022-01-27,155.80282592773438,160.3236668366123,154.88299779290693,158.96349957568594,121954600
2022-01-28,166.67434692382812,166.69392186078738,159.30595841103175,162.15350702087153,179935700
2022-01-31,171.02883911132812,171.24411862639118,165.87194061535732,166.5079991576081,115541600
2022-02-01,170.86248779296875,171.08754730875657,168.61184784118433,170.2753591337895,86213900
2022-02-02,172.06610107421875,172.10525095182186,169.6099763158955,170.99949834473722,84914300
2022-02-03,169.189208984375,172.45753715088262,168.42595056253245,170.73530076821885,89418100
2022-02-04,168.90504455566406,170.5804825811808,167.22960653014735,168.20939100229583,82465400
2022-02-07,168.1898193359375,170.43351937589156,167.49416572772904,169.36555780513737,77251200
2022-02-08,171.29571533203125,171.80520742660315,167.96443926792173,168.25837758980256,74829200
2022-02-09,172.71641540527344,173.07893089654075,171.36430797248656,172.49106914991745,71285000
2022-02-10,168.64048767089844,171.9325638827204,168.08201833200982,170.61965636290995,90865900
2022-02-11,165.23086547851562,169.58111126110254,164.64298876993468,168.8462728505392,98670700
2022-02-14,165.4660186767578,166.15186486791518,163.19291135712115,163.98653444619794,86185500
2022-02-15,169.2969970703125,169.45376621533188,166.80835043202623,167.5137966342849,62527400
2022-02-16,169.0618133544922,169.83583650795123,166.612352178537,168.37596721528965,61177400
2022-02-17,165.4660186767578,168.43476465088062,165.06430342539218,167.57254946752525,69589300
2022-02-18,163.91793823242188,167.0924302194162,162.83037691642315,166.38699918366942,82772700
2022-02-22,160.99818420410156,163.32026851174712,158.872038841447,161.64483056360834,91162800
2022-02-23,156.83409118652344,162.79116699621056,156.52055301215938,162.1934979328617,90009200
2022-02-24,159.4501495361328,159.5579264390306,148.9272576589058,149.49553451506446,141147500
2022-02-25,161.51747131347656,161.78200234869726,157.61791846840168,160.5278794584224,91974200
2022-02-28,161.78201293945312,162.07595128148682,159.14639022474867,159.76365924798694,95056600
2022-03-01,159.90081787109375,163.23209394256236,158.69568719407653,161.37049453342058,83474400
2022-03-02,163.1929168701172,163.97674752234462,159.65589394659725,161.06678613054137,79724800
2022-03-03,162.86961364746094,165.49544453294706,162.20336719835964,165.06433685396212,76678400
2022-03-04,159.87149047851562,162.2033831807967,158.82312847434795,161.16481364290584,83737200
2022-03-07,156.0796661376953,161.68403439715155,155.82491261205914,160.05758861933697,96418800
2022-03-08,154.2572784423828,159.58730866544224,152.65043241487155,155.60938587479396,131148300
2022-03-09,159.6558837890625,160.10659124427465,156.1874531828048,158.21559935544633,91454900
2022-03-10,155.3154296875,157.14762175986647,152.82676890064815,156.961460328922,105342000
2022-03-11,151.60203552246094,156.0600575177212,151.37668929729986,155.7171269987306,96970100
2022-03-14,147.57516479492188,151.00441119995835,147.06568752183824,148.38838787929845,108732100
2022-03-15,151.95480346679688,152.42511088063213,147.3400259647883,147.84950323761805,92964300
2022-03-16,156.3638153076172,156.76553056777536,151.3375306500096,153.8751690879972,102300200
2022-03-17,157.37301635742188,157.74533933374323,154.44346962371964,155.40365445965918,75615400
2022-03-18,160.66506958007812,161.15496186500974,156.53037749922927,157.2652159266267,123511700
2022-03-21,162.03675842285156,162.98715054298916,159.71465909153343,160.20455132045697,95811400
2022-03-22,165.40724182128906,165.99510360566663,161.57628048257416,162.1641422669517,81532000
2022-03-23,166.76913452148438,169.15000379737148,164.2608735199057,164.5940116285297,98062700
2022-03-24,170.55108642578125,170.61966356312797,166.76911784992285,167.60192566241446,90131400
2022-03-25,171.1879425048828,171.73661941189775,169.2577659174967,170.3649271443604,80546200
2022-03-28,172.05018615722656,172.17754799227433,168.5229555265403,168.6895171187773,90371900
2022-03-29,175.3422393798828,175.39121664425457,172.7751938429614,173.11812439551318,100589400
2022-03-30,174.17626953125,175.97906916213574,173.12789309189358,174.94050013456726,92633200
2022-03-31,171.08016967773438,174.4310308254092,170.8744083575564,174.2448693810398,103049300
2022-04-01,170.78623962402344,171.34472398421482,168.46415506398156,170.5119011506989,78751300
2022-04-04,174.83274841308594,174.8817406281064,170.9136104166494,171.0409871856376,76468400
2022-04-05,171.52110290527344,174.69561063609092,170.89404131095085,173.91177990560575,73401800
2022-04-06,168.35638427734375,170.11999949152553,166.69075350018778,168.87566890286308,89058800
2022-04-07,168.66009521484375,169.85543344405016,166.41639539463952,167.69991063657648,77594700
2022-04-08,166.65151977539062,168.30735775145232,165.7795122847829,168.30735775145232,76575500
2022-04-11,162.39927673339844,165.61296861541499,162.1543306146452,165.29944535757966,72246700
2022-04-12,164.27069091796875,166.43600652884118,163.2713064320056,164.62341397476007,79265200
2022-04-13,166.9552459716797,167.5823073528285,163.39863897484116,164.00610048305086,70618900
2022-04-14,161.9486083984375,167.807731737905,161.7036622205432,167.17086270518294,75329400
2022-04-18,161.7330322265625,163.23210129361956,160.2633554980497,160.60627109784113,69023900
2022-04-19,164.0159149169922,164.4274375522312,160.59647667199232,161.6840380358106,67723800
2022-04-20,163.8494110107422,165.46606493145603,162.74226433206772,165.34848058701238,67929800
2022-04-21,163.05575561523438,168.06245565058305,162.5560708382442,165.49542471534926,87227800
2022-04-22,158.51934814453125,164.4764404677371,158.2352171809879,163.09495550660975,84882400
2022-04-25,159.5873260498047,159.87145701566283,155.25667975939896,157.8628955248933,96046400
2022-04-26,153.63021850585938,159.0582182667308,153.55183394880203,158.9700412464134,95623200
2022-04-27,153.40487670898438,156.55976925790796,152.23893068313222,152.75821530720194,88063200
2022-04-28,160.33192443847656,161.19413952588084,155.71713316880462,156.0306713643422,130216800
2022-04-29,154.4630584716797,162.8402209990939,154.07115055532702,158.56835892940364,131747600
2022-05-02,154.7667694091797,155.03130046543404,150.17157761678854,153.54203875876948,123055300
2022-05-03,156.25601196289062,157.46115753940876,153.15990462040372,154.9528969165434,88966500
2022-05-04,162.66383361816406,163.1145261346623,156.04048055543203,156.44219580516028,108256500
2022-05-05,153.600830078125,160.76305283929582,151.8176149978829,160.53770657596968,130525300
2022-05-06,154.32693481445312,156.44638259515347,151.28513392702433,153.0807759379822,116124600
2022-05-09,149.20489501953125,152.90411309612608,148.64560521517865,152.0210026549501,131577900
2022-05-10,151.6089324951172,153.79707304983472,150.05859659800515,152.59997843272657,115366700
2022-05-11,143.74935913085938,152.5313135713574,143.07231197215032,150.61792919171955,142689800
2022-05-12,139.88328552246094,143.45494014257622,136.1938888181264,140.08934914213407,182602000
2022-05-13,144.34788513183594,145.31930242919321,140.422988536555,141.8751960845671,113990900
2022-05-16,142.80734252929688,144.7501769403197,141.4728772141811,142.8171643521235,86643800
2022-05-17,146.43788146972656,146.95792901438662,143.9259353445969,146.0650115425021,78336300
2022-05-18,138.1759490966797,144.5931464578241,137.2732099832936,144.09272768669095,109742900
2022-05-19,134.77114868164062,139.00022255113117,134.03523053806913,137.25364468817165,136095600
2022-05-20,135.00662231445312,138.0582299092985,130.1201304167111,136.47845848613497,137426100
2022-05-23,140.4229736328125,140.57015125059797,135.0654837610607,135.20285452842407,117726300
2022-05-24,137.724609375,139.3043807072169,134.75150167714628,138.1661572066265,104132700
2022-05-25,137.88165283203125,139.12779700339118,135.74257591724066,135.83088251729689,92482700
2022-05-26,141.08038330078125,141.62986633656274,134.56505664226245,134.81036263839988,90601500
2022-05-27,146.8303680419922,146.869610416665,142.5326018592053,142.6601657784012,90978500
2022-05-31,146.04537963867188,147.8312145429356,144.08293159739236,146.2710719434681,103718400
2022-06-01,145.91783142089844,148.89093902040028,144.90715690011942,147.08547543452738,74286600
2022-06-02,148.3708953857422,148.429766433254,144.1025647736461,145.05435330119587,72348100
2022-06-03,142.65036010742188,145.19172685572278,141.7476357595722,144.14180991397814,88570300
2022-06-06,143.3960418701172,145.7804234287984,142.17931899917454,144.26933043091793,71598400
2022-06-07,145.91783142089844,146.20237980048756,141.39438806442126,141.63969407079793,67808200
2022-06-08,145.18191528320312,147.05604181726716,144.6913032640919,145.79026939576806,53950200
2022-06-09,139.9617919921875,145.17208908244996,139.85385675234653,144.3184289860741,69473000
2022-06-10,134.55523681640625,138.11706935567418,134.48654395741318,137.64608608075142,91437900
2022-06-13,129.40383911132812,132.6614953380435,128.97209811172078,130.37524138815306,122207100
2022-06-14,130.2672882080078,131.37607607962988,129.0113227305463,130.63035125622758,84784300
2022-06-15,132.8871612548828,134.76130271815364,129.67856950370555,131.76856647591572,91533000
2022-06-16,127.61801147460938,129.90426555728718,126.61715864214314,129.60008846415832,108123900
2022-06-17,129.08984375,130.58130861525225,127.37270152778396,127.62782938306579,134520300
2022-06-21,133.31890869140625,134.48656772231706,130.8167993077871,130.91491273074396,81000500
2022-06-22,132.80870056152344,135.17343948860204,131.395735327504,132.2592024365102,73409200
2022-06-23,135.67384338378906,135.98782727058793,133.08341268546732,134.2510716127321,72433800
2022-06-24,139.00021362304688,139.24551965514786,137.1457006192552,137.27324957478913,89116800
2022-06-27,139.00021362304688,140.79585557470105,138.32316657888146,140.02068012877845,70207900
2022-06-28,134.85943603515625,140.72715167094702,134.74169394010806,139.46137923230657,67083400
2022-06-29,136.61582946777344,138.02879459026983,134.1038981265762,134.87907356263912,66242400
2022-06-30,134.1529541015625,135.77196780465343,131.2583461315228,134.67300165333307,98964500
2022-07-01,136.32142639160156,136.4293616172376,133.11283508569903,133.4856899787513,71051600
2022-07-05,138.90208435058594,138.951148551157,134.35901187342057,135.18325151505502,73353800
2022-07-06,140.23654174804688,141.41400763305737,138.43109305954474,138.69602774966668,74064300
2022-07-07,143.6021270751953,143.79836886527636,140.5897624458258,140.59956929502877,66253700
2022-07-08,144.27919006347656,144.7796239540416,142.2774994180926,142.5326123028861,64547800
2022-07-11,142.14993286132812,143.88670373849325,141.08040216848238,142.93491514840724,63141600
2022-07-12,143.12136840820312,145.6627355993454,142.32657916846543,143.02323999517395,77588800
2022-07-13,142.75830078125,143.7002675399076,139.45156535802397,140.3052405126538,71185600
2022-07-14,145.68234252929688,146.1533259024835,140.56035155748177,141.3747693527097,78140700
2022-07-15,147.3503875732422,148.02743444283934,145.41737534090672,146.96771086072485,76259900
2022-07-18,144.30865478515625,148.72416382298212,143.94559163866427,147.90974591488566,81420900
2022-07-19,148.16481018066406,148.39048748737392,144.15160798832517,145.1426387458673,82982400
2022-07-20,150.1665496826172,150.83378994510406,147.54668278325192,148.28260095629702,64823400
2022-07-21,152.43319702148438,152.64906755964233,149.0872186523304,151.59915039930192,65086600
2022-07-22,151.19683837890625,153.34572184345396,150.5296130875675,152.47243287549966,66675400
2022-07-25,150.07823181152344,152.1289867062053,149.42081342303993,151.11832702232695,53623900
2022-07-26,148.75355529785156,150.21556938623502,147.96857315136768,149.4011517193333,55138700
2022-07-27,153.8461151123047,154.37598449377768,149.3030578563077,149.71517016840275,78620700
2022-07-28,154.39564514160156,154.6801935925864,151.51084338722362,154.0325819799109,81378700
2022-07-29,159.45872497558594,160.55770616166393,156.50524578988953,158.21258113398608,101786900
2022-08-01,158.4774932861328,160.51844113720935,157.8691391572039,157.98688125382472,67829400
2022-08-02,157.00567626953125,159.36062329417274,156.6328212608233,157.0939978250213,59907000
2022-08-03,163.01075744628906,163.4621121282082,157.73176722636683,157.82007379818262,82507500
2022-08-04,162.69677734375,164.05087149041262,161.3426831970874,162.8930191834261,55474100
2022-08-05,162.47076416015625,162.96205765324038,160.16167874542583,160.3680286094797,56697000
2022-08-08,161.99911499023438,164.88792318870864,161.34078349494277,163.47299550022427,60276900
2022-08-09,162.04824829101562,162.93258559805665,160.40732977942574,161.16392597706255,63135500
2022-08-10,166.29302978515625,166.3912794896035,163.99376480339055,164.76018146628317,70170500
2022-08-11,165.5561065673828,168.01257432763373,165.26132743753485,167.09876052441393,57149200
2022-08-12,169.10324096679688,169.1720142653812,166.45024387983412,166.86294364369544,68039400
2022-08-15,170.1742401123047,170.370754508125,168.36628368181792,168.53332166791955,54091700
2022-08-16,170.0170440673828,170.6852110892498,168.67090454328755,169.77139729331643,56377100
2022-08-17,171.51055908203125,173.08268924248625,169.56504107416526,169.76155547008622,79542000
2022-08-18,171.11752319335938,171.85446345688476,170.10545976423154,170.72449438338106,62290100
2022-08-19,168.5333251953125,170.71466951867444,168.3269753298755,170.0170261568602,70346300
2022-08-22,164.65211486816406,166.90223255698254,164.22959465128477,166.73519456201245,69026800
2022-08-23,164.31800842285156,165.77224787707962,163.74810620318166,164.1706263803019,54147100
2022-08-24,164.61280822753906,165.1827105189657,163.35509799580043,164.40647334198977,53841500
2022-08-25,167.0692901611328,167.17737534622174,165.41855096314578,165.841056236527,51218200
2022-08-26,160.77088928222656,168.0715189036816,160.71193645776907,167.59988131493301,78961000
2022-08-29,158.5699005126953,160.06342201093398,157.03706713692557,158.34389469961232,73314000
2022-08-30,156.14288330078125,159.72931938342805,154.97360252515915,159.3068142254931,77906200
2022-08-31,154.4822998046875,157.7837920932139,154.4036910605458,157.5184894558713,87991100
2022-09-01,155.20947265625,155.66145434866903,151.97675253984187,153.91245042285962,74229900
2022-09-02,153.09689331054688,157.56766760419046,152.2715237467297,156.9682888748041,76957800
2022-09-06,151.83917236328125,154.35459275815265,151.0138028574181,153.7453935980758,73714800
2022-09-07,153.24429321289062,153.9419216691413,150.93520749298594,152.1241445003408,87449600
2022-09-08,151.7703857421875,153.63729493578492,150.0213671908206,151.9472441951636,84923800
2022-09-09,154.6297149658203,155.07189112050955,152.0553417641127,152.76280561990976,68028800
2022-09-12,160.58421325683594,161.39976240335073,156.5261384587271,156.81108213975503,104956000
2022-09-13,151.16119384765625,157.7445243311509,150.69937671737435,157.1156691952697,122656600
2022-09-14,152.6055908203125,154.3644300184662,150.9351958505273,152.0946413613245,87965400
2022-09-15,149.71678161621094,152.5368165999088,148.74403004784534,151.9570788549336,90481100
2022-09-16,148.07586669921875,148.71455728301882,145.78643705402317,148.57699569456918,162278800
2022-09-19,151.79005432128906,151.86866309017464,146.50374580326707,146.71008070263835,81474200
2022-09-20,154.1679229736328,155.32738364566532,150.41444773199837,150.72886783406594,107689800
2022-09-21,151.04330444335938,155.97589634819317,150.9253987780384,154.60026528272206,101696800
2022-09-22,150.08033752441406,151.78020876552435,148.28220159016286,149.7266056194288,86652500
2022-09-23,147.81056213378906,148.8324610577634,145.97312915554878,148.55733788432917,96029900
2022-09-26,148.1446533203125,151.09241446222893,147.03432515906897,147.05398109807987,93339400
2022-09-27,149.11741638183594,152.02588086273627,147.33893608818533,150.08036255735442,84442700
2022-09-28,147.2308349609375,148.01690757279204,142.31789987820665,145.06914652315353,146691400
2022-09-29,139.99899291992188,144.16516723784525,138.2303333041484,143.55596808972413,128138200
2022-09-30,135.7935028076172,140.60818747966655,135.59698843169565,138.8198721746833,124925300
2022-10-03,139.96951293945312,140.57872706512543,135.2924042908768,135.80335372086685,114311700
2022-10-04,143.55593872070312,143.6738443399373,141.74796759829826,142.50456363891553,87830100
2022-10-05,143.85073852539062,144.81368463210958,140.51976901629106,141.56132388640066,79471000
2022-10-06,142.8976287841797,144.97088807825529,142.69129389793306,143.27101666436323,68402200
2022-10-07,137.65061950683594,140.60821619318722,137.02176437961742,140.05795483791823,85925600
2022-10-10,137.97488403320312,139.41928832461434,136.15710682488464,137.97488403320312,74899000
2022-10-11,136.5599365234375,138.88867789955424,135.8131758038938,137.4639147607023,77033700
2022-10-12,135.93106079101562,137.91589041966,135.75420235526866,136.70731279613284,70433700
2022-10-13,140.5001220703125,141.08966528093347,132.0302118420066,132.63942598399592,113224000
2022-10-14,135.97039794921875,142.00348171103434,135.78370401470698,141.79713183786654,88598000
2022-10-17,139.9302215576172,140.41167960335844,137.82748592791265,138.61355854500806,85250900
2022-10-18,141.2469024658203,144.14553155258784,138.1615794221166,142.95660950013638,99136600
2022-10-19,141.35498046875,142.42599680685538,139.03607431855443,139.22276826600364,61758300
2022-10-20,140.89317321777344,143.3496411342512,140.16605331698352,140.52962076392365,64522000
2022-10-21,144.70559692382812,145.27549920361895,140.1660346242772,140.38220497154572,86548600
2022-10-24,146.84762573242188,147.6140424012265,143.45770354454174,144.62698448602487,75981900
2022-10-25,149.68731689453125,149.83471395703802,146.75921150175503,147.476495894735,74732300
2022-10-26,146.7493896484375,149.3434189974195,145.46218795090752,148.33135548203074,88194300
2022-10-27,142.27862548828125,146.4546209688135,141.62029388228584,145.49168973842666,109180200
2022-10-28,153.02810668945312,154.75745443354808,145.24601935139384,145.6193922207591,164762400
2022-10-31,150.6698760986328,151.55421333060897,149.27460445858512,150.4930176480896,97943200
2022-11-01,148.02676391601562,152.74318573696127,146.5332420839713,152.37963325052954,80379300
2022-11-02,142.5045928955078,149.5202635488904,142.47511648464766,146.35633217647393,93604600
2022-11-03,136.46170043945312,140.31344004952294,136.33395931941936,139.58632020230726,97918500
2022-11-04,136.1959686279297,140.4182534262788,132.25910018387182,139.84740569973505,140814800
2022-11-07,136.7274169921875,136.95378268582516,133.52871190234,134.94598671425354,83374600
2022-11-08,137.2982635498047,139.19779504119253,135.31999290082103,138.1939045722533,89908500
2022-11-09,132.7413787841797,136.36330615762654,132.46579914921745,136.31409229039105,74917800
2022-11-10,144.55197143554688,144.55197143554688,137.29829567413785,139.01083896213112,118854000
2022-11-11,147.33729553222656,147.64240042758996,142.09141663457416,143.51854343102002,93979700
2022-11-14,145.93968200683594,147.9081158240503,145.10309162733654,146.6187940766482,73374100
2022-11-15,147.6719207763672,151.16589433590542,146.2152837355369,149.81752177217496,89868300
2022-11-16,146.44161987304688,147.50457588314197,144.96529458424104,146.77626501882386,64218300
2022-11-17,148.34120178222656,149.08920136807347,143.84332244877638,144.1189020339811,80389400
2022-11-18,148.90220642089844,150.28995621048665,147.6030475887024,149.90611212166033,74829600
2022-11-21,145.67396545410156,147.99671837716943,145.3885491071394,147.79004119922186,58724100
2022-11-22,147.8096923828125,148.04590985414606,144.6109873377189,145.79205967642807,51804100
2022-11-23,148.68565368652344,149.43365312101446,146.98294764352303,147.09121210280074,58301400
2022-11-25,145.7724151611328,146.53026663651238,144.79803469278767,145.9692556043843,35195900
2022-11-28,141.9437713623047,144.32557460653223,141.11703271911014,142.84924916455952,69246000
2022-11-29,138.94190979003906,142.5244590100729,138.13485967272496,142.01266197350824,83763800
2022-11-30,145.6936492919922,146.37276146207836,138.33170993361605,139.16828541868128,111380900
2022-12-01,145.96923828125,146.77630352615344,144.29607218523327,145.87082558028513,71250400
2022-12-02,145.47714233398438,145.66414600537883,143.351229571757,143.65634951969474,65447400
2022-12-05,144.31573486328125,148.53801893223152,143.4693076933105,145.43774157529282,68826400
2022-12-06,140.65447998046875,144.9751927748334,139.68009957146649,144.74882702977874,64727200
2022-12-07,138.715576171875,141.10721678685633,137.79040959032307,139.94584768607433,69721100
2022-12-08,140.39854431152344,141.25482328488022,138.8730200272998,140.1131279990439,62128300
2022-12-09,139.91629028320312,143.27247380855323,138.67616726979998,140.09344213199822,76097000
2022-12-12,142.2095184326172,142.21935519606154,138.8336463442299,140.44776160871248,70462700
2022-12-13,143.17404174804688,147.6030180487257,141.9634590975565,147.14043487810696,93886200
2022-12-14,140.94972229003906,144.3452679150581,138.9320744491566,143.05594605605327,82291200
2022-12-15,134.3456268310547,139.5619801804679,133.88304361781863,138.88286801559113,98931900
2022-12-16,132.3870086669922,135.47744910553232,131.61932069307161,134.53260929976452,160156900
2022-12-19,130.2808074951172,133.06614357854048,129.24739159594094,132.9775676474043,79592600
2022-12-20,130.21189880371094,131.14690185461754,127.83993247167396,129.31625782088165,77432800
2022-12-21,133.31219482421875,134.6507305969255,130.65481182459862,130.88117753836192,85928000
2022-12-22,130.14300537109375,132.4362327068824,128.24347383297044,132.2295555538223,77852100
2022-12-23,129.7788543701172,130.33001348787815,127.59389142616514,128.8536879861786,63814900
2022-12-27,127.97773742675781,129.33596171498522,126.68841553829142,129.3064364059333,69007800
2022-12-28,124.05071258544922,128.96195335269854,123.88339749624971,127.62341762114275,85438400
2022-12-29,127.56436157226562,128.42062552699434,125.71403637929805,125.9699273840094,75703700
2022-12-30,127.87928009033203,127.89896863112506,125.41874562865388,126.38328138510155,77034200
2023-01-03,123.09603118896484,128.83401111884518,122.21023430585915,128.2238013285794,112117500
2023-01-04,124.36566925048828,126.62937150933897,123.10587260552037,124.8873030948284,89113600
2023-01-05,123.04679870605469,125.7533952948206,122.79090770776376,125.12349705306252,80962700
2023-01-06,127.57421875,128.2336424206293,122.91887596059405,124.02120184221346,87754700
2023-01-09,128.09584045410156,131.30439758356596,127.83994943275363,128.41079711233908,70790800
2023-01-10,128.66668701171875,129.18832083166095,126.09787998496417,128.20410381019116,63896200
2023-01-11,131.3831329345703,131.4028064616691,128.40095662151043,129.1784814447806,69458900
2023-01-12,131.3043975830078,132.14097304777255,129.36548883237654,131.76698078856714,71379600
2023-01-13,132.633056640625,132.7905349401524,129.5819934315568,129.9461488585014,57809700
2023-01-17,133.79444885253906,135.12313266732727,132.01301865225,132.7019674841355,63646600
2023-01-18,133.07598876953125,136.42232060237055,132.8988218980733,134.6605787592018,69672800
2023-01-19,133.13504028320312,134.0995687562006,131.65871475561192,131.96381962844052,58280400
2023-01-20,135.69400024414062,135.84164181281548,132.10161400912494,133.14488168206822,80223600
2023-01-23,138.8828887939453,141.05801539977267,135.72354499448727,135.94007397852303,81760300
2023-01-24,140.28045654296875,140.90051809732327,138.0856567013407,138.0954934654877,66435100
2023-01-25,139.62103271484375,140.18202862963406,136.61916767862735,138.6663409653264,65799300
2023-01-26,141.6879119873047,141.97332836189656,139.6604119793185,140.91037200424128,54105100
2023-01-27,143.62677001953125,144.9062550377642,140.82176076743906,140.90049992434123,70555800
2023-01-30,140.74302673339844,143.2527830109075,140.59540019505755,142.67209860282117,64015300
2023-01-31,142.01266479492188,142.06187864867766,140.03439402480078,140.4477633640219,65874500
2023-02-01,143.1346893310547,144.29607334830789,139.08957136310852,141.69774073810188,77663600
2023-02-02,148.43960571289062,148.7939093931277,145.831421817907,146.5498959772077,118339000
2023-02-03,152.0615234375,154.8960731461596,145.4967979818679,145.69363837431163,154357300
2023-02-06,149.33522033691406,150.68360765070338,148.400217321163,150.16197391503306,69858300
2023-02-07,152.20913696289062,152.77998456473935,148.26243261630023,148.26243261630023,83322600
2023-02-08,149.52227783203125,152.14029923404468,148.78411491914525,151.45135018561032,64120100
2023-02-09,148.4888153076172,151.89421276586904,148.04592065726195,151.35289040745275,56007100
2023-02-10,148.85354614257812,149.1788354914484,147.08911426452642,147.32569243849323,57450700
2023-02-13,151.6529998779297,152.05713357186568,148.76483299254943,148.79440338379132,62199000
2023-02-14,151.01226806640625,151.5741355635304,148.7056873791277,149.9476888936107,61707600
2023-02-15,153.11183166503906,153.27940219693946,150.6968215839401,150.92353288699502,65573800
2023-02-16,151.51498413085938,154.09756497312395,151.16012443154224,151.3178281549916,68167900
2023-02-17,150.37156677246094,150.8151376986906,148.69584602843153,150.17442580979125,59144100
2023-02-21,146.35964965820312,149.1393862953431,146.29065710385296,148.05508866222715,58867200
2023-02-22,146.78353881835938,147.8086807909047,145.0585291708209,146.74410160351695,51011300
2023-02-23,147.2665252685547,148.1931042440918,145.1373820304515,147.94667430552937,48394200
2023-02-24,144.61492919921875,145.08807039598366,143.6390613800591,145.00921102304162,55469600
2023-02-27,145.80764770507812,147.03979725813033,145.34435826985944,145.60065500306268,44998500
2023-02-28,145.3049774169922,146.95112788301643,144.73325805691135,144.95011764317968,50547000
2023-03-01,143.2349395751953,145.1275197577975,142.93922063146897,144.73323786008925,55479000
2023-03-02,143.8263702392578,144.61494903595985,141.84506394442167,142.31822024697658,52238100
2023-03-03,148.87322998046875,148.952089353373,145.2260704687506,145.9259229618336,70732300
2023-03-06,151.63328552246094,154.0680147422593,151.26857399298945,151.59384830577196,87558000
2023-03-07,149.43511962890625,151.83041139396585,148.9718301446463,151.50512207262017,56182000
2023-03-08,150.68699645996094,151.2784344169459,149.6618543808646,150.62785567244086,47204800
2023-03-09,148.4395294189453,152.33311931510104,148.08466971716794,151.36711819838627,53833600
2023-03-10,146.37937927246094,148.78453780981002,145.5020893181875,148.06496662146847,68572400
2023-03-13,148.32127380371094,150.95314411845015,145.59082548311505,145.69925527320058,84457100
2023-03-14,150.4109649658203,151.2093955139033,147.95653254628945,149.11967456920323,73695900
2023-03-15,150.80528259277344,151.06156433450928,147.77911548729296,149.03098388604963,77167900
2023-03-16,153.62440490722656,154.22569446185167,149.4745187940127,149.98709719489494,76161100
2023-03-17,152.7865447998047,154.50170239485772,152.07682545294745,153.85112382009055,98944600
2023-03-20,155.15228271484375,155.5662982460434,151.94869352566715,152.85556893212473,73641400
2023-03-21,157.0054473876953,157.1237289497417,154.3045697408097,155.07344501678244,73938300
2023-03-22,155.57614135742188,159.82459083880553,155.55642275206148,157.02515051318744,75701800
2023-03-23,156.66043090820312,159.24302685232914,155.4282812343858,156.56186795883147,67622100
2023-03-24,157.9615936279297,158.0503047976887,155.59587218901564,156.5914437450547,59196500
2023-03-27,156.01974487304688,158.47419284355544,155.6155961034445,157.65604352005258,52390300
2023-03-28,155.3987274169922,156.226743517172,153.7525770821358,155.71416498675424,45992200
2023-03-29,158.47421264648438,158.75021305024035,157.07449201575224,157.09419558681057,51305700
2023-03-30,160.04147338867188,160.14990317241256,158.96704237580855,159.22332411879057,49501700
2023-03-31,162.54518127441406,162.64375926608275,159.59788883873148,160.120319104618,68749800
2023-04-03,163.79705810546875,163.91533966892132,161.87490749491164,161.92419649331373,56976200
2023-04-04,163.26478576660156,164.4574983782598,162.75220722625122,164.22093523724538,46278300
2023-04-05,161.42141723632812,162.69300379319972,159.4894154711681,162.3874331597938,51511700
2023-04-06,162.3086395263672,162.60435849941234,159.6866210280676,160.11047335808198,45390100
2023-04-10,159.7161407470703,159.7161407470703,157.793990593468,159.11485120764732,47716900
2023-04-11,158.5037384033203,160.04145880285023,158.21787125365222,160.03160702009572,47644200
2023-04-12,157.813720703125,159.74572277857914,157.49828319805357,158.9177218890988,50133100
2023-04-13,163.1957550048828,163.4323331532267,159.11487595150933,159.32188371142138,68445600
2023-04-14,162.85073852539062,163.94488786146843,161.48058891002177,162.2395821576286,49386500
2023-04-17,162.87049865722656,163.0282174547124,161.6876377578676,162.73249846964956,41516200
2023-04-18,164.0927734375,165.01935243982652,163.2844759960185,163.72806193096773,49923000
2023-04-19,165.23622131347656,165.75865162452376,163.1760554202755,163.43235220441335,47720200
2023-04-20,164.27017211914062,165.47275128415967,163.19574132050678,163.71817152684758,52456400
2023-04-21,162.66348266601562,164.07305473489896,162.14105238473394,162.69305305620966,58337300
2023-04-24,162.96905517578125,163.23520373133107,161.54961626736943,162.643765839196,41949600
2023-04-25,161.4313507080078,163.93507261234095,161.3919134894812,162.8310711478655,48714100
2023-04-26,161.42141723632812,162.91971506300322,160.47513495487013,160.7314166059138,45498800
2023-04-27,166.0050811767578,166.15293313578908,162.8310621018307,162.8310621018307,64902300
2023-04-28,167.2568817138672,167.4244672690285,165.48259860230297,166.08388811394212,55275900
2023-05-01,167.16822814941406,168.01594783420873,166.23179728666088,166.8626573980738,52472900
2023-05-02,166.13319396972656,167.91735928630777,165.14747425578494,167.6610625345139,48425700
2023-05-03,165.0587615966797,168.47921017635485,164.77290950021637,167.07949000013943,65136000
2023-05-04,163.4224853515625,164.6546351492701,161.9636242025262,162.53534351356944,81235400
2023-05-05,171.09136962890625,171.81094077356033,168.32148473339686,168.5383442631647,113453200
2023-05-08,171.02236938476562,171.3673772990156,169.65221959190652,170.01693107088172,55962800
2023-05-09,169.3170928955078,171.06180609803263,169.14952233576255,170.57881302608763,45326900
2023-05-10,171.08152770996094,171.54481722364216,169.4452292165715,170.54924563088602,53724500
2023-05-11,171.26881408691406,172.09681510347738,169.71137500858376,171.36739208260082,49514700
2023-05-12,170.3409423828125,171.8116866019269,168.79121464447562,171.3773676163626,45533100
2023-05-15,169.847412109375,170.97268634600138,169.2551561693846,170.92332917405315,37266700
2023-05-16,169.847412109375,170.903583292935,169.58089543020992,169.76844364659667,42110300
2023-05-17,170.45938110351562,170.6962714054677,168.21869827349877,169.49204389326178,57951600
2023-05-18,172.78892517089844,172.97647339745131,170.35082834910114,170.76540150488879,65496700
2023-05-19,172.89747619628906,174.11158416944232,172.68031671339108,174.11158416944232,55809500
2023-05-22,171.9498748779297,172.4532969038887,171.20956254487746,171.73271538863227,43570900
2023-05-23,169.34397888183594,171.1404774028389,169.0675968111729,170.89370662105455,50747300
2023-05-24,169.62037658691406,170.19288666082696,168.317434571077,168.88006417332414,45143500
2023-05-25,170.7555389404297,171.65377326209193,169.47232768730396,170.18302884098296,56058300
2023-05-26,173.1639862060547,173.49960591702484,170.87396117733175,171.08125526170468,54835000
2023-05-30,175.00987243652344,176.6780456265802,174.28930584342234,174.6742677286896,55964400
2023-05-31,174.96047973632812,177.03336027410137,174.47680359439627,175.0394481918492,99625300
2023-06-01,177.7637939453125,177.79340523372372,174.64460769798924,175.40466591116137,68901800
2023-06-02,178.61270141601562,179.43198227661338,176.94452840385708,178.69166987914852,61996900
2023-06-05,177.26040649414062,182.56103856696868,175.74028990045602,180.27101332814428,121946500
2023-06-06,176.89517211914062,177.79340630920336,175.13815031318512,177.64534986625156,64848400
2023-06-07,175.52313232421875,178.8693435880805,175.0295907510138,176.13511905525095,61944600
2023-06-08,178.2375946044922,178.5040961851235,175.16776569867469,175.60206959137867,50214900
2023-06-09,178.62255859375,179.87614324556046,178.29681937394096,179.15557682326966,48900000
2023-06-12,181.41600036621094,181.51471470308874,178.6324337942364,178.92856174317663,54274900
2023-06-13,180.9422149658203,181.7713612206094,180.08345742062403,180.4388079672042,54929100
2023-06-14,181.57391357421875,182.00823250106723,179.66885062708653,181.00140363079947,57462900
2023-06-15,183.60733032226562,184.11075236554325,181.40613912687283,181.58382192499832,65433200
2023-06-16,182.5314178466797,184.57468723659963,181.88981981135748,184.31803597311566,101256200
2023-06-20,182.62022399902344,183.69615593706706,182.0279832243918,182.0279832243918,49799100
2023-06-21,181.58383178710938,183.015099412311,180.23151756348105,182.51167734169172,49515700
2023-06-22,184.5845489501953,184.63390612000734,181.29756025506936,181.3666633051449,51245300
2023-06-23,184.26866149902344,185.13729942612093,182.6202345686034,183.1532678644832,53117000
2023-06-26,182.8769073486328,185.6209974197008,182.83741558637178,184.4167547195407,48088700
2023-06-27,185.630859375,185.9565986299679,183.27173119056016,183.48889069387212,50730800
2023-06-28,186.80548095703125,187.4470789620611,185.17679982937508,185.5025240055518,51216800
2023-06-29,187.14109802246094,187.61490879718235,186.49949997485513,186.63769101872532,46347300
2023-06-30,191.4645233154297,191.96793030893548,188.7895213028153,189.15475231695294,85213200
2023-07-03,189.97402954101562,191.37568580561538,189.28305928715224,191.27697146600818,31458200
2023-07-05,188.858642578125,190.48732393792235,188.15780683402295,189.09554798353173,46920300
2023-07-06,189.33241271972656,189.53970680413252,186.75612514844465,187.3878577490578,45094300
2023-07-07,188.217041015625,190.1813422528557,187.7827370048323,188.93762268666168,46815000
2023-07-10,186.1737518310547,187.53593138541007,184.62402407003376,186.8153498480431,59922200
2023-07-11,185.65065002441406,186.85489299256102,184.1897707912365,186.71670191728336,46638100
2023-07-12,187.31878662109375,189.22385000348103,186.03557542450565,187.22993768452707,60750200
2023-07-13,188.07884216308594,188.72045533421505,187.32866429002723,188.03936545890204,41342300
2023-07-14,188.22689819335938,188.71055932283986,187.18059240914323,187.77283329330808,41616200
2023-07-17,191.4842987060547,191.81003800912126,189.3324492359564,189.4212831199665,50520200
2023-07-18,191.22763061523438,191.8198865800326,189.93455398917624,190.85254922844402,48288200
2023-07-19,192.57992553710938,195.6694855056854,190.1615598085878,190.60575926840173,80507300
2023-07-20,190.63536071777344,193.93221460154035,190.0134935554866,192.57003512669965,59581200
2023-07-21,189.46075439453125,192.45161532627134,188.75991868585442,191.59285775033445,71951700
2023-07-24,190.26028442382812,192.3923877240068,189.76674282999198,190.9117629424984,45377800
2023-07-25,191.11904907226562,191.92846454581797,190.42809382758358,190.83280156435973,37283200
2023-07-26,191.9876708984375,193.112945076557,190.82292002182845,191.16839008411552,47471900
2023-07-27,190.72422790527344,194.6528150463848,190.06288393124004,193.48806403406496,47460200
2023-07-28,193.30050659179688,194.09017617119656,191.63233355900982,192.15548645475204,48291400
2023-07-31,193.91249084472656,193.95198260711592,192.7378594315981,193.52752900074864,38824100
2023-08-01,193.0833282470703,194.1888565133771,192.75758901252786,193.7051954277144,35175100
2023-08-02,190.0924835205078,192.65889079076135,189.37191700535638,192.52069974591456,50389300
2023-08-03,188.70068359375,189.8851803589987,188.22688789998924,189.09552588996192,61235200
2023-08-04,179.63926696777344,184.9596445164711,179.57016391801557,183.12366926443607,115956800
2023-08-07,176.53982543945312,180.76454006954836,175.05920073091434,179.7774569305225,97576100
2023-08-08,177.47755432128906,177.94148460917899,175.2862285117603,177.36897457174686,67823000
2023-08-09,175.8883819580078,178.59298065772126,174.7236157900662,178.53375806746422,60378500
2023-08-10,175.6711883544922,178.41527829006225,175.30597241092943,177.1616784798233,54686900
2023-08-11,175.73049926757812,176.5508864753638,174.5048729038775,175.2659575562626,52036700
2023-08-14,177.3811798095703,177.60851131506328,175.25607590732963,175.90843422608452,43675600
2023-08-15,175.39443969726562,177.40092323969566,174.99907927707545,176.8078826094104,43622600
2023-08-16,174.52464294433594,176.47180884084688,174.45544657600635,175.07815356283987,46964900
2023-08-17,171.98439025878906,175.4537251155125,171.47040969711574,175.08801600845376,66062900
2023-08-18,172.46875,173.0716844916875,169.96805819399307,170.30411608587545,61172200
2023-08-21,173.80311584472656,174.0897650131681,171.72745069652257,173.04204616473623,46311900
2023-08-22,175.177001953125,175.62178623446252,174.20835828322907,175.00897300604348,42038900
2023-08-23,179.02195739746094,179.44698425379124,176.26428252624584,176.4520840384358,52722800
2023-08-24,174.33685302734375,179.00217866700072,173.9711287799832,178.57715186115848,54945800
2023-08-25,176.54098510742188,177.0747231196245,173.78331106065053,175.3252376314931,51449600
2023-08-28,178.10272216796875,178.49808262553688,176.48172016068384,178.00387451255935,43820700
2023-08-29,181.98716735839844,182.75813070921157,177.4206898063463,177.61837000977968,53003900
2023-08-30,185.47628784179688,185.67398314097,182.6000082560471,182.7976884731864,60813900
2023-08-31,185.69375610351562,186.92927641629686,185.3082743692093,185.6641048225717,60794500
2023-09-01,187.26531982421875,187.7199827815663,186.09898099052413,187.29497110047913,45766500
2023-09-05,187.50253295898438,187.77928826308653,185.4367469097816,186.09898389331408,45280000
2023-09-06,180.79119873046875,186.66239298088038,179.3678770840619,186.21759365485326,81755800
2023-09-07,175.50318908691406,176.14566870650594,171.5297514902668,173.15075355684382,112488800
2023-09-08,176.115966796875,178.15211655476327,175.7304851357375,176.2840107997074,65551300
2023-09-11,177.28231811523438,178.21143169284028,175.28571330476424,177.98410020535158,58953100
2023-09-12,174.25775146484375,178.04338672084478,172.79489994360574,177.4108010563609,90370200
2023-09-13,172.19200134277344,175.24620393193433,171.96465474647994,174.46534664942806,84267900
2023-09-14,173.70425415039062,174.060084556446,171.56927171405846,171.98440467411754,60895800
2023-09-15,172.9827117919922,174.45545734300367,171.80650919609533,174.43568479625586,109259500
2023-09-18,175.90841674804688,177.30208708635865,174.1292647291417,174.43567131089117,67257600
2023-09-19,176.9956817626953,177.54919237650395,175.07815207769175,175.46363376102514,51826900
2023-09-20,173.45718383789062,177.6184080610438,173.3682149075579,177.18350247110067,58436200
2023-09-21,171.91522216796875,174.25777881422758,171.84604087673065,172.52805046683002,63149100
2023-09-22,172.7652587890625,175.02874030453424,172.03384046276338,172.64665367280514,56725400
2023-09-25,174.04031372070312,174.92000347180993,172.13266274999066,172.1820865728236,46172700
2023-09-26,169.9680633544922,173.17052232124786,169.6715354659317,172.79493440563715,64588900
2023-09-27,168.4557342529297,171.03550065621633,167.09173040755883,170.62036773962245,66921800
2023-09-28,168.71275329589844,170.03722730338785,165.67830850769053,167.37838547451082,56294400
2023-09-29,169.2267303466797,171.06518493104676,168.36679806748614,170.02734498983367,51861100
2023-10-02,171.73731994628906,172.2809518891447,168.9499789385755,169.2366280911879,52164500
2023-10-03,170.4029541015625,171.61871693838452,168.84126971126884,170.26457643095287,49594600
2023-10-04,171.64834594726562,172.19197782627828,168.98950418793981,169.10810929534875,53020300
2023-10-05,172.8838653564453,173.41760341955526,170.67968657288918,171.77682905786853,48527900
2023-10-06,175.43399047851562,175.92819856079907,171.17390414032383,171.78673241813826,57266700
2023-10-09,176.9166259765625,176.97592853708252,173.7635757979471,174.76187075811515,42390800
2023-10-10,176.3235626220703,177.63815795783916,175.8886570875863,176.03692856454262,43698000
2023-10-11,177.7172088623047,177.76663268122664,175.5426965680271,176.13573714899445,47551100
2023-10-12,178.61671447753906,180.22782277513622,176.96604600034954,177.98412865495294,56743100
2023-10-13,176.77822875976562,179.82253713140665,176.07644667980117,179.31845034069394,51427100
2023-10-16,176.6497344970703,177.0055649122618,174.46532818230494,174.70255348644375,52517000
2023-10-17,175.09791564941406,176.35320838797153,172.77514673671925,174.60370757241088,57549400
2023-10-18,173.80311584472656,175.52296560926894,173.08157618002008,173.54613304029243,54764400
2023-10-19,173.427490234375,175.7799102245973,173.16061367257353,174.00075828264139,59302900
2023-10-20,170.8773956298828,173.3879661145723,170.64017031492207,173.27923973046956,64244000
2023-10-23,170.99600219726562,171.99429712738208,167.96155723103598,168.93021596381925,55980100
2023-10-24,171.43087768554688,171.65820914819068,169.46392436745393,171.04539603931104,43816600
2023-10-25,169.11801147460938,171.0552987076063,168.67321213575732,169.88897487497013,57157000
2023-10-26,164.95677185058594,169.39476582537458,163.75090293239452,168.3964558542296,70625300
2023-10-27,166.2713623046875,167.00279566914165,164.89746448966903,164.97653958977486,58499100
2023-10-30,168.3173828125,169.18719386762373,166.91383366211736,167.06210513671374,51131000
2023-10-31,168.79183959960938,168.92032345051314,165.95507483465602,167.3882903979478,44846000
2023-11-01,171.9547576904297,172.2117404582064,168.14934950515965,169.01916053768616,56934900
2023-11-02,175.51307678222656,175.72063574409248,173.4275179386151,173.4868204991482,77334800
2023-11-03,174.6036834716797,174.77172746685503,171.34192267930985,172.2216123316697,79829200
2023-11-06,177.15383911132812,177.3515193436343,174.1688329148246,174.33686186638658,63841300
2023-11-07,179.71385192871094,180.32666518466948,176.896859550255,177.10441851925728,70530000
2023-11-08,180.77142333984375,181.32493395317235,179.4864793691692,180.23768527185777,49340300
2023-11-09,180.29696655273438,181.98714947029399,179.7039109186948,180.84059837026544,53763500
2023-11-10,184.48348999023438,184.65175539538808,181.6430032262288,182.07848170612579,66133400
2023-11-13,182.8999481201172,184.11729742228064,182.31601793716675,183.9094650326421,43627500
2023-11-14,185.51280212402344,186.17591157835597,184.38452385663774,185.77012344749633,60108400
2023-11-15,186.0769500732422,187.55163591900057,185.84931907084464,185.91860660743325,53790500
2023-11-16,187.7594757080078,188.9966236513369,186.7103615664657,187.6209157424311,54412900
2023-11-17,187.7396697998047,188.42257785422723,186.63119011836693,188.29390964052354,50922700
2023-11-20,189.4815673828125,189.93684445013852,187.92771748948175,187.93760923589429,46505100
2023-11-21,188.67987060546875,189.55082742435687,187.7891302966246,189.44195782199586,38134500
2023-11-22,189.34300231933594,190.9463411053134,188.8679417719912,189.52115946327928,39617700
2023-11-24,188.01683044433594,188.93726142877173,187.30423189423445,188.90757108100968,24048300
2023-11-27,187.83863830566406,188.70959528304604,186.95778958150402,187.96730652329646,40552600
2023-11-28,188.44236755371094,189.11538388382388,187.45264920500045,187.82874701011957,38415400
2023-11-29,187.42295837402344,190.11499348364924,187.02707707633283,188.93722623545,43014200
2023-11-30,187.9969940185547,188.36320007044645,186.2550951920731,187.88812439803064,48794400
2023-12-01,189.27371215820312,189.59041412612484,187.28436893039358,188.3730649805332,45704800
2023-12-04,187.4823455810547,188.0959812462982,185.5227074160739,188.0266937107449,43389500
2023-12-05,191.4313201904297,192.40123993854135,188.22462732075607,188.25433276481266,66628400
2023-12-06,190.34263610839844,192.75753614335477,190.1347886146608,192.45072587794942,41089700
2023-12-07,192.2725830078125,192.99507315570867,191.59956669458757,191.63916388460834,47477700
2023-12-08,193.69778442382812,193.9749043529612,191.67875053796885,192.20330005396386,53406400
2023-12-11,191.1938018798828,191.50062728331056,189.45190285406377,191.12452944175106,60943700
2023-12-12,192.70803833007812,192.71793007544312,189.74877546060196,191.094792823406,52696900
2023-12-13,195.92465209960938,195.96423418895137,192.8466274130704,193.08415015292962,70404200
2023-12-14,196.0730743408203,197.5675433947849,194.1431268600313,195.98400332676113,66831600
2023-12-15,195.53863525390625,196.36008808380646,194.97448862167192,195.49903806818725,128538400
2023-12-18,193.8759307861328,194.6083278162061,192.39135323196817,194.07387143964067,55751900
2023-12-19,194.91514587402344,194.9250376214273,193.87593852424982,194.14316672319833,40714100
2023-12-20,192.8268280029297,195.6475162401682,192.8268280029297,194.87553713507947,52242800
2023-12-21,192.67832946777344,195.05366217859583,191.5104692555924,194.08374258350807,46482500
2023-12-22,191.60946655273438,193.40085423729087,190.98593919883143,193.17320815773428,37149600
2023-12-26,191.0651092529297,191.89646895007564,190.8473700319769,191.61934905102697,28919300
2023-12-27,191.16409301757812,191.5105004803971,189.12527563548673,190.5108903848591,48087700
2023-12-28,191.58969116210938,192.65858885458314,191.18390299052217,192.14393105407996,34049900
2023-12-29,190.5504608154297,192.40122918172025,189.758683164504,191.9063700376295,42672100
