Date,VIX,Yield_10Y,Yield_3M,DXY,Yield_Spread,VIX_Zscore
2015-01-02,17.790000915527344,2.122999906539917,0.014999999664723873,91.08000183105469,2.107999906875193,0.0
2015-01-05,19.920000076293945,2.0390000343322754,0.003000000026077032,91.37999725341797,2.0360000343061984,0.0
2015-01-06,21.1200008392334,1.9630000591278076,0.019999999552965164,91.5,1.9430000595748425,0.0
2015-01-07,19.309999465942383,1.9539999961853027,0.019999999552965164,91.88999938964844,1.9339999966323376,0.0
2015-01-08,17.010000228881836,2.0160000324249268,0.017999999225139618,92.37000274658203,1.9980000331997871,0.0
2015-01-09,17.549999237060547,1.9709999561309814,0.014999999664723873,91.94000244140625,1.9559999564662576,0.0
2015-01-12,19.600000381469727,1.9119999408721924,0.013000000268220901,91.9800033569336,1.8989999406039715,0.0
2015-01-13,20.559999465942383,1.8899999856948853,0.023000000044703484,92.30999755859375,1.8669999856501818,0.0
2015-01-14,21.479999542236328,1.8370000123977661,0.02500000037252903,92.16000366210938,1.812000012025237,0.0
2015-01-15,22.389999389648438,1.774999976158142,0.023000000044703484,92.3499984741211,1.7519999761134386,0.0
2015-01-16,20.950000762939453,1.815000057220459,0.017999999225139618,92.5199966430664,1.7970000579953194,0.0
2015-01-20,19.889999389648438,1.8070000410079956,0.00800000037997961,93.05000305175781,1.799000040628016,0.0
2015-01-21,18.850000381469727,1.8530000448226929,0.019999999552965164,92.9000015258789,1.8330000452697277,0.0
2015-01-22,16.399999618530273,1.8960000276565552,0.014999999664723873,94.23999786376953,1.8810000279918313,0.0
2015-01-23,16.65999984741211,1.8170000314712524,0.013000000268220901,95.0,1.8040000312030315,0.0
2015-01-26,15.520000457763672,1.8279999494552612,0.004999999888241291,94.80000305175781,1.82299994956702,0.0
2015-01-27,17.219999313354492,1.8250000476837158,0.017999999225139618,94.0199966430664,1.8070000484585762,0.0
2015-01-28,20.440000534057617,1.7239999771118164,0.014999999664723873,94.47000122070312,1.7089999774470925,0.0
2015-01-29,18.760000228881836,1.7510000467300415,0.009999999776482582,94.77999877929688,1.741000046953559,0.0
2015-01-30,20.969999313354492,1.6749999523162842,0.004999999888241291,94.80000305175781,1.6699999524280429,0.0
2015-02-02,19.43000030517578,1.6729999780654907,0.004999999888241291,94.5,1.6679999781772494,0.0
2015-02-03,17.329999923706055,1.7799999713897705,0.014999999664723873,93.5999984741211,1.7649999717250466,0.0
2015-02-04,18.329999923706055,1.7970000505447388,0.004999999888241291,93.98999786376953,1.7920000506564975,0.0
2015-02-05,16.850000381469727,1.815000057220459,0.00800000037997961,94.69999694824219,1.8070000568404794,0.0
2015-02-06,17.290000915527344,1.937999963760376,0.014999999664723873,94.69999694824219,1.922999964095652,0.0
2015-02-09,18.549999237060547,1.9479999542236328,0.003000000026077032,94.44999694824219,1.9449999541975558,0.0
2015-02-10,17.229999542236328,1.9910000562667847,0.004999999888241291,94.76000213623047,1.9860000563785434,0.0
2015-02-11,16.959999084472656,1.9880000352859497,0.004999999888241291,94.98999786376953,1.9830000353977084,0.0
2015-02-12,15.34000015258789,1.9859999418258667,0.00800000037997961,94.08999633789062,1.977999941445887,0.0
2015-02-13,14.6899995803833,2.0209999084472656,0.004999999888241291,94.19999694824219,2.0159999085590243,0.0
2015-02-17,15.800000190734863,2.1449999809265137,0.00800000037997961,94.05999755859375,2.136999980546534,0.0
2015-02-18,15.449999809265137,2.065999984741211,0.013000000268220901,94.19999694824219,2.05299998447299,0.0
2015-02-19,15.289999961853027,2.11299991607666,0.013000000268220901,94.4000015258789,2.0999999158084393,0.0
2015-02-20,14.300000190734863,2.132999897003174,0.009999999776482582,94.25,2.1229998972266912,0.0
2015-02-23,14.5600004196167,2.059000015258789,0.014999999664723873,94.56999969482422,2.044000015594065,0.0
2015-02-24,13.6899995803833,1.9880000352859497,0.017999999225139618,94.48999786376953,1.97000003606081,0.0
2015-02-25,13.84000015258789,1.968999981880188,0.014999999664723873,94.20999908447266,1.9539999822154641,0.0
2015-02-26,13.90999984741211,2.0160000324249268,0.013000000268220901,95.29000091552734,2.003000032156706,0.0
2015-02-27,13.34000015258789,2.002000093460083,0.00800000037997961,95.25,1.9940000930801034,0.0
2015-03-02,13.039999961853027,2.0840001106262207,0.004999999888241291,95.45999908447266,2.0790001107379794,0.0
2015-03-03,13.859999656677246,2.121999979019165,0.013000000268220901,95.37999725341797,2.108999978750944,0.0
2015-03-04,14.229999542236328,2.122999906539917,0.009999999776482582,95.97000122070312,2.1129999067634344,0.0
2015-03-05,14.039999961853027,2.111999988555908,0.003000000026077032,96.37999725341797,2.108999988529831,0.0
2015-03-06,15.199999809265137,2.240000009536743,0.004999999888241291,97.62000274658203,2.235000009648502,0.0
2015-03-09,15.0600004196167,2.194999933242798,0.004999999888241291,97.58999633789062,2.1899999333545566,0.0
2015-03-10,16.690000534057617,2.125999927520752,0.009999999776482582,98.62000274658203,2.1159999277442694,0.0
2015-03-11,16.8700008392334,2.1089999675750732,0.013000000268220901,99.80000305175781,2.0959999673068523,0.0
2015-03-12,15.420000076293945,2.0959999561309814,0.017999999225139618,99.1500015258789,2.077999956905842,0.0
2015-03-13,16.0,2.111999988555908,0.023000000044703484,100.33000183105469,2.0889999885112047,0.0
2015-03-16,15.609999656677246,2.0980000495910645,0.029999999329447746,99.5999984741211,2.0680000502616167,0.0
2015-03-17,15.65999984741211,2.058000087738037,0.04800000041723251,99.58999633789062,2.0100000873208046,0.0
2015-03-18,13.970000267028809,1.9509999752044678,0.03799999877810478,98.55000305175781,1.912999976426363,0.0
2015-03-19,14.069999694824219,1.9769999980926514,0.009999999776482582,99.0999984741211,1.9669999983161688,0.0
2015-03-20,13.020000457763672,1.9299999475479126,0.003000000026077032,97.91000366210938,1.9269999475218356,0.0
2015-03-23,13.40999984741211,1.9149999618530273,0.003000000026077032,97.02999877929688,1.9119999618269503,0.0
2015-03-24,13.619999885559082,1.878000020980835,0.014999999664723873,97.19000244140625,1.863000021316111,0.0
2015-03-25,15.4399995803833,1.9199999570846558,0.017999999225139618,96.9800033569336,1.9019999578595161,0.0
2015-03-26,15.800000190734863,2.006999969482422,0.02800000086426735,97.44000244140625,1.9789999686181545,0.0
2015-03-27,15.069999694824219,1.9479999542236328,0.029999999329447746,97.29000091552734,1.917999954894185,0.0
2015-03-30,14.510000228881836,1.9630000591278076,0.023000000044703484,97.9800033569336,1.9400000590831041,0.0
2015-03-31,15.289999961853027,1.934000015258789,0.02500000037252903,98.36000061035156,1.90900001488626,0.0
2015-04-01,15.109999656677246,1.8680000305175781,0.032999999821186066,98.19000244140625,1.835000030696392,0.0
2015-04-02,14.670000076293945,1.9040000438690186,0.009999999776482582,97.44000244140625,1.894000044092536,0.0
2015-04-06,14.739999771118164,1.9040000438690186,0.003000000026077032,97.11000061035156,1.9010000438429415,0.0
2015-04-07,14.779999732971191,1.8930000066757202,0.014999999664723873,97.83000183105469,1.8780000070109963,0.0
2015-04-08,13.979999542236328,1.8949999809265137,0.017999999225139618,98.06999969482422,1.876999981701374,0.0
2015-04-09,13.09000015258789,1.9579999446868896,0.019999999552965164,99.16000366210938,1.9379999451339245,0.0
2015-04-10,12.579999923706055,1.9509999752044678,0.014999999664723873,99.38999938964844,1.935999975539744,0.0
2015-04-13,13.9399995803833,1.9390000104904175,0.004999999888241291,99.48999786376953,1.9340000106021762,0.0
2015-04-14,13.670000076293945,1.9040000438690186,0.009999999776482582,98.76000213623047,1.894000044092536,0.0
2015-04-15,12.84000015258789,1.899999976158142,0.014999999664723873,98.33000183105469,1.8849999764934182,0.0
2015-04-16,12.600000381469727,1.878000020980835,0.009999999776482582,97.41999816894531,1.8680000212043524,0.0
2015-04-17,13.890000343322754,1.850000023841858,0.013000000268220901,97.5199966430664,1.837000023573637,0.0
2015-04-20,13.300000190734863,1.8949999809265137,0.013000000268220901,97.94000244140625,1.8819999806582928,0.0
2015-04-21,13.25,1.9160000085830688,0.019999999552965164,97.9800033569336,1.8960000090301037,0.0
2015-04-22,12.710000038146973,1.972000002861023,0.019999999552965164,98.0199966430664,1.9520000033080578,0.0
2015-04-23,12.479999542236328,1.9470000267028809,0.019999999552965164,97.27999877929688,1.9270000271499157,0.0
2015-04-24,12.289999961853027,1.9170000553131104,0.014999999664723873,96.91999816894531,1.9020000556483865,0.0
2015-04-27,13.119999885559082,1.9240000247955322,0.013000000268220901,96.7699966430664,1.9110000245273113,0.0
2015-04-28,12.40999984741211,1.9730000495910645,0.013000000268220901,96.08999633789062,1.9600000493228436,0.0
2015-04-29,13.390000343322754,2.0350000858306885,0.003000000026077032,95.12000274658203,2.0320000858046114,0.0
2015-04-30,14.550000190734863,2.0460000038146973,0.004999999888241291,94.5999984741211,2.041000003926456,0.0
2015-05-01,12.699999809265137,2.117000102996826,0.003000000026077032,95.30000305175781,2.114000102970749,0.0
2015-05-04,12.850000381469727,2.134999990463257,0.003000000026077032,95.4800033569336,2.13199999043718,0.0
2015-05-05,14.3100004196167,2.1760001182556152,0.00800000037997961,95.12999725341797,2.1680001178756356,0.0
2015-05-06,15.149999618530273,2.240000009536743,0.009999999776482582,94.12999725341797,2.2300000097602606,0.0
2015-05-07,15.130000114440918,2.184000015258789,0.004999999888241291,94.62000274658203,2.1790000153705478,0.0
2015-05-08,12.859999656677246,2.1500000953674316,0.003000000026077032,94.79000091552734,2.1470000953413546,0.0
2015-05-11,13.850000381469727,2.2739999294281006,0.004999999888241291,95.01000213623047,2.2689999295398593,0.0
2015-05-12,13.859999656677246,2.259999990463257,0.013000000268220901,94.52999877929688,2.246999990195036,0.0
2015-05-13,13.760000228881836,2.2820000648498535,0.009999999776482582,93.62000274658203,2.272000065073371,0.0
2015-05-14,12.739999771118164,2.239000082015991,0.009999999776482582,93.36000061035156,2.2290000822395086,0.0
2015-05-15,12.380000114440918,2.1410000324249268,0.009999999776482582,93.13999938964844,2.131000032648444,0.0
2015-05-18,12.729999542236328,2.2279999256134033,0.00800000037997961,94.19000244140625,2.2199999252334237,0.0
2015-05-19,12.850000381469727,2.26200008392334,0.009999999776482582,95.2699966430664,2.2520000841468573,0.0
2015-05-20,12.880000114440918,2.250999927520752,0.013000000268220901,95.44999694824219,2.237999927252531,0.0
2015-05-21,12.109999656677246,2.184999942779541,0.013000000268220901,95.26000213623047,2.17199994251132,0.0
2015-05-22,12.130000114440918,2.2149999141693115,0.009999999776482582,96.01000213623047,2.204999914392829,0.0
2015-05-26,14.0600004196167,2.13700008392334,0.009999999776482582,97.30000305175781,2.1270000841468573,0.0
2015-05-27,13.270000457763672,2.134999990463257,0.013000000268220901,97.37000274658203,2.121999990195036,0.0
2015-05-28,13.3100004196167,2.130000114440918,0.003000000026077032,96.97000122070312,2.127000114414841,0.0
2015-05-29,13.84000015258789,2.0950000286102295,0.003000000026077032,96.91000366210938,2.0920000285841525,0.0
2015-06-01,13.970000267028809,2.191999912261963,0.00800000037997961,97.38999938964844,2.1839999118819833,0.0
2015-06-02,14.239999771118164,2.2660000324249268,0.009999999776482582,95.83999633789062,2.256000032648444,0.0
2015-06-03,13.65999984741211,2.365999937057495,0.009999999776482582,95.47000122070312,2.3559999372810125,0.0
2015-06-04,14.710000038146973,2.306999921798706,0.004999999888241291,95.45999908447266,2.3019999219104648,0.0
2015-06-05,14.210000038146973,2.4019999504089355,0.009999999776482582,96.30999755859375,2.391999950632453,0.0
2015-06-08,15.289999961853027,2.38100004196167,0.009999999776482582,95.30000305175781,2.3710000421851873,0.0
2015-06-09,14.470000267028809,2.4170000553131104,0.013000000268220901,95.16999816894531,2.4040000550448895,0.0
2015-06-10,13.220000267028809,2.4779999256134033,0.013000000268220901,94.6500015258789,2.4649999253451824,0.0
2015-06-11,12.850000381469727,2.382999897003174,0.00800000037997961,94.9800033569336,2.374999896623194,0.0
2015-06-12,13.779999732971191,2.384999990463257,0.004999999888241291,94.97000122070312,2.3799999905750155,0.0
2015-06-15,15.390000343322754,2.3580000400543213,0.003000000026077032,94.80999755859375,2.3550000400282443,0.0
2015-06-16,14.8100004196167,2.318000078201294,0.00800000037997961,95.0,2.3100000778213143,0.0
2015-06-17,14.5,2.305999994277954,0.003000000026077032,94.30000305175781,2.302999994251877,0.0
2015-06-18,13.1899995803833,2.3510000705718994,0.003000000026077032,94.04000091552734,2.3480000705458224,0.0
2015-06-19,13.960000038146973,2.2669999599456787,0.003000000026077032,94.08999633789062,2.2639999599196017,0.0
2015-06-22,12.739999771118164,2.359999895095825,0.003000000026077032,94.33000183105469,2.356999895069748,0.0
2015-06-23,12.109999656677246,2.4089999198913574,0.00800000037997961,95.43000030517578,2.400999919511378,0.0
2015-06-24,13.260000228881836,2.371000051498413,0.004999999888241291,95.26000213623047,2.366000051610172,0.0
2015-06-25,14.010000228881836,2.3929998874664307,0.004999999888241291,95.19000244140625,2.3879998875781894,0.0
2015-06-26,14.020000457763672,2.4760000705718994,0.004999999888241291,95.47000122070312,2.471000070683658,0.0
2015-06-29,18.850000381469727,2.3310000896453857,0.004999999888241291,94.79000091552734,2.3260000897571445,0.0
2015-06-30,18.229999542236328,2.3350000381469727,0.009999999776482582,95.48999786376953,2.32500003837049,0.0
2015-07-01,16.09000015258789,2.4179999828338623,0.003000000026077032,96.30999755859375,2.4149999828077853,0.0
2015-07-02,16.790000915527344,2.3929998874664307,0.003000000026077032,96.11000061035156,2.3899998874403536,0.0
2015-07-06,17.010000228881836,2.2780001163482666,0.004999999888241291,96.30000305175781,2.2730001164600253,0.0
2015-07-07,16.09000015258789,2.2309999465942383,0.009999999776482582,96.87000274658203,2.2209999468177557,0.0
2015-07-08,19.65999984741211,2.2060000896453857,0.009999999776482582,96.29000091552734,2.196000089868903,0.0
2015-07-09,19.969999313354492,2.3010001182556152,0.00800000037997961,96.61000061035156,2.2930001178756356,0.0
2015-07-10,16.829999923706055,2.4170000553131104,0.00800000037997961,96.02999877929688,2.4090000549331307,0.0
2015-07-13,13.899999618530273,2.430000066757202,0.00800000037997961,96.86000061035156,2.4220000663772225,0.0
2015-07-14,13.369999885559082,2.3989999294281006,0.009999999776482582,96.63999938964844,2.388999929651618,0.0
2015-07-15,13.229999542236328,2.3499999046325684,0.013000000268220901,97.12999725341797,2.3369999043643475,0.0
2015-07-16,12.109999656677246,2.3519999980926514,0.009999999776482582,97.66000366210938,2.341999998316169,0.0
2015-07-17,11.949999809265137,2.3489999771118164,0.013000000268220901,97.86000061035156,2.3359999768435955,0.0
2015-07-20,12.25,2.371999979019165,0.023000000044703484,98.02999877929688,2.3489999789744616,0.0
2015-07-21,12.220000267028809,2.3399999141693115,0.029999999329447746,97.33000183105469,2.3099999148398638,0.0
2015-07-22,12.119999885559082,2.322000026702881,0.029999999329447746,97.5999984741211,2.292000027373433,0.0
2015-07-23,12.640000343322754,2.2769999504089355,0.029999999329447746,97.12000274658203,2.246999951079488,0.0
2015-07-24,13.739999771118164,2.2709999084472656,0.029999999329447746,97.23999786376953,2.240999909117818,0.0
2015-07-27,15.600000381469727,2.2279999256134033,0.02800000086426735,96.5,2.199999924749136,0.0
2015-07-28,13.4399995803833,2.25,0.0430000014603138,96.7699966430664,2.206999998539686,0.0
2015-07-29,12.5,2.2790000438690186,0.04500000178813934,96.9800033569336,2.234000042080879,0.0
2015-07-30,12.130000114440918,2.2679998874664307,0.05999999865889549,97.55999755859375,2.207999888807535,0.0
2015-07-31,12.119999885559082,2.2049999237060547,0.057999998331069946,97.37000274658203,2.1469999253749847,0.0
2015-08-03,12.5600004196167,2.1500000953674316,0.06300000101327896,97.48999786376953,2.0870000943541527,0.0
2015-08-04,13.0,2.2109999656677246,0.07500000298023224,97.93000030517578,2.1359999626874924,0.0
2015-08-05,12.510000228881836,2.2679998874664307,0.07500000298023224,97.95999908447266,2.1929998844861984,0.0
2015-08-06,13.770000457763672,2.2339999675750732,0.02800000086426735,97.83000183105469,2.205999966710806,0.0
2015-08-07,13.390000343322754,2.174999952316284,0.054999999701976776,97.55999755859375,2.1199999526143074,0.0
2015-08-10,12.229999542236328,2.23799991607666,0.06499999761581421,97.16000366210938,2.172999918460846,0.0
2015-08-11,13.710000038146973,2.13700008392334,0.09799999743700027,97.29000091552734,2.0390000864863396,0.0
2015-08-12,13.609999656677246,2.130000114440918,0.09000000357627869,96.26000213623047,2.0400001108646393,0.0
2015-08-13,13.489999771118164,2.188999891281128,0.08299999684095383,96.44999694824219,2.105999894440174,0.0
2015-08-14,12.829999923706055,2.196000099182129,0.07999999821186066,96.56999969482422,2.1160001009702682,0.0
2015-08-17,13.020000457763672,2.1500000953674316,0.05999999865889549,96.81999969482422,2.090000096708536,0.0
2015-08-18,13.789999961853027,2.196000099182129,0.08500000089406967,96.97000122070312,2.1110000982880592,0.0
2015-08-19,15.25,2.128999948501587,0.03999999910593033,96.45999908447266,2.0889999493956566,0.0
2015-08-20,19.139999389648438,2.0840001106262207,0.014999999664723873,95.75,2.069000110961497,0.0
2015-08-21,28.030000686645508,2.053999900817871,0.019999999552965164,94.83000183105469,2.033999901264906,0.0
2015-08-24,40.7400016784668,1.996999979019165,0.014999999664723873,93.30999755859375,1.9819999793544412,0.0
2015-08-25,36.02000045776367,2.132999897003174,0.05299999937415123,94.52999877929688,2.0799998976290226,0.0
2015-08-26,30.31999969482422,2.171999931335449,0.054999999701976776,95.0999984741211,2.1169999316334724,0.0
2015-08-27,26.100000381469727,2.1679999828338623,0.05000000074505806,95.61000061035156,2.1179999820888042,0.0
2015-08-28,26.049999237060547,2.186000108718872,0.05000000074505806,96.11000061035156,2.136000107973814,0.0
2015-08-31,28.43000030517578,2.200000047683716,0.003000000026077032,95.94999694824219,2.197000047657639,0.0
2015-09-01,31.399999618530273,2.171999931335449,0.03799999877810478,95.44999694824219,2.1339999325573444,0.0
2015-09-02,26.09000015258789,2.193000078201294,0.02500000037252903,95.83000183105469,2.168000077828765,0.0
2015-09-03,25.610000610351562,2.1679999828338623,0.014999999664723873,96.41000366210938,2.1529999831691384,0.0
2015-09-04,27.799999237060547,2.128000020980835,0.02500000037252903,96.2300033569336,2.103000020608306,0.0
2015-09-08,24.899999618530273,2.194000005722046,0.02500000037252903,95.87999725341797,2.169000005349517,0.0
2015-09-09,26.229999542236328,2.180999994277954,0.03500000014901161,96.01000213623047,2.1459999941289425,0.0
2015-09-10,24.3700008392334,2.2219998836517334,0.014999999664723873,95.45999908447266,2.2069998839870095,0.0
2015-09-11,23.200000762939453,2.183000087738037,0.023000000044703484,95.19000244140625,2.1600000876933336,0.0
2015-09-14,24.25,2.180000066757202,0.02500000037252903,95.25,2.155000066384673,0.0
2015-09-15,22.540000915527344,2.2809998989105225,0.057999998331069946,95.61000061035156,2.2229999005794525,0.0
2015-09-16,21.350000381469727,2.302999973297119,0.05299999937415123,95.41999816894531,2.249999973922968,0.0
2015-09-17,21.139999389648438,2.2170000076293945,0.003000000026077032,94.55000305175781,2.2140000076033175,0.0
2015-09-18,22.280000686645508,2.130000114440918,0.009999999776482582,94.86000061035156,2.1200001146644354,0.0
2015-09-21,20.139999389648438,2.2139999866485596,0.013000000268220901,95.88999938964844,2.2009999863803387,0.0
2015-09-22,22.440000534057617,2.125,0.003000000026077032,96.27999877929688,2.121999999973923,0.0
2015-09-23,22.1299991607666,2.1440000534057617,0.003000000026077032,96.06999969482422,2.1410000533796847,0.0
2015-09-24,23.469999313354492,2.119999885559082,0.004999999888241291,95.98999786376953,2.1149998856708407,0.0
2015-09-25,23.6200008392334,2.1679999828338623,0.019999999552965164,96.2699966430664,2.147999983280897,0.0
2015-09-28,27.6299991607666,2.0950000286102295,0.013000000268220901,96.02999877929688,2.0820000283420086,0.0
2015-09-29,26.829999923706055,2.053999900817871,0.003000000026077032,95.88999938964844,2.050999900791794,0.0
2015-09-30,24.5,2.059999942779541,0.004999999888241291,96.3499984741211,2.0549999428912997,0.0
2015-10-01,22.549999237060547,2.0420000553131104,0.017999999225139618,96.19000244140625,2.0240000560879707,0.0
2015-10-02,20.940000534057617,1.9889999628067017,0.00800000037997961,95.83000183105469,1.980999962426722,0.0
2015-10-05,19.540000915527344,2.055999994277954,0.00800000037997961,96.11000061035156,2.0479999938979745,0.0
2015-10-06,19.399999618530273,2.0350000858306885,0.004999999888241291,95.45999908447266,2.030000085942447,0.0
2015-10-07,18.399999618530273,2.062000036239624,0.004999999888241291,95.5,2.0570000363513827,0.0
2015-10-08,17.420000076293945,2.1080000400543213,0.003000000026077032,95.31999969482422,2.1050000400282443,0.0
2015-10-09,17.079999923706055,2.0989999771118164,0.003000000026077032,94.80999755859375,2.0959999770857394,0.0
2015-10-12,16.170000076293945,2.0899999141693115,0.009999999776482582,94.83999633789062,2.079999914392829,0.0
2015-10-13,17.670000076293945,2.055000066757202,0.004999999888241291,94.76000213623047,2.050000066868961,0.0
2015-10-14,18.030000686645508,1.9809999465942383,0.009999999776482582,93.93000030517578,1.9709999468177557,0.0
2015-10-15,16.049999237060547,2.0230000019073486,0.004999999888241291,94.37000274658203,2.0180000020191073,0.0
2015-10-16,15.050000190734863,2.0230000019073486,0.004999999888241291,94.54000091552734,2.0180000020191073,0.0
2015-10-19,14.979999542236328,2.0280001163482666,0.004999999888241291,94.95999908447266,2.0230001164600253,0.0
2015-10-20,15.75,2.071000099182129,0.009999999776482582,94.8499984741211,2.0610000994056463,0.0
2015-10-21,16.700000762939453,2.0299999713897705,0.004999999888241291,95.05000305175781,2.024999971501529,0.0
2015-10-22,14.449999809265137,2.0250000953674316,0.004999999888241291,96.33999633789062,2.0200000954791903,0.0
2015-10-23,14.460000038146973,2.0829999446868896,0.003000000026077032,97.06999969482422,2.0799999446608126,0.0
2015-10-26,15.289999961853027,2.058000087738037,0.00800000037997961,96.86000061035156,2.0500000873580575,0.0
2015-10-27,15.430000305175781,2.0280001163482666,0.009999999776482582,96.91000366210938,2.018000116571784,0.0
2015-10-28,14.329999923706055,2.0920000076293945,0.03500000014901161,97.77999877929688,2.057000007480383,0.0
2015-10-29,14.609999656677246,2.1730000972747803,0.05299999937415123,97.27999877929688,2.120000097900629,0.0
2015-10-30,15.069999694824219,2.1510000228881836,0.06800000369548798,96.94999694824219,2.0830000191926956,0.0
2015-11-02,14.149999618530273,2.187000036239624,0.05299999937415123,96.93000030517578,2.134000036865473,0.0
2015-11-03,14.539999961853027,2.2200000286102295,0.057999998331069946,97.16000366210938,2.1620000302791595,0.0
2015-11-04,15.510000228881836,2.2300000190734863,0.054999999701976776,97.94999694824219,2.1750000193715096,0.0
2015-11-05,15.050000190734863,2.244999885559082,0.03999999910593033,97.94000244140625,2.2049998864531517,0.0
2015-11-06,14.329999923706055,2.3329999446868896,0.0729999989271164,99.16000366210938,2.2599999457597733,0.0
2015-11-09,16.520000457763672,2.3420000076293945,0.07500000298023224,98.9800033569336,2.2670000046491623,0.0
2015-11-10,15.289999961853027,2.322000026702881,0.125,99.29000091552734,2.197000026702881,0.0
2015-11-11,16.059999465942383,2.3380000591278076,0.12300000339746475,99.01000213623047,2.215000055730343,0.0
2015-11-12,18.3700008392334,2.319000005722046,0.12300000339746475,98.6500015258789,2.196000002324581,0.0
2015-11-13,20.079999923706055,2.2799999713897705,0.11299999803304672,98.98999786376953,2.166999973356724,0.0
2015-11-16,18.15999984741211,2.2730000019073486,0.09799999743700027,99.44000244140625,2.1750000044703484,0.0
2015-11-17,18.84000015258789,2.260999917984009,0.13500000536441803,99.62999725341797,2.1259999126195908,0.0
2015-11-18,16.850000381469727,2.2690000534057617,0.12300000339746475,99.6500015258789,2.146000050008297,0.0
2015-11-19,16.989999771118164,2.247999906539917,0.08799999952316284,98.98999786376953,2.159999907016754,0.0
2015-11-20,15.470000267028809,2.26200008392334,0.09300000220537186,99.56999969482422,2.169000081717968,0.0
2015-11-23,15.619999885559082,2.25,0.10499999672174454,99.80000305175781,2.1450000032782555,0.0
2015-11-24,15.930000305175781,2.243000030517578,0.15299999713897705,99.52999877929688,2.090000033378601,0.0
2015-11-25,15.1899995803833,2.2320001125335693,0.17499999701976776,99.80000305175781,2.0570001155138016,0.0
2015-11-27,15.119999885559082,2.2249999046325684,0.1599999964237213,100.0199966430664,2.064999908208847,0.0
2015-11-30,16.1299991607666,2.2179999351501465,0.17000000178813934,100.16999816894531,2.047999933362007,0.0
2015-12-01,14.670000076293945,2.1549999713897705,0.2029999941587448,99.80000305175781,1.9519999772310257,0.0
2015-12-02,15.90999984741211,2.177999973297119,0.20000000298023224,99.98999786376953,1.977999970316887,0.0
2015-12-03,18.110000610351562,2.3299999237060547,0.1979999989271164,97.62000274658203,2.1319999247789383,0.0
2015-12-04,14.8100004196167,2.2750000953674316,0.20499999821186066,98.3499984741211,2.070000097155571,0.0
2015-12-07,15.84000015258789,2.2249999046325684,0.23499999940395355,98.66000366210938,1.9899999052286148,0.0
2015-12-08,17.600000381469727,2.23799991607666,0.2680000066757202,98.47000122070312,1.96999990940094,0.0
2015-12-09,19.610000610351562,2.2079999446868896,0.24500000476837158,97.3499984741211,1.962999939918518,0.0
2015-12-10,19.34000015258789,2.239000082015991,0.23000000417232513,97.94000244140625,2.009000077843666,0.0
2015-12-11,24.389999389648438,2.1389999389648438,0.21299999952316284,97.56999969482422,1.925999939441681,0.0
2015-12-14,22.729999542236328,2.2249999046325684,0.1979999989271164,97.5999984741211,2.026999905705452,0.0
2015-12-15,20.950000762939453,2.2679998874664307,0.25,98.22000122070312,2.0179998874664307,0.0
2015-12-16,17.860000610351562,2.2869999408721924,0.23499999940395355,97.87000274658203,2.051999941468239,0.0
2015-12-17,18.940000534057617,2.23799991607666,0.21299999952316284,99.2699966430664,2.0249999165534973,0.0
2015-12-18,20.700000762939453,2.1989998817443848,0.17499999701976776,98.69999694824219,2.023999884724617,0.0
2015-12-21,18.700000762939453,2.197000026702881,0.15299999713897705,98.45999908447266,2.044000029563904,0.0
2015-12-22,16.600000381469727,2.239000082015991,0.19300000369548798,98.23999786376953,2.0460000783205032,0.0
2015-12-23,15.569999694824219,2.2639999389648438,0.1899999976158142,98.33999633789062,2.0739999413490295,0.0
2015-12-24,15.739999771118164,2.243000030517578,0.18299999833106995,97.9800033569336,2.060000032186508,0.0
2015-12-28,16.90999984741211,2.2249999046325684,0.1899999976158142,97.91999816894531,2.034999907016754,0.0
2015-12-29,16.079999923706055,2.306999921798706,0.2150000035762787,98.0999984741211,2.0919999182224274,0.0
2015-12-30,17.290000915527344,2.302999973297119,0.19499999284744263,98.2699966430664,2.1079999804496765,0.0
2015-12-31,18.209999084472656,2.2690000534057617,0.14800000190734863,98.62999725341797,2.121000051498413,0.3542900286082108
2016-01-04,20.700000762939453,2.244999885559082,0.1550000011920929,98.87000274658203,2.089999884366989,0.92454993465111
2016-01-05,19.34000015258789,2.247999906539917,0.20499999821186066,99.4000015258789,2.0429999083280563,0.6120757457117944
2016-01-06,20.59000015258789,2.177000045776367,0.20499999821186066,99.18000030517578,1.9720000475645065,0.9009765519268297
2016-01-07,24.989999771118164,2.1530001163482666,0.1899999976158142,98.22000122070312,1.9630001187324524,1.89758606265032
2016-01-08,27.010000228881836,2.130000114440918,0.1899999976158142,98.54000091552734,1.9400001168251038,2.325544560205117
2016-01-11,24.299999237060547,2.1579999923706055,0.17499999701976776,98.7300033569336,1.9829999953508377,1.6958884214018055
2016-01-12,22.469999313354492,2.1019999980926514,0.20999999344348907,98.97000122070312,1.8920000046491623,1.278006726794269
2016-01-13,25.219999313354492,2.065999984741211,0.2150000035762787,98.93000030517578,1.8509999811649323,1.8809783016496862
2016-01-14,23.950000762939453,2.0980000495910645,0.23999999463558197,99.08999633789062,1.8580000549554825,1.5904635114591485
2016-01-15,27.020000457763672,2.0329999923706055,0.22300000488758087,98.95999908447266,1.8099999874830246,2.2540110837676868
2016-01-18,27.020000457763672,2.0329999923706055,0.22300000488758087,99.12000274658203,1.8099999874830246,2.229917478418351
2016-01-19,26.049999237060547,2.0350000858306885,0.23000000417232513,98.98999786376953,1.8050000816583633,1.9974746991059753
2016-01-20,27.59000015258789,1.9839999675750732,0.2529999911785126,99.08999633789062,1.7309999763965607,2.30135004444264
2016-01-21,26.690000534057617,2.0190000534057617,0.27300000190734863,99.05999755859375,1.746000051498413,2.080393909028081
2016-01-22,22.34000015258789,2.0480000972747803,0.2879999876022339,99.56999969482422,1.7600001096725464,1.1432313739300126
2016-01-25,24.149999618530273,2.0220000743865967,0.2750000059604645,99.36000061035156,1.7470000684261322,1.5149133487172526
2016-01-26,22.5,1.99399995803833,0.30000001192092896,99.36000061035156,1.6939999461174011,1.1573162459799498
2016-01-27,23.110000610351562,2.000999927520752,0.30000001192092896,98.9000015258789,1.700999915599823,1.2812498188458097
2016-01-28,22.420000076293945,1.9850000143051147,0.3179999887943268,98.51000213623047,1.667000025510788,1.1299242288469387
2016-01-29,20.200000762939453,1.930999994277954,0.30000001192092896,99.61000061035156,1.6309999823570251,0.6633111694142482
2016-02-01,19.979999542236328,1.965999960899353,0.29499998688697815,99.0,1.6709999740123749,0.616333403740179
2016-02-02,21.979999542236328,1.8639999628067017,0.33000001311302185,98.87000274658203,1.5339999496936798,1.031583688699734
2016-02-03,21.649999618530273,1.88100004196167,0.3330000042915344,97.29000091552734,1.5480000376701355,0.9578136469495397
2016-02-04,21.84000015258789,1.8639999628067017,0.28299999237060547,96.47000122070312,1.5809999704360962,0.9915812322996695
2016-02-05,23.3799991607666,1.8480000495910645,0.27799999713897705,97.02999877929688,1.5700000524520874,1.3046130783977483
2016-02-08,26.0,1.7350000143051147,0.25999999046325684,96.56999969482422,1.475000023841858,1.833209996082716
2016-02-09,26.540000915527344,1.7289999723434448,0.30000001192092896,96.06999969482422,1.4289999604225159,1.923142420151413
2016-02-10,26.290000915527344,1.7050000429153442,0.2980000078678131,95.88999938964844,1.4070000350475311,1.8512535011315205
2016-02-11,28.139999389648438,1.6440000534057617,0.27300000190734863,95.55999755859375,1.371000051498413,2.19814190062388
2016-02-12,25.399999618530273,1.7480000257492065,0.27000001072883606,95.9800033569336,1.4780000150203705,1.6269428328705617
2016-02-16,24.110000610351562,1.777999997138977,0.27300000190734863,96.87000274658203,1.5049999952316284,1.3555802104751709
2016-02-17,22.309999465942383,1.819000005722046,0.2930000126361847,96.79000091552734,1.5259999930858612,0.987000284323465
2016-02-18,21.639999389648438,1.7589999437332153,0.2879999876022339,96.94999694824219,1.4709999561309814,0.8467052358415179
2016-02-19,20.530000686645508,1.7480000257492065,0.28299999237060547,96.5999984741211,1.465000033378601,0.6194604637469178
2016-02-22,19.3799991607666,1.7660000324249268,0.2930000126361847,97.37999725341797,1.473000019788742,0.38545825666375555
2016-02-23,20.979999542236328,1.7450000047683716,0.3179999887943268,97.4800033569336,1.4270000159740448,0.700326094841387
2016-02-24,20.719999313354492,1.7419999837875366,0.3149999976158142,97.45999908447266,1.4269999861717224,0.6429120671279621
2016-02-25,19.110000610351562,1.6970000267028809,0.3100000023841858,97.29000091552734,1.387000024318695,0.3163583626399073
2016-02-26,19.809999465942383,1.7619999647140503,0.30300000309944153,98.1500015258789,1.4589999616146088,0.45207951957450254
2016-02-29,20.549999237060547,1.7400000095367432,0.30799999833106995,98.20999908447266,1.4320000112056732,0.5952443075543566
2016-03-01,17.700000762939453,1.8339999914169312,0.3199999928474426,98.3499984741211,1.5139999985694885,0.019394707642766063
2016-03-02,17.09000015258789,1.8480000495910645,0.30300000309944153,98.20999908447266,1.545000046491623,-0.10572317972521413
2016-03-03,16.700000762939453,1.8300000429153442,0.2630000114440918,97.56999969482422,1.5670000314712524,-0.1865725875852711
2016-03-04,16.860000610351562,1.8830000162124634,0.26499998569488525,97.33999633789062,1.6180000305175781,-0.15571340994566346
2016-03-07,17.350000381469727,1.9019999504089355,0.26499998569488525,97.06999969482422,1.6369999647140503,-0.058756848657446216
2016-03-08,18.670000076293945,1.8320000171661377,0.3050000071525574,97.20999908447266,1.5270000100135803,0.2060072379475892
2016-03-09,18.34000015258789,1.8919999599456787,0.2879999876022339,97.16999816894531,1.6039999723434448,0.13824453021201363
2016-03-10,18.049999237060547,1.9290000200271606,0.30300000309944153,96.06999969482422,1.6260000169277191,0.07765240120397536
2016-03-11,16.5,1.9769999980926514,0.30799999833106995,96.16999816894531,1.6689999997615814,-0.23566024831251478
2016-03-14,16.920000076293945,1.9630000591278076,0.30799999833106995,96.62000274658203,1.6550000607967377,-0.15196359141804988
2016-03-15,16.84000015258789,1.9589999914169312,0.32499998807907104,96.62999725341797,1.63400000333786,-0.16911099359704285
2016-03-16,14.989999771118164,1.937999963760376,0.30000001192092896,95.88999938964844,1.637999951839447,-0.5439176260111485
2016-03-17,14.4399995803833,1.902999997138977,0.2750000059604645,94.76000213623047,1.6279999911785126,-0.6555087657723992
2016-03-18,14.020000457763672,1.871000051498413,0.2800000011920929,94.98999786376953,1.5910000503063202,-0.7417164837573874
2016-03-21,13.789999961853027,1.9229999780654907,0.2879999876022339,95.29000091552734,1.6349999904632568,-0.7887472260208909
2016-03-22,14.170000076293945,1.934999942779541,0.29499998688697815,95.6500015258789,1.6399999558925629,-0.7125431127953603
2016-03-23,14.9399995803833,1.875,0.2930000126361847,96.05000305175781,1.5819999873638153,-0.5561751843550095
2016-03-24,14.739999771118164,1.899999976158142,0.2750000059604645,96.13999938964844,1.6249999701976776,-0.595548154954279
2016-03-28,15.239999771118164,1.8700000047683716,0.2549999952316284,95.94000244140625,1.6150000095367432,-0.49457893412689263
2016-03-29,13.819999694824219,1.8140000104904175,0.22499999403953552,95.16000366210938,1.589000016450882,-0.7809747165342983
2016-03-30,13.5600004196167,1.8300000429153442,0.1850000023841858,94.83999633789062,1.6450000405311584,-0.8314001633209528
2016-03-31,13.949999809265137,1.7860000133514404,0.19300000369548798,94.58999633789062,1.5930000096559525,-0.7512334906648159
2016-04-01,13.100000381469727,1.7920000553131104,0.21799999475479126,94.62000274658203,1.574000060558319,-0.9207113150408842
2016-04-04,14.119999885559082,1.7790000438690186,0.18299999833106995,94.51000213623047,1.5960000455379486,-0.7142332195589314
2016-04-05,15.420000076293945,1.7269999980926514,0.21799999475479126,94.62999725341797,1.50900000333786,-0.45272060492401284
2016-04-06,14.09000015258789,1.7549999952316284,0.2199999988079071,94.43000030517578,1.5349999964237213,-0.7211211441223357
2016-04-07,16.15999984741211,1.690999984741211,0.2199999988079071,94.4800033569336,1.4709999859333038,-0.30649004378936573
2016-04-08,15.359999656677246,1.7200000286102295,0.21799999475479126,94.23999786376953,1.5020000338554382,-0.47112862468404076
2016-04-11,16.260000228881836,1.7239999771118164,0.20999999344348907,93.94999694824219,1.5139999836683273,-0.2911506331132091
2016-04-12,14.850000381469727,1.781000018119812,0.23000000417232513,93.95999908447266,1.5510000139474869,-0.578095172623925
2016-04-13,13.84000015258789,1.7619999647140503,0.22300000488758087,94.73999786376953,1.5389999598264694,-0.7841834075262623
2016-04-14,13.720000267028809,1.781000018119812,0.2150000035762787,94.9000015258789,1.5660000145435333,-0.8101026127775003
2016-04-15,13.619999885559082,1.7519999742507935,0.20999999344348907,94.69999694824219,1.5419999808073044,-0.8300407604210823
2016-04-18,13.350000381469727,1.7730000019073486,0.1979999989271164,94.48999786376953,1.5750000029802322,-0.8849161479887665
2016-04-19,13.239999771118164,1.7829999923706055,0.2150000035762787,93.9800033569336,1.5679999887943268,-0.907229671264014
2016-04-20,13.279999732971191,1.8539999723434448,0.21799999475479126,94.48999786376953,1.6359999775886536,-0.899966722917446
2016-04-21,13.949999809265137,1.8700000047683716,0.22499999403953552,94.5999984741211,1.645000010728836,-0.7659266031232629
2016-04-22,13.220000267028809,1.8880000114440918,0.22499999403953552,95.12000274658203,1.6630000174045563,-0.9157762937216655
2016-04-25,14.079999923706055,1.9019999504089355,0.23800000548362732,94.83999633789062,1.6639999449253082,-0.7420718117188543
2016-04-26,13.960000038146973,1.930999994277954,0.24500000476837158,94.56999969482422,1.6859999895095825,-0.7686477819630799
2016-04-27,13.770000457763672,1.8600000143051147,0.24500000476837158,94.38999938964844,1.6150000095367432,-0.8078912011728715
2016-04-28,15.220000267028809,1.8380000591278076,0.20999999344348907,93.76000213623047,1.6280000656843185,-0.5129840321214408
2016-04-29,15.699999809265137,1.819000005722046,0.19300000369548798,93.08000183105469,1.626000002026558,-0.41826033501073695
2016-05-02,14.680000305175781,1.8650000095367432,0.1850000023841858,92.62999725341797,1.6800000071525574,-0.6288872934648757
2016-05-03,15.600000381469727,1.7999999523162842,0.2029999941587448,92.94000244140625,1.5969999581575394,-0.44202155330407966
2016-05-04,16.049999237060547,1.784000039100647,0.1979999989271164,93.18000030517578,1.5860000401735306,-0.3507669500382025
2016-05-05,15.90999984741211,1.746999979019165,0.18299999833106995,93.77999877929688,1.563999980688095,-0.3801742416605906
2016-05-06,14.720000267028809,1.7790000438690186,0.18000000715255737,93.88999938964844,1.5990000367164612,-0.6261636136884113
2016-05-09,14.569999694824219,1.7599999904632568,0.2029999941587448,94.1500015258789,1.556999996304512,-0.657789389804637
2016-05-10,13.630000114440918,1.7599999904632568,0.24300000071525574,94.29000091552734,1.516999989748001,-0.8502962016039015
2016-05-11,14.6899995803833,1.7369999885559082,0.24799999594688416,93.81999969482422,1.488999992609024,-0.6339957787456564
2016-05-12,14.40999984741211,1.7569999694824219,0.257999986410141,94.13999938964844,1.4989999830722809,-0.6936344792347247
2016-05-13,15.039999961853027,1.7050000429153442,0.257999986410141,94.61000061035156,1.4470000565052032,-0.5674012396433702
2016-05-16,14.680000305175781,1.753000020980835,0.257999986410141,94.56999969482422,1.495000034570694,-0.6439630865537935
2016-05-17,15.569999694824219,1.7589999437332153,0.2680000066757202,94.55000305175781,1.4909999370574951,-0.46351639213808915
2016-05-18,15.949999809265137,1.8799999952316284,0.27000001072883606,95.08000183105469,1.6099999845027924,-0.3882686605661943
2016-05-19,16.329999923706055,1.8450000286102295,0.28999999165534973,95.29000091552734,1.5550000369548798,-0.3139569130401075
2016-05-20,15.199999809265137,1.8489999771118164,0.2980000078678131,95.30999755859375,1.5509999692440033,-0.5520192851570512
2016-05-23,15.819999694824219,1.8380000591278076,0.31299999356269836,95.2300033569336,1.5250000655651093,-0.4249979617517374
2016-05-24,14.420000076293945,1.8589999675750732,0.34299999475479126,95.56999969482422,1.515999972820282,-0.7177257394648509
2016-05-25,13.899999618530273,1.8700000047683716,0.3149999976158142,95.3499984741211,1.5550000071525574,-0.8268210945760454
2016-05-26,13.430000305175781,1.8229999542236328,0.2750000059604645,95.16999816894531,1.5479999482631683,-0.9240876135947227
2016-05-27,13.119999885559082,1.8509999513626099,0.2980000078678131,95.5199966430664,1.5529999434947968,-0.9873008489918345
2016-05-31,14.1899995803833,1.8339999914169312,0.28299999237060547,95.88999938964844,1.5509999990463257,-0.7646042924073532
2016-06-01,14.199999809265137,1.8459999561309814,0.29499998688697815,95.45999908447266,1.5509999692440033,-0.7632493193775531
2016-06-02,13.630000114440918,1.8109999895095825,0.27000001072883606,95.55999755859375,1.5409999787807465,-0.8803888280441113
2016-06-03,13.470000267028809,1.7039999961853027,0.27000001072883606,94.02999877929688,1.4339999854564667,-0.9125889923388888
2016-06-06,13.649999618530273,1.7230000495910645,0.25,93.9000015258789,1.4730000495910645,-0.8729822144757887
2016-06-07,14.050000190734863,1.7130000591278076,0.26499998569488525,93.83000183105469,1.4480000734329224,-0.7893560760683844
2016-06-08,14.079999923706055,1.7059999704360962,0.23499999940395355,93.58999633789062,1.4709999710321426,-0.7843228333465604
2016-06-09,14.640000343322754,1.6799999475479126,0.23999999463558197,94.0999984741211,1.4399999529123306,-0.6703004470132898
2016-06-10,17.030000686645508,1.6390000581741333,0.23999999463558197,94.5999984741211,1.3990000635385513,-0.1760422559944735
2016-06-13,20.969999313354492,1.6160000562667847,0.24500000476837158,94.37000274658203,1.371000051498413,0.6399230333030715
2016-06-14,20.5,1.6109999418258667,0.2630000114440918,94.93000030517578,1.347999930381775,0.5374747459626867
2016-06-15,20.139999389648438,1.5959999561309814,0.2549999952316284,94.61000061035156,1.340999960899353,0.45809477199271953
2016-06-16,19.3700008392334,1.5640000104904175,0.24500000476837158,94.56999969482422,1.319000005722046,0.29301638284372755
2016-06-17,19.40999984741211,1.6180000305175781,0.24799999594688416,94.20999908447266,1.370000034570694,0.29721647536021223
2016-06-20,18.3700008392334,1.6699999570846558,0.24799999594688416,93.61000061035156,1.4219999611377716,0.07530214283764186
2016-06-21,18.479999542236328,1.6970000267028809,0.26499998569488525,94.0199966430664,1.4320000410079956,0.09334094067420057
2016-06-22,21.170000076293945,1.684999942779541,0.2680000066757202,93.72000122070312,1.4169999361038208,0.6529556209854955
2016-06-23,17.25,1.7389999628067017,0.2750000059604645,93.52999877929688,1.4639999568462372,-0.17496015950633934
2016-06-24,25.760000228881836,1.5789999961853027,0.23800000548362732,95.44999694824219,1.3409999907016754,1.6027246689927668
2016-06-27,23.850000381469727,1.4600000381469727,0.23499999940395355,96.54000091552734,1.225000038743019,1.1941562240164827
2016-06-28,18.75,1.4609999656677246,0.25999999046325684,96.25,1.2009999752044678,0.12589657208589877
2016-06-29,16.639999389648438,1.4769999980926514,0.2549999952316284,95.7699966430664,1.222000002861023,-0.3163868708499789
2016-06-30,15.630000114440918,1.4880000352859497,0.24799999594688416,96.13999938964844,1.2400000393390656,-0.5267165313798847
2016-07-01,14.770000457763672,1.4559999704360962,0.24300000071525574,95.6500015258789,1.2129999697208405,-0.7042548898831618
2016-07-05,15.579999923706055,1.3669999837875366,0.23800000548362732,96.16999816894531,1.1289999783039093,-0.5343188443750001
2016-07-06,14.960000038146973,1.3849999904632568,0.2630000114440918,96.05999755859375,1.121999979019165,-0.6596189128306993
2016-07-07,14.760000228881836,1.3869999647140503,0.27000001072883606,96.33000183105469,1.1169999539852142,-0.6966224266243687
2016-07-08,13.199999809265137,1.3660000562667847,0.27300000190734863,96.30000305175781,1.093000054359436,-1.017399915905215
2016-07-11,13.539999961853027,1.434000015258789,0.2750000059604645,96.56999969482422,1.1590000092983246,-0.9459843860617668
2016-07-12,13.550000190734863,1.5130000114440918,0.29499998688697815,96.44000244140625,1.2180000245571136,-0.9441854219489638
2016-07-13,13.039999961853027,1.468000054359436,0.2980000078678131,96.22000122070312,1.170000046491623,-1.0501352600118785
2016-07-14,12.819999694824219,1.531000018119812,0.30300000309944153,96.08000183105469,1.2280000150203705,-1.0973172134838534
2016-07-15,12.670000076293945,1.593999981880188,0.2980000078678131,96.58000183105469,1.2959999740123749,-1.1300014196207506
2016-07-18,12.4399995803833,1.5870000123977661,0.2879999876022339,96.55999755859375,1.2990000247955322,-1.1783707816486038
2016-07-19,11.970000267028809,1.5579999685287476,0.3100000023841858,97.05000305175781,1.2479999661445618,-1.2759150726695392
2016-07-20,11.770000457763672,1.5800000429153442,0.3149999976158142,97.19999694824219,1.26500004529953,-1.3168612104541213
2016-07-21,12.739999771118164,1.565000057220459,0.30300000309944153,97.0,1.2620000541210175,-1.1147496662969036
2016-07-22,12.020000457763672,1.5700000524520874,0.30300000309944153,97.47000122070312,1.2670000493526459,-1.261545230414126
2016-07-25,12.869999885559082,1.5709999799728394,0.2980000078678131,97.29000091552734,1.2729999721050262,-1.0803212318217177
2016-07-26,13.050000190734863,1.562999963760376,0.30799999833106995,97.16000366210938,1.254999965429306,-1.0422444073924473
2016-07-27,12.829999923706055,1.5149999856948853,0.28299999237060547,97.05000305175781,1.2319999933242798,-1.088568430514526
2016-07-28,12.720000267028809,1.5110000371932983,0.2199999988079071,96.73999786376953,1.2910000383853912,-1.112558899279897
2016-07-29,11.869999885559082,1.4579999446868896,0.23999999463558197,95.52999877929688,1.2179999500513077,-1.2888085755284069
2016-08-01,12.4399995803833,1.496000051498413,0.23800000548362732,95.70999908447266,1.2580000460147858,-1.170050550740284
2016-08-02,13.369999885559082,1.5369999408721924,0.2800000011920929,95.05999755859375,1.2569999396800995,-0.9773002419287493
2016-08-03,12.859999656677246,1.5420000553131104,0.2680000066757202,95.55999755859375,1.2740000486373901,-1.0840102375382414
2016-08-04,12.420000076293945,1.503000020980835,0.24799999594688416,95.76000213623047,1.2550000250339508,-1.1730786065388756
2016-08-05,11.390000343322754,1.5820000171661377,0.25,96.19000244140625,1.3320000171661377,-1.3827733121052976
2016-08-08,11.5,1.5829999446868896,0.25,96.4000015258789,1.3329999446868896,-1.3583068717063063
2016-08-09,11.65999984741211,1.5449999570846558,0.2930000126361847,96.18000030517578,1.251999944448471,-1.3209787771930699
2016-08-10,12.050000190734863,1.5089999437332153,0.27300000190734863,95.6500015258789,1.2359999418258667,-1.2373118801891976
2016-08-11,11.680000305175781,1.5729999542236328,0.2750000059604645,95.86000061035156,1.2979999482631683,-1.3100618944618359
2016-08-12,11.550000190734863,1.5149999856948853,0.2630000114440918,95.72000122070312,1.2519999742507935,-1.3341343660219334
2016-08-15,11.8100004196167,1.5529999732971191,0.2750000059604645,95.62999725341797,1.2779999673366547,-1.2781304622257397
2016-08-16,12.640000343322754,1.5759999752044678,0.2879999876022339,94.79000091552734,1.2879999876022339,-1.105411601902788
2016-08-17,12.1899995803833,1.5609999895095825,0.2879999876022339,94.72000122070312,1.2730000019073486,-1.1927717249136225
2016-08-18,11.430000305175781,1.5360000133514404,0.2849999964237213,94.16000366210938,1.2510000169277191,-1.3376893807198171
2016-08-19,11.34000015258789,1.5779999494552612,0.2930000126361847,94.51000213623047,1.2849999368190765,-1.349091775361245
2016-08-22,12.270000457763672,1.5390000343322754,0.2800000011920929,94.5199966430664,1.2590000331401825,-1.185008764539715
2016-08-23,12.380000114440918,1.5529999732971191,0.3050000071525574,94.54000091552734,1.2479999661445618,-1.1745890330346596
2016-08-24,13.449999809265137,1.559000015258789,0.3050000071525574,94.79000091552734,1.2540000081062317,-0.9367024887954121
2016-08-25,13.630000114440918,1.5770000219345093,0.3050000071525574,94.7699966430664,1.272000014781952,-0.8903535523177903
2016-08-26,13.649999618530273,1.6349999904632568,0.3050000071525574,95.56999969482422,1.3299999833106995,-0.8798310526559325
2016-08-29,12.9399995803833,1.565999984741211,0.3050000071525574,95.58000183105469,1.2609999775886536,-1.0371087759669044
2016-08-30,13.119999885559082,1.5700000524520874,0.32499998807907104,96.05000305175781,1.2450000643730164,-0.9978512603168788
2016-08-31,13.420000076293945,1.5679999589920044,0.3199999928474426,96.0199966430664,1.2479999661445618,-0.922268850853538
2016-09-01,13.479999542236328,1.5700000524520874,0.3149999976158142,95.6500015258789,1.2550000548362732,-0.9022403532654911
2016-09-02,11.979999542236328,1.5959999561309814,0.30300000309944153,95.87999725341797,1.29299995303154,-1.252851605903627
2016-09-06,12.020000457763672,1.5429999828338623,0.30300000309944153,94.81999969482422,1.2399999797344208,-1.2356367060249889
2016-09-07,11.9399995803833,1.5410000085830688,0.33000001311302185,94.95999908447266,1.210999995470047,-1.2490363883943993
2016-09-08,12.510000228881836,1.6160000562667847,0.3330000042915344,95.02999877929688,1.2830000519752502,-1.104664615040065
2016-09-09,17.5,1.6720000505447388,0.3330000042915344,95.33999633789062,1.3390000462532043,0.10564197422092057
2016-09-12,15.15999984741211,1.6720000505447388,0.3499999940395355,95.0999984741211,1.3220000565052032,-0.4554443478217788
2016-09-13,17.850000381469727,1.7339999675750732,0.3449999988079071,95.62999725341797,1.3889999687671661,0.20563167461796003
2016-09-14,18.139999389648438,1.6890000104904175,0.3149999976158142,95.33000183105469,1.3740000128746033,0.28028851194742066
2016-09-15,16.299999237060547,1.7029999494552612,0.27799999713897705,95.29000091552734,1.4249999523162842,-0.1664610427447017
2016-09-16,15.369999885559082,1.7009999752044678,0.27300000190734863,96.11000061035156,1.4279999732971191,-0.38940349276730285
2016-09-19,15.529999732971191,1.6959999799728394,0.23800000548362732,95.83999633789062,1.457999974489212,-0.34581106285269375
2016-09-20,15.920000076293945,1.687999963760376,0.2879999876022339,96.0199966430664,1.399999976158142,-0.24409771081374784
2016-09-21,13.300000190734863,1.6679999828338623,0.22300000488758087,95.66000366210938,1.4449999779462814,-0.8856246199388192
2016-09-22,12.020000457763672,1.6319999694824219,0.1599999964237213,95.44999694824219,1.4719999730587006,-1.1948163120874182
2016-09-23,12.289999961853027,1.6150000095367432,0.16500000655651093,95.4800033569336,1.4500000029802322,-1.120112918090737
2016-09-26,14.5,1.5889999866485596,0.17299999296665192,95.30999755859375,1.4159999936819077,-0.5638260392991707
2016-09-27,13.100000381469727,1.555999994277954,0.2549999952316284,95.44000244140625,1.3009999990463257,-0.914773356794167
2016-09-28,12.390000343322754,1.5670000314712524,0.2630000114440918,95.43000030517578,1.3040000200271606,-1.0904054702989407
2016-09-29,14.020000457763672,1.5570000410079956,0.23499999940395355,95.54000091552734,1.322000041604042,-0.6646117784941579
2016-09-30,13.289999961853027,1.6080000400543213,0.25999999046325684,95.45999908447266,1.3480000495910645,-0.8463243661644098
2016-10-03,13.569999694824219,1.621999979019165,0.2879999876022339,95.75,1.3339999914169312,-0.7677721215910968
2016-10-04,13.630000114440918,1.6829999685287476,0.3149999976158142,96.12000274658203,1.3679999709129333,-0.7463148238222695
2016-10-05,12.989999771118164,1.715999960899353,0.31299999356269836,96.12999725341797,1.4029999673366547,-0.9052589198330134
2016-10-06,12.84000015258789,1.7419999837875366,0.3100000023841858,96.66000366210938,1.4319999814033508,-0.937773233433413
2016-10-07,13.479999542236328,1.7359999418258667,0.3100000023841858,96.5199966430664,1.425999939441681,-0.7681293773012212
2016-10-10,13.380000114440918,1.7230000495910645,0.30799999833106995,96.5199966430664,1.4150000512599945,-0.7900631939102926
2016-10-11,15.359999656677246,1.7589999437332153,0.3199999928474426,97.69999694824219,1.4389999508857727,-0.27818372700786315
2016-10-12,15.90999984741211,1.777999997138977,0.3400000035762787,97.97000122070312,1.4379999935626984,-0.1345160218610423
2016-10-13,16.690000534057617,1.7380000352859497,0.2750000059604645,97.5199966430664,1.4630000293254852,0.06562437158570772
2016-10-14,16.1200008392334,1.7940000295639038,0.28999999165534973,98.0199966430664,1.504000037908554,-0.08222354788533344
2016-10-17,16.209999084472656,1.7660000324249268,0.29499998688697815,97.88999938964844,1.4710000455379486,-0.06032311744920763
2016-10-18,15.279999732971191,1.7489999532699585,0.3330000042915344,97.9000015258789,1.415999948978424,-0.2993415991768458
2016-10-19,14.40999984741211,1.7519999742507935,0.3230000138282776,97.87000274658203,1.4289999604225159,-0.5207770993058012
2016-10-20,13.75,1.746999979019165,0.3199999928474426,98.31999969482422,1.4269999861717224,-0.6896462212621991
2016-10-21,13.34000015258789,1.7400000095367432,0.3149999976158142,98.69999694824219,1.425000011920929,-0.79339725468143
2016-10-24,13.020000457763672,1.7630000114440918,0.31299999356269836,98.66999816894531,1.4500000178813934,-0.872170205337221
2016-10-25,13.460000038146973,1.7580000162124634,0.32499998807907104,98.72000122070312,1.4330000281333923,-0.7564254011775886
2016-10-26,14.239999771118164,1.7899999618530273,0.31299999356269836,98.62999725341797,1.476999968290329,-0.5562481713511138
2016-10-27,15.359999656677246,1.843000054359436,0.2750000059604645,98.88999938964844,1.5680000483989716,-0.26983898210462814
2016-10-28,16.190000534057617,1.8450000286102295,0.27300000190734863,98.3499984741211,1.5720000267028809,-0.05806127807279162
2016-10-31,17.059999465942383,1.8339999914169312,0.29499998688697815,98.44999694824219,1.539000004529953,0.16232076270762047
2016-11-01,18.559999465942383,1.8200000524520874,0.3449999988079071,97.69999694824219,1.4750000536441803,0.5433033443532109
2016-11-02,19.31999969482422,1.7990000247955322,0.3449999988079071,97.4000015258789,1.4540000259876251,0.7338308256756017
2016-11-03,22.079999923706055,1.812000036239624,0.3580000102519989,97.16000366210938,1.4540000259876251,1.4290750511293195
2016-11-04,22.510000228881836,1.7829999923706055,0.3580000102519989,97.06999969482422,1.4249999821186066,1.5244425495680174
2016-11-07,18.709999084472656,1.8279999494552612,0.38999998569488525,97.77999877929688,1.437999963760376,0.5549184094938955
2016-11-08,18.739999771118164,1.8619999885559082,0.41999998688697815,97.86000061035156,1.44200000166893,0.5588277423774628
2016-11-09,14.380000114440918,2.072000026702881,0.4180000126361847,98.5,1.6540000140666962,-0.5474801749706667
2016-11-10,14.739999771118164,2.117000102996826,0.4580000042915344,98.79000091552734,1.6590000987052917,-0.4523720575469146
2016-11-11,14.170000076293945,2.117000102996826,0.4580000042915344,98.79000091552734,1.6590000987052917,-0.5917835614272948
2016-11-14,14.479999542236328,2.2219998836517334,0.503000020980835,100.11000061035156,1.7189998626708984,-0.5091549717843773
2016-11-15,13.369999885559082,2.23799991607666,0.4880000054836273,100.19000244140625,1.7499999105930328,-0.7854583679980188
2016-11-16,13.720000267028809,2.2230000495910645,0.453000009059906,100.41000366210938,1.7700000405311584,-0.6927047510432358
2016-11-17,13.350000381469727,2.2760000228881836,0.41999998688697815,100.88999938964844,1.8560000360012054,-0.7820477580627979
2016-11-18,12.850000381469727,2.3350000381469727,0.4180000126361847,101.20999908447266,1.917000025510788,-0.9048284332798714
2016-11-21,12.420000076293945,2.3389999866485596,0.41999998688697815,101.05000305175781,1.9189999997615814,-1.008516358058727
2016-11-22,12.40999984741211,2.321000099182129,0.4749999940395355,101.04000091552734,1.8460001051425934,-1.0055039959494358
2016-11-23,12.430000305175781,2.3570001125335693,0.48500001430511475,101.69999694824219,1.8720000982284546,-0.9959011006857672
2016-11-25,12.34000015258789,2.371999979019165,0.47999998927116394,101.48999786376953,1.891999989748001,-1.0138968343304255
2016-11-28,13.149999618530273,2.319999933242798,0.44999998807907104,101.33000183105469,1.8699999451637268,-0.8063417775619836
2016-11-29,12.899999618530273,2.302000045776367,0.46799999475479126,100.93000030517578,1.834000051021576,-0.8663285695378737
2016-11-30,13.329999923706055,2.368000030517578,0.46799999475479126,101.5,1.9000000357627869,-0.7551296312893753
2016-12-01,14.069999694824219,2.440999984741211,0.4580000042915344,101.04000091552734,1.9829999804496765,-0.5656842098536408
2016-12-02,14.119999885559082,2.390000104904175,0.45500001311302185,100.7699966430664,1.935000091791153,-0.552305021875525
2016-12-05,12.140000343322754,2.38700008392334,0.453000009059906,100.13999938964844,1.9340000748634338,-1.041884864121158
2016-12-06,11.789999961853027,2.3959999084472656,0.48500001430511475,100.48999786376953,1.9109998941421509,-1.120931908763827
2016-12-07,12.220000267028809,2.3469998836517334,0.4880000054836273,100.2300033569336,1.858999878168106,-1.005836753689983
2016-12-08,12.640000343322754,2.38700008392334,0.49000000953674316,101.06999969482422,1.8970000743865967,-0.8942693154498994
2016-12-09,11.75,2.4639999866485596,0.5199999809265137,101.56999969482422,1.944000005722046,-1.1097401352712428
2016-12-12,12.640000343322754,2.4790000915527344,0.5,100.95999908447266,1.9790000915527344,-0.8803098079119422
2016-12-13,12.720000267028809,2.4809999465942383,0.5230000019073486,101.02999877929688,1.9579999446868896,-0.8532518884640734
2016-12-14,13.1899995803833,2.5250000953674316,0.5230000019073486,102.0,2.002000093460083,-0.729813536739541
2016-12-15,12.789999961853027,2.5799999237060547,0.4880000054836273,103.12999725341797,2.0919999182224274,-0.8239968267636757
2016-12-16,12.199999809265137,2.5969998836517334,0.48500001430511475,102.94999694824219,2.1119998693466187,-0.964670151327475
2016-12-19,11.710000038146973,2.5420000553131104,0.4779999852180481,103.13999938964844,2.0640000700950623,-1.0794341011954653
2016-12-20,11.449999809265137,2.568000078201294,0.5130000114440918,103.29000091552734,2.055000066757202,-1.1367282184712626
2016-12-21,11.270000457763672,2.5460000038146973,0.503000020980835,103.0199966430664,2.0429999828338623,-1.1743362867796459
2016-12-22,11.430000305175781,2.552999973297119,0.49300000071525574,103.08999633789062,2.0599999725818634,-1.12720448685019
2016-12-23,11.4399995803833,2.5429999828338623,0.5,103.01000213623047,2.0429999828338623,-1.1166331571351913
2016-12-27,11.989999771118164,2.562999963760376,0.4950000047683716,103.0199966430664,2.0679999589920044,-0.9739589131723272
2016-12-28,12.949999809265137,2.50600004196167,0.4950000047683716,103.26000213623047,2.0110000371932983,-0.7307694451255355
2016-12-29,13.369999885559082,2.4769999980926514,0.4399999976158142,102.68000030517578,2.037000000476837,-0.6217637515495519
2016-12-30,14.039999961853027,2.446000099182129,0.47999998927116394,102.38999938964844,1.966000109910965,-0.4501593309244404
2017-01-03,12.850000381469727,2.450000047683716,0.4749999940395355,103.20999908447266,1.9750000536441803,-0.7399050615877778
2017-01-04,11.850000381469727,2.4519999027252197,0.5180000066757202,102.69999694824219,1.9339998960494995,-0.9808616887750731
2017-01-05,11.670000076293945,2.368000030517578,0.5080000162124634,101.5199966430664,1.8600000143051147,-1.0211656702194503
2017-01-06,11.319999694824219,2.4179999828338623,0.503000020980835,102.22000122070312,1.9149999618530273,-1.1086173278646694
2017-01-09,11.5600004196167,2.375999927520752,0.48500001430511475,101.93000030517578,1.8909999132156372,-1.0425028095594822
2017-01-10,11.489999771118164,2.378999948501587,0.503000020980835,102.01000213623047,1.875999927520752,-1.053464787084704
2017-01-11,11.260000228881836,2.369999885559082,0.49799999594688416,101.77999877929688,1.8719998896121979,-1.1094740378195724
2017-01-12,11.539999961853027,2.3610000610351562,0.503000020980835,101.3499984741211,1.8580000400543213,-1.0316107074030234
2017-01-13,11.229999542236328,2.380000114440918,0.5130000114440918,101.18000030517578,1.8670001029968262,-1.1142914875803245
2017-01-17,11.869999885559082,2.3269999027252197,0.5130000114440918,100.33000183105469,1.813999891281128,-0.9443896613363228
2017-01-18,12.479999542236328,2.3889999389648438,0.5149999856948853,100.93000030517578,1.8739999532699585,-0.7766735492583735
2017-01-19,12.779999732971191,2.4590001106262207,0.503000020980835,101.1500015258789,1.9560000896453857,-0.6932778735077338
2017-01-20,11.539999961853027,2.4670000076293945,0.47999998927116394,100.73999786376953,1.9870000183582306,-1.0453936531424826
2017-01-23,11.770000457763672,2.4030001163482666,0.4729999899864197,100.16000366210938,1.930000126361847,-0.9737386331518175
2017-01-24,11.069999694824219,2.4709999561309814,0.49300000071525574,100.3499984741211,1.9779999554157257,-1.1738923266627415
2017-01-25,10.8100004196167,2.5230000019073486,0.4830000102519989,100.02999877929688,2.0399999916553497,-1.2442147190782638
2017-01-26,10.630000114440918,2.507999897003174,0.4880000054836273,100.37999725341797,2.0199998915195465,-1.2929383376939145
2017-01-27,10.579999923706055,2.4809999465942383,0.49799999594688416,100.52999877929688,1.9829999506473541,-1.3021319215317961
2017-01-30,11.880000114440918,2.4830000400543213,0.4950000047683716,100.43000030517578,1.9880000352859497,-0.9073811560304372
2017-01-31,11.989999771118164,2.4509999752044678,0.5,99.51000213623047,1.9509999752044678,-0.8676620852412568
2017-02-01,11.8100004196167,2.4739999771118164,0.5,99.63999938964844,1.9739999771118164,-0.916437454672675
2017-02-02,11.930000305175781,2.4700000286102295,0.4880000054836273,99.8499984741211,1.9820000231266022,-0.8745913790441091
2017-02-03,10.970000267028809,2.490999937057495,0.4880000054836273,99.87000274658203,2.002999931573868,-1.1615651378986638
2017-02-06,11.369999885559082,2.4130001068115234,0.503000020980835,99.91000366210938,1.9100000858306885,-1.036668622348183
2017-02-07,11.289999961853027,2.3889999389648438,0.5249999761581421,100.26000213623047,1.8639999628067017,-1.0675549272027252
2017-02-08,11.449999809265137,2.3510000705718994,0.5249999761581421,100.27999877929688,1.8260000944137573,-1.0252846381808296
2017-02-09,10.880000114440918,2.3949999809265137,0.527999997138977,100.6500015258789,1.8669999837875366,-1.2240080198708994
2017-02-10,10.850000381469727,2.4089999198913574,0.5230000019073486,100.80000305175781,1.8859999179840088,-1.260863785157026
2017-02-13,11.069999694824219,2.434000015258789,0.5230000019073486,100.95999908447266,1.9110000133514404,-1.196283640361113
2017-02-14,10.739999771118164,2.4700000286102295,0.5350000262260437,101.25,1.9350000023841858,-1.32356765610615
2017-02-15,11.970000267028809,2.502000093460083,0.5199999809265137,101.18000030517578,1.9820001125335693,-0.8714306370102678
2017-02-16,11.760000228881836,2.450000047683716,0.5080000162124634,100.44000244140625,1.9420000314712524,-0.9475517344462605
2017-02-17,11.489999771118164,2.424999952316284,0.5080000162124634,100.94999694824219,1.9169999361038208,-1.045339859366364
2017-02-21,11.569999694824219,2.427000045776367,0.5049999952316284,101.37000274658203,1.9220000505447388,-1.0088080308983156
2017-02-22,11.739999771118164,2.4179999828338623,0.5099999904632568,101.33000183105469,1.9079999923706055,-0.9407777365744538
2017-02-23,11.710000038146973,2.388000011444092,0.49799999594688416,101.05000305175781,1.8900000154972076,-0.9491703682854847
2017-02-24,11.470000267028809,2.316999912261963,0.49799999594688416,101.08999633789062,1.8189999163150787,-1.0370372514797603
2017-02-27,12.09000015258789,2.36899995803833,0.49000000953674316,101.12999725341797,1.878999948501587,-0.7877112639851741
2017-02-28,12.920000076293945,2.3580000400543213,0.5230000019073486,101.12000274658203,1.8350000381469727,-0.45153296914042457
2017-03-01,12.539999961853027,2.4630000591278076,0.6150000095367432,101.77999877929688,1.8480000495910645,-0.5985268350804483
2017-03-02,11.8100004196167,2.489000082015991,0.6449999809265137,102.19999694824219,1.8440001010894775,-0.8865146230431457
2017-03-03,10.960000038146973,2.492000102996826,0.6830000281333923,101.54000091552734,1.8090000748634338,-1.2207185122139237
2017-03-06,11.239999771118164,2.49399995803833,0.7049999833106995,101.63999938964844,1.7889999747276306,-1.0987345498838317
2017-03-07,11.449999809265137,2.510999917984009,0.7350000143051147,101.80999755859375,1.775999903678894,-1.006029708068787
2017-03-08,11.859999656677246,2.552000045776367,0.7080000042915344,102.06999969482422,1.8440000414848328,-0.8338517084643509
2017-03-09,12.300000190734863,2.5980000495910645,0.7129999995231628,101.8499984741211,1.8850000500679016,-0.6482974746629404
2017-03-10,11.65999984741211,2.5820000171661377,0.7250000238418579,101.25,1.8569999933242798,-0.9043177508801841
2017-03-13,11.350000381469727,2.6080000400543213,0.7279999852180481,101.37999725341797,1.8800000548362732,-1.0239170019313582
2017-03-14,12.300000190734863,2.5950000286102295,0.753000020980835,101.69999694824219,1.8420000076293945,-0.6263502075057319
2017-03-15,11.630000114440918,2.507999897003174,0.7149999737739563,100.73999786376953,1.7929999232292175,-0.8959981379524804
2017-03-16,11.210000038146973,2.5220000743865967,0.7080000042915344,100.2699966430664,1.8140000700950623,-1.0617069714881953
2017-03-17,11.279999732971191,2.500999927520752,0.7080000042915344,100.30000305175781,1.7929999232292175,-1.0256006462961325
2017-03-20,11.34000015258789,2.4730000495910645,0.7099999785423279,100.41000366210938,1.7630000710487366,-0.9945287387993044
2017-03-21,12.470000267028809,2.436000108718872,0.753000020980835,99.80999755859375,1.683000087738037,-0.5271364814785058
2017-03-22,12.8100004196167,2.3959999084472656,0.7480000257492065,99.68000030517578,1.647999882698059,-0.38500875538226736
2017-03-23,13.119999885559082,2.4179999828338623,0.7480000257492065,99.76000213623047,1.6699999570846558,-0.2546794756343415
2017-03-24,12.960000038146973,2.4000000953674316,0.7480000257492065,99.62999725341797,1.652000069618225,-0.31762167789215384
2017-03-27,12.5,2.372999906539917,0.7580000162124634,99.16999816894531,1.6149998903274536,-0.5024939780331825
2017-03-28,11.529999732971191,2.4089999198913574,0.7730000019073486,99.70999908447266,1.6359999179840088,-0.8964096205517036
2017-03-29,11.420000076293945,2.385999917984009,0.7549999952316284,100.0,1.6309999227523804,-0.9364672543841941
2017-03-30,11.539999961853027,2.4159998893737793,0.7580000162124634,100.41000366210938,1.657999873161316,-0.881981103701795
2017-03-31,12.369999885559082,2.3959999084472656,0.7379999756813049,100.3499984741211,1.6579999327659607,-0.5407155289576107
2017-04-03,12.380000114440918,2.3499999046325684,0.7400000095367432,100.54000091552734,1.6099998950958252,-0.5335262191700642
2017-04-04,11.789999961853027,2.3499999046325684,0.7799999713897705,100.54000091552734,1.5699999332427979,-0.7688285734040691
2017-04-05,12.890000343322754,2.3570001125335693,0.7799999713897705,100.55999755859375,1.5770001411437988,-0.3169799919406732
2017-04-06,12.390000343322754,2.3429999351501465,0.7879999876022339,100.66999816894531,1.5549999475479126,-0.5161143629053961
2017-04-07,12.869999885559082,2.372999906539917,0.7979999780654907,101.18000030517578,1.5749999284744263,-0.31573687819896706
2017-04-10,14.050000190734863,2.3610000610351562,0.7879999876022339,101.0199966430664,1.5730000734329224,0.17187634995316164
2017-04-11,15.069999694824219,2.2980000972747803,0.800000011920929,100.70999908447266,1.4980000853538513,0.5903988983125456
2017-04-12,15.770000457763672,2.2960000038146973,0.7929999828338623,100.77999877929688,1.503000020980835,0.8734215501717183
2017-04-13,15.960000038146973,2.2320001125335693,0.7900000214576721,100.55999755859375,1.4420000910758972,0.945995747750643
2017-04-17,14.65999984741211,2.252000093460083,0.7900000214576721,100.30000305175781,1.4620000720024109,0.41201645490075145
2017-04-18,14.420000076293945,2.178999900817871,0.8050000071525574,99.5,1.3739998936653137,0.3120181294105161
2017-04-19,14.930000305175781,2.2019999027252197,0.7850000262260437,99.73999786376953,1.416999876499176,0.5176883879736154
2017-04-20,14.149999618530273,2.240999937057495,0.7699999809265137,99.77999877929688,1.4709999561309814,0.19729379883640852
2017-04-21,14.630000114440918,2.236999988555908,0.7630000114440918,99.9800033569336,1.4739999771118164,0.3923679883008729
2017-04-24,10.84000015258789,2.2730000019073486,0.7699999809265137,99.08999633789062,1.503000020980835,-1.1502137735208087
2017-04-25,10.760000228881836,2.3269999027252197,0.8080000281333923,98.81999969482422,1.5189998745918274,-1.174279535830878
2017-04-26,10.850000381469727,2.311000108718872,0.8029999732971191,98.95999908447266,1.508000135421753,-1.1298025867149488
2017-04-27,10.359999656677246,2.2960000038146973,0.7850000262260437,99.08000183105469,1.5109999775886536,-1.318474421008261
2017-04-28,10.819999694824219,2.2820000648498535,0.7799999713897705,99.05000305175781,1.502000093460083,-1.123566880349931
2017-05-01,10.109999656677246,2.325000047683716,0.7850000262260437,99.13999938964844,1.5400000214576721,-1.3976438142091272
2017-05-02,10.59000015258789,2.2960000038146973,0.8429999947547913,98.9800033569336,1.453000009059906,-1.1949346604325104
2017-05-03,10.680000305175781,2.309000015258789,0.8479999899864197,99.20999908447266,1.4610000252723694,-1.1494456629708663
2017-05-04,10.460000038146973,2.3559999465942383,0.8550000190734863,98.76000213623047,1.500999927520752,-1.2275418182939435
2017-05-05,10.569999694824219,2.3519999980926514,0.8679999709129333,98.6500015258789,1.484000027179718,-1.1738894798327673
2017-05-08,9.770000457763672,2.375999927520752,0.8700000047683716,99.1500015258789,1.5059999227523804,-1.4803921180845552
2017-05-09,9.960000038146973,2.4070000648498535,0.8899999856948853,99.58999633789062,1.5170000791549683,-1.3924456178211484
2017-05-10,10.210000038146973,2.4140000343322754,0.875,99.66999816894531,1.5390000343322754,-1.2834980366602622
2017-05-11,10.600000381469727,2.4000000953674316,0.8600000143051147,99.62000274658203,1.540000081062317,-1.1203634196505505
2017-05-12,10.399999618530273,2.3350000381469727,0.8550000190734863,99.25,1.4800000190734863,-1.1900759530956073
2017-05-15,10.420000076293945,2.3380000591278076,0.8629999756813049,98.91000366210938,1.4750000834465027,-1.1726879761006659
2017-05-16,10.649999618530273,2.3289999961853027,0.8899999856948853,98.11000061035156,1.4390000104904175,-1.0739767910963616
2017-05-17,15.59000015258789,2.2160000801086426,0.875,97.41999816894531,1.3410000801086426,0.8658023966627629
2017-05-18,14.65999984741211,2.2330000400543213,0.8930000066757202,97.87999725341797,1.340000033378601,0.5033983765055519
2017-05-19,12.039999961853027,2.244999885559082,0.8880000114440918,97.1500015258789,1.3569998741149902,-0.521390871248405
2017-05-22,10.930000305175781,2.253999948501587,0.878000020980835,96.9800033569336,1.375999927520752,-0.9514542809062898
2017-05-23,10.720000267028809,2.2850000858306885,0.9129999876022339,97.3499984741211,1.3720000982284546,-1.025972468370065
2017-05-24,10.020000457763672,2.2660000324249268,0.9049999713897705,97.23999786376953,1.3610000610351562,-1.2908684240847275
2017-05-25,9.989999771118164,2.255000114440918,0.9079999923706055,97.25,1.3470001220703125,-1.2923559595784215
2017-05-26,9.8100004196167,2.25,0.9100000262260437,97.4000015258789,1.3399999737739563,-1.352203324744865
2017-05-30,10.380000114440918,2.2170000076293945,0.9100000262260437,97.27999877929688,1.3069999814033508,-1.1229090003002613
2017-05-31,10.40999984741211,2.196000099182129,0.949999988079071,96.91999816894531,1.2460001111030579,-1.1030004335154442
2017-06-01,9.890000343322754,2.2170000076293945,0.9480000138282776,97.19999694824219,1.268999993801117,-1.294135438819696
2017-06-02,9.75,2.1589999198913574,0.953000009059906,96.72000122070312,1.2059999108314514,-1.3375870959910592
2017-06-05,10.069999694824219,2.181999921798706,0.9480000138282776,96.80000305175781,1.2339999079704285,-1.2055399682991947
2017-06-06,10.449999809265137,2.1470000743865967,0.9580000042915344,96.63999938964844,1.1890000700950623,-1.0523281753788158
2017-06-07,10.390000343322754,2.177999973297119,0.9729999899864197,96.75,1.2049999833106995,-1.0675582001609112
2017-06-08,10.15999984741211,2.194000005722046,0.9729999899864197,96.91999816894531,1.2210000157356262,-1.1468770633015637
2017-06-09,10.699999809265137,2.1989998817443848,0.9800000190734863,97.2699966430664,1.2189998626708984,-0.9336909793995625
2017-06-12,11.460000038146973,2.2130000591278076,0.9729999899864197,97.13999938964844,1.240000069141388,-0.6376902210576678
2017-06-13,10.420000076293945,2.2070000171661377,0.9829999804496765,96.9800033569336,1.2240000367164612,-1.0363990480218188
2017-06-14,10.640000343322754,2.138000011444092,0.9829999804496765,96.94000244140625,1.1550000309944153,-0.9498488165865298
2017-06-15,10.899999618530273,2.1619999408721924,0.9929999709129333,97.43000030517578,1.168999969959259,-0.844866610972181
2017-06-16,10.380000114440918,2.1570000648498535,0.9850000143051147,97.16000366210938,1.1720000505447388,-1.0503917809345937
2017-06-19,10.369999885559082,2.190000057220459,0.9850000143051147,97.52999877929688,1.2050000429153442,-1.052014553940725
2017-06-20,10.859999656677246,2.1530001163482666,0.9929999709129333,97.75,1.1600001454353333,-0.8462052470833006
2017-06-21,10.75,2.1549999713897705,0.9679999947547913,97.55999755859375,1.1869999766349792,-0.8870789198347788
2017-06-22,10.479999542236328,2.1530001163482666,0.9330000281333923,97.54000091552734,1.2200000882148743,-1.0043807186220695
2017-06-23,10.020000457763672,2.1440000534057617,0.9330000281333923,97.30000305175781,1.2110000252723694,-1.193527303048151
2017-06-26,9.899999618530273,2.13700008392334,0.9330000281333923,97.43000030517578,1.2040000557899475,-1.2964097670223276
2017-06-27,11.0600004196167,2.197999954223633,0.9900000095367432,96.47000122070312,1.2079999446868896,-0.7846217692361773
2017-06-28,10.029999732971191,2.2209999561309814,0.9850000143051147,96.05000305175781,1.2359999418258667,-1.2810988592876447
2017-06-29,11.4399995803833,2.2669999599456787,1.003000020980835,95.62999725341797,1.2639999389648438,-0.587459121445491
2017-06-30,11.180000305175781,2.302000045776367,0.9929999709129333,95.66000366210938,1.3090000748634338,-0.7088227809005672
2017-07-03,11.220000267028809,2.3459999561309814,1.0,96.19999694824219,1.3459999561309814,-0.6830737387949984
2017-07-05,11.069999694824219,2.3340001106262207,1.0199999809265137,96.29000091552734,1.314000129699707,-0.7506453419754708
2017-07-06,12.539999961853027,2.369999885559082,1.0080000162124634,95.81999969482422,1.3619998693466187,-0.01839470608166633
2017-07-07,11.1899995803833,2.3929998874664307,1.0080000162124634,96.01000213623047,1.3849998712539673,-0.6823405303359265
2017-07-10,11.109999656677246,2.371000051498413,1.0130000114440918,96.05000305175781,1.3580000400543213,-0.7173835996693771
2017-07-11,10.890000343322754,2.361999988555908,1.0329999923706055,95.73999786376953,1.3289999961853027,-0.8206980199816425
2017-07-12,10.300000190734863,2.3269999027252197,1.0230000019073486,95.79000091552734,1.303999900817871,-1.1048802423984072
2017-07-13,9.899999618530273,2.3480000495910645,1.0130000114440918,95.7300033569336,1.3350000381469727,-1.2926127336895052
2017-07-14,9.510000228881836,2.319000005722046,1.0080000162124634,95.11000061035156,1.3109999895095825,-1.472275198148846
2017-07-17,9.819999694824219,2.309000015258789,1.0199999809265137,95.12999725341797,1.2890000343322754,-1.3098574896119612
2017-07-18,9.890000343322754,2.263000011444092,1.0399999618530273,94.66000366210938,1.2230000495910645,-1.2665339848502588
2017-07-19,9.789999961853027,2.2679998874664307,1.0850000381469727,94.80000305175781,1.182999849319458,-1.3068119445155835
2017-07-20,9.579999923706055,2.2660000324249268,1.1130000352859497,94.2699966430664,1.152999997138977,-1.3995879241209526
2017-07-21,9.359999656677246,2.2320001125335693,1.1380000114440918,93.94000244140625,1.0940001010894775,-1.49309614630817
2017-07-24,9.430000305175781,2.253999948501587,1.149999976158142,93.9800033569336,1.1039999723434448,-1.4483604998788733
2017-07-25,9.430000305175781,2.3259999752044678,1.1430000066757202,94.05000305175781,1.1829999685287476,-1.435961567745664
2017-07-26,9.600000381469727,2.2820000648498535,1.0950000286102295,93.66999816894531,1.187000036239624,-1.3433851197436264
2017-07-27,10.109999656677246,2.309999942779541,1.0779999494552612,93.86000061035156,1.2319999933242798,-1.0923894020309464
2017-07-28,10.289999961853027,2.2890000343322754,1.0529999732971191,93.26000213623047,1.2360000610351562,-1.0001599049193315
2017-07-31,10.260000228881836,2.2920000553131104,1.0529999732971191,92.86000061035156,1.2390000820159912,-1.0094389146102951
2017-08-01,10.09000015258789,2.250999927520752,1.0579999685287476,93.02999877929688,1.1929999589920044,-1.0830733050597057
2017-08-02,10.279999732971191,2.26200008392334,1.0499999523162842,92.83000183105469,1.2120001316070557,-0.9859086961125038
2017-08-03,10.4399995803833,2.2279999256134033,1.0579999685287476,92.80999755859375,1.1699999570846558,-0.9044169564815804
2017-08-04,10.029999732971191,2.2669999599456787,1.0529999732971191,93.54000091552734,1.2139999866485596,-1.090696258542909
2017-08-07,9.930000305175781,2.256999969482422,1.0329999923706055,93.43000030517578,1.2239999771118164,-1.1325626406817784
2017-08-08,10.960000038146973,2.2829999923706055,1.0299999713897705,93.63999938964844,1.253000020980835,-0.6476758103692455
2017-08-09,11.109999656677246,2.240999937057495,1.024999976158142,93.5199966430664,1.215999960899353,-0.5760054852762523
2017-08-10,16.040000915527344,2.2119998931884766,1.0180000066757202,93.4000015258789,1.1939998865127563,1.7185267216891298
2017-08-11,15.510000228881836,2.188999891281128,1.0130000114440918,93.06999969482422,1.1759998798370361,1.4583835244693626
2017-08-14,12.329999923706055,2.2190001010894775,1.003000020980835,93.45999908447266,1.2160000801086426,-0.019647855994720395
2017-08-15,12.039999961853027,2.2660000324249268,1.0080000162124634,93.8499984741211,1.2580000162124634,-0.15478176704562904
2017-08-16,11.739999771118164,2.2260000705718994,0.9850000143051147,93.48999786376953,1.2410000562667847,-0.2924351838017507
2017-08-17,15.550000190734863,2.1989998817443848,0.9779999852180481,93.62000274658203,1.2209998965263367,1.4646079481736671
2017-08-18,14.260000228881836,2.194000005722046,0.9879999756813049,93.43000030517578,1.206000030040741,0.8618987716580903
2017-08-21,13.1899995803833,2.180000066757202,0.9649999737739563,93.0999984741211,1.2150000929832458,0.36429953789383235
2017-08-22,11.350000381469727,2.2149999141693115,0.9950000047683716,93.55000305175781,1.21999990940094,-0.48395104612050516
2017-08-23,12.25,2.1710000038146973,0.9800000190734863,93.1500015258789,1.190999984741211,-0.06806446795767279
2017-08-24,12.229999542236328,2.194000005722046,0.9980000257492065,93.27999877929688,1.1959999799728394,-0.07510004263288464
2017-08-25,11.279999732971191,2.1689999103546143,0.9950000047683716,92.73999786376953,1.1739999055862427,-0.5097976340573899
2017-08-28,11.319999694824219,2.1589999198913574,1.0049999952316284,92.20999908447266,1.153999924659729,-0.4871437257002154
2017-08-29,11.699999809265137,2.135999917984009,1.0099999904632568,92.3499984741211,1.125999927520752,-0.30921674431814833
2017-08-30,11.220000267028809,2.1429998874664307,0.9980000257492065,92.87999725341797,1.1449998617172241,-0.5274090768213224
2017-08-31,10.59000015258789,2.121000051498413,0.9779999852180481,92.66999816894531,1.143000066280365,-0.8126124312213752
2017-09-01,10.130000114440918,2.1570000648498535,0.9850000143051147,92.80999755859375,1.1720000505447388,-1.0172721295974316
2017-09-05,12.229999542236328,2.069999933242798,0.9829999804496765,92.30999755859375,1.0869999527931213,-0.04977246718952903
2017-09-06,11.630000114440918,2.1080000400543213,1.0379999876022339,92.29000091552734,1.0700000524520874,-0.3255772738789398
2017-09-07,11.550000190734863,2.061000108718872,1.0230000019073486,91.52999877929688,1.0380001068115234,-0.3616637145793667
2017-09-08,12.119999885559082,2.061000108718872,1.0199999809265137,91.33000183105469,1.0410001277923584,-0.09830089416553586
2017-09-11,10.729999542236328,2.125,1.0199999809265137,91.86000061035156,1.1050000190734863,-0.7339982585973659
2017-09-12,10.579999923706055,2.1710000038146973,1.0180000066757202,91.91000366210938,1.152999997138977,-0.7971832252296285
2017-09-13,10.5,2.194999933242798,1.0180000066757202,92.5199966430664,1.1769999265670776,-0.8310423587426474
2017-09-14,10.4399995803833,2.197000026702881,1.027999997138977,92.12000274658203,1.1690000295639038,-0.8570442393830244
2017-09-15,10.170000076293945,2.2019999027252197,1.0099999904632568,91.87000274658203,1.191999912261963,-0.9803817852010573
2017-09-18,10.149999618530273,2.2290000915527344,1.0,92.05000305175781,1.2290000915527344,-0.9827287436567163
2017-09-19,10.180000305175781,2.243000030517578,1.0180000066757202,91.79000091552734,1.225000023841858,-0.961240117851786
2017-09-20,9.779999732971191,2.2769999504089355,1.0199999809265137,92.51000213623047,1.2569999694824219,-1.148020926813891
2017-09-21,9.670000076293945,2.2780001163482666,1.0080000162124634,92.26000213623047,1.2700001001358032,-1.1919280337725746
2017-09-22,9.59000015258789,2.26200008392334,1.003000020980835,92.16999816894531,1.2590000629425049,-1.2224437999759485
2017-09-25,10.210000038146973,2.2200000286102295,0.9980000257492065,92.6500015258789,1.222000002861023,-0.9166186962834926
2017-09-26,10.170000076293945,2.2290000915527344,1.0429999828338623,92.97000122070312,1.186000108718872,-0.9285435155017834
2017-09-27,9.869999885559082,2.309000015258789,1.0379999876022339,93.36000061035156,1.2710000276565552,-1.065625594311912
2017-09-28,9.550000190734863,2.309000015258789,1.0299999713897705,93.08999633789062,1.2790000438690186,-1.2112707349660286
2017-09-29,9.510000228881836,2.3259999752044678,1.027999997138977,93.08000183105469,1.2979999780654907,-1.2204416248249552
2017-10-02,9.449999809265137,2.3369998931884766,1.0130000114440918,93.55999755859375,1.3239998817443848,-1.2390475625339015
2017-10-03,9.510000228881836,2.3340001106262207,1.034999966621399,93.56999969482422,1.2990001440048218,-1.2003526297008535
2017-10-04,9.630000114440918,2.3299999237060547,1.0429999828338623,93.45999908447266,1.2869999408721924,-1.1336842987280438
2017-10-05,9.1899995803833,2.3499999046325684,1.0429999828338623,93.95999908447266,1.306999921798706,-1.3328495812485557
2017-10-06,9.649999618530273,2.369999885559082,1.0429999828338623,93.80000305175781,1.3269999027252197,-1.105046560826745
2017-10-09,10.329999923706055,2.3610000610351562,1.0449999570846558,93.73999786376953,1.3160001039505005,-0.7752810199682503
2017-10-10,10.079999923706055,2.3450000286102295,1.0549999475479126,93.29000091552734,1.290000081062317,-0.887441540364324
2017-10-11,9.850000381469727,2.3450000286102295,1.0679999589920044,92.95999908447266,1.277000069618225,-0.9897301907428571
2017-10-12,9.90999984741211,2.322999954223633,1.0529999732971191,93.12000274658203,1.2699999809265137,-0.9549379262224599
2017-10-13,9.609999656677246,2.2799999713897705,1.0499999523162842,93.08999633789062,1.2300000190734863,-1.094419877398305
2017-10-16,9.90999984741211,2.306999921798706,1.0549999475479126,93.27999877929688,1.2519999742507935,-0.9436923932211772
2017-10-17,10.3100004196167,2.2980000972747803,1.0729999542236328,93.48999786376953,1.2250001430511475,-0.7433893737104759
2017-10-18,10.069999694824219,2.3389999866485596,1.0679999589920044,93.36000061035156,1.2710000276565552,-0.8547661104959572
2017-10-19,10.050000190734863,2.321000099182129,1.065000057220459,93.2699966430664,1.25600004196167,-0.8576746505344217
2017-10-20,9.970000267028809,2.38100004196167,1.0750000476837158,93.69999694824219,1.305999994277954,-0.8900522456785134
2017-10-23,11.069999694824219,2.375999927520752,1.0700000524520874,93.94000244140625,1.3059998750686646,-0.3423473596003693
2017-10-24,11.15999984741211,2.4059998989105225,1.0980000495910645,93.95999908447266,1.307999849319458,-0.2943550472164954
2017-10-25,11.229999542236328,2.444000005722046,1.0829999446868896,93.70999908447266,1.3610000610351562,-0.2556602757700403
2017-10-26,11.300000190734863,2.4519999027252197,1.0800000429153442,94.61000061035156,1.3719998598098755,-0.21582745294610425
2017-10-27,9.800000190734863,2.427999973297119,1.0729999542236328,94.91999816894531,1.3550000190734863,-0.9549424133549985
2017-10-30,10.5,2.369999885559082,1.0750000476837158,94.48999786376953,1.2949998378753662,-0.5996801733111938
2017-10-31,10.180000305175781,2.375999927520752,1.1230000257492065,94.55000305175781,1.2529999017715454,-0.7575641468405857
2017-11-01,10.199999809265137,2.375999927520752,1.1380000114440918,94.81999969482422,1.2379999160766602,-0.748408229683468
2017-11-02,9.930000305175781,2.3469998836517334,1.1380000114440918,94.69000244140625,1.2089998722076416,-0.8985267075339561
2017-11-03,9.140000343322754,2.3429999351501465,1.1480000019073486,94.94000244140625,1.1949999332427979,-1.3850618500051022
2017-11-06,9.399999618530273,2.319999933242798,1.1579999923706055,94.72000122070312,1.1619999408721924,-1.3104554988403017
2017-11-07,9.890000343322754,2.306999921798706,1.187999963760376,94.91000366210938,1.11899995803833,-1.0218404260071945
2017-11-08,9.779999732971191,2.325000047683716,1.1950000524520874,94.87000274658203,1.1299999952316284,-1.1198089518883818
2017-11-09,10.5,2.3310000896453857,1.2029999494552612,94.44000244140625,1.1280001401901245,-0.621670656960746
2017-11-10,11.289999961853027,2.4000000953674316,1.2000000476837158,94.38999938964844,1.2000000476837158,-0.0687935840819834
2017-11-13,11.5,2.4000000953674316,1.184999942779541,94.48999786376953,1.2150001525878906,0.08543192862490691
2017-11-14,11.59000015258789,2.38100004196167,1.2400000095367432,93.83000183105469,1.1410000324249268,0.15810780721936152
2017-11-15,13.130000114440918,2.3350000381469727,1.2300000190734863,93.80999755859375,1.1050000190734863,1.2505352416043094
2017-11-16,11.760000228881836,2.3610000610351562,1.2300000190734863,93.93000030517578,1.13100004196167,0.28649475887619336
2017-11-17,11.430000305175781,2.3540000915527344,1.2400000095367432,93.66000366210938,1.1140000820159912,0.05696320976725145
2017-11-20,10.649999618530273,2.371999979019165,1.2400000095367432,94.08000183105469,1.1319999694824219,-0.49584779262217893
2017-11-21,9.729999542236328,2.36299991607666,1.277999997138977,93.94999694824219,1.084999918937683,-1.1460838441939158
2017-11-22,9.880000114440918,2.322000026702881,1.2649999856948853,93.22000122070312,1.0570000410079956,-1.0305547946212799
2017-11-24,9.670000076293945,2.3399999141693115,1.2400000095367432,92.76000213623047,1.0999999046325684,-1.1711642860676579
2017-11-27,9.869999885559082,2.328000068664551,1.2230000495910645,92.9000015258789,1.1050000190734863,-1.0203158689362442
2017-11-28,10.029999732971191,2.3380000591278076,1.2649999856948853,93.26000213623047,1.0730000734329224,-0.8990229904608441
2017-11-29,10.699999809265137,2.375999927520752,1.2580000162124634,93.26000213623047,1.1179999113082886,-0.4148624260274635
2017-11-30,11.279999732971191,2.4170000553131104,1.2380000352859497,93.01000213623047,1.1790000200271606,0.006509752340222017
2017-12-01,11.430000305175781,2.361999988555908,1.2350000143051147,92.9000015258789,1.1269999742507935,0.12297401390739156
2017-12-04,11.680000305175781,2.378999948501587,1.2450000047683716,93.19000244140625,1.1339999437332153,0.31400206259539887
2017-12-05,11.329999923706055,2.3559999465942383,1.2829999923706055,93.37999725341797,1.0729999542236328,0.06034847639715027
2017-12-06,11.020000457763672,2.3299999237060547,1.2630000114440918,93.61000061035156,1.066999912261963,-0.16443939718732822
2017-12-07,10.15999984741211,2.375999927520752,1.2599999904632568,93.80000305175781,1.1159999370574951,-0.7881360550089677
2017-12-08,9.579999923706055,2.382999897003174,1.253000020980835,93.9000015258789,1.1299998760223389,-1.2029930226710088
2017-12-11,9.34000015258789,2.384999990463257,1.2630000114440918,93.87000274658203,1.121999979019165,-1.366863007176523
2017-12-12,9.920000076293945,2.4030001163482666,1.309999942779541,94.0999984741211,1.0930001735687256,-0.9364779937287764
2017-12-13,10.180000305175781,2.3489999771118164,1.2730000019073486,93.43000030517578,1.0759999752044678,-0.7404760094348004
2017-12-14,10.489999771118164,2.3459999561309814,1.2829999923706055,93.48999786376953,1.062999963760376,-0.5081244218691147
2017-12-15,9.420000076293945,2.3550000190734863,1.284999966621399,93.93000030517578,1.0700000524520874,-1.2821461571088892
2017-12-18,9.529999732971191,2.3919999599456787,1.315000057220459,93.69999694824219,1.0769999027252197,-1.1917394086017363
2017-12-19,10.029999732971191,2.4630000591278076,1.3530000448226929,93.47000122070312,1.1100000143051147,-0.8202543770847437
2017-12-20,9.720000267028809,2.496999979019165,1.350000023841858,93.3499984741211,1.1469999551773071,-1.039626035609863
2017-12-21,9.619999885559082,2.4809999465942383,1.3200000524520874,93.27999877929688,1.1609998941421509,-1.1050883227704569
2017-12-22,9.899999618530273,2.484999895095825,1.2979999780654907,93.3499984741211,1.1869999170303345,-0.8956098701713634
2017-12-26,10.25,2.4670000076293945,1.3029999732971191,93.26000213623047,1.1640000343322754,-0.6374828090614104
2017-12-27,10.470000267028809,2.4140000343322754,1.4079999923706055,93.02999877929688,1.00600004196167,-0.4735678934871685
2017-12-28,10.180000305175781,2.431999921798706,1.3700000047683716,92.5999984741211,1.0619999170303345,-0.677934176761629
2017-12-29,11.039999961853027,2.4049999713897705,1.3550000190734863,92.12000274658203,1.0499999523162842,-0.045343154078983185
2018-01-02,9.770000457763672,2.4649999141693115,1.378000020980835,91.8499984741211,1.0869998931884766,-0.9697756748931763
2018-01-03,9.149999618530273,2.447000026702881,1.3700000047683716,92.16000366210938,1.0770000219345093,-1.415300226917366
2018-01-04,9.220000267028809,2.453000068664551,1.3700000047683716,91.8499984741211,1.0830000638961792,-1.3519441370568457
2018-01-05,9.220000267028809,2.4760000705718994,1.3700000047683716,91.94999694824219,1.1060000658035278,-1.3404975215082477
2018-01-08,9.520000457763672,2.4800000190734863,1.3799999952316284,92.33000183105469,1.100000023841858,-1.112851468644199
2018-01-09,10.079999923706055,2.5460000038146973,1.4149999618530273,92.52999877929688,1.13100004196167,-0.6988903012956545
2018-01-10,9.819999694824219,2.549999952316284,1.3949999809265137,92.33000183105469,1.1549999713897705,-0.8827139082979064
2018-01-11,9.880000114440918,2.5309998989105225,1.402999997138977,91.8499984741211,1.1279999017715454,-0.8338528531142281
2018-01-12,10.15999984741211,2.552000045776367,1.409999966621399,90.97000122070312,1.1420000791549683,-0.6256463168029563
2018-01-16,11.65999984741211,2.5439999103546143,1.3949999809265137,90.38999938964844,1.1489999294281006,0.4647301760403069
2018-01-17,11.90999984741211,2.578000068664551,1.4149999618530273,90.54000091552734,1.1630001068115234,0.6464634892820369
2018-01-18,12.220000267028809,2.6110000610351562,1.4049999713897705,90.5,1.2060000896453857,0.873385828327081
2018-01-19,11.270000457763672,2.63700008392334,1.402999997138977,90.56999969482422,1.2340000867843628,0.18669036419377463
2018-01-22,11.029999732971191,2.6649999618530273,1.3899999856948853,90.4000015258789,1.274999976158142,0.012872765862275256
2018-01-23,11.100000381469727,2.624000072479248,1.4129999876022339,90.12000274658203,1.2110000848770142,0.06599962238715551
2018-01-24,11.470000267028809,2.6540000438690186,1.409999966621399,89.20999908447266,1.2440000772476196,0.3352608232068639
2018-01-25,11.579999923706055,2.621000051498413,1.3930000066757202,89.38999938964844,1.2280000448226929,0.41330377754267195
2018-01-26,11.079999923706055,2.6619999408721924,1.3880000114440918,89.06999969482422,1.2739999294281006,0.04666107867150255
2018-01-29,13.84000015258789,2.6989998817443848,1.375,89.30999755859375,1.3239998817443848,2.037508303908071
2018-01-30,14.789999961853027,2.7260000705718994,1.4249999523162842,89.19000244140625,1.3010001182556152,2.6804543576355475
2018-01-31,13.539999961853027,2.7200000286102295,1.4299999475479126,89.12999725341797,1.290000081062317,1.7728158952272772
2018-02-01,13.470000267028809,2.7730000019073486,1.4529999494552612,88.66999816894531,1.3200000524520874,1.7092949495872498
2018-02-02,17.309999465942383,2.8540000915527344,1.4500000476837158,89.19999694824219,1.4040000438690186,4.2511269632829904
2018-02-05,37.31999969482422,2.7939999103546143,1.4579999446868896,89.55000305175781,1.3359999656677246,11.827805394702636
2018-02-06,29.979999542236328,2.7679998874664307,1.4880000352859497,89.58999633789062,1.279999852180481,7.468560449124381
2018-02-07,27.729999542236328,2.8440001010894775,1.5149999856948853,90.26000213623047,1.3290001153945923,6.047545037083687
2018-02-08,33.459999084472656,2.8510000705718994,1.5149999856948853,90.2300033569336,1.3360000848770142,7.228001612003138
2018-02-09,29.059999465942383,2.8289999961853027,1.524999976158142,90.44000244140625,1.3040000200271606,5.414275067685536
2018-02-12,25.610000610351562,2.8570001125335693,1.534999966621399,90.20999908447266,1.3220001459121704,4.179969239066066
2018-02-13,24.969999313354492,2.8399999141693115,1.5700000524520874,89.69999694824219,1.2699998617172241,3.8538156563120642
2018-02-14,19.260000228881836,2.9130001068115234,1.5499999523162842,89.12000274658203,1.3630001544952393,2.178528521898188
2018-02-15,19.1299991607666,2.8910000324249268,1.559999942779541,88.58999633789062,1.3310000896453857,2.1142090282972896
2018-02-16,19.459999084472656,2.877000093460083,1.5700000524520874,89.0999984741211,1.3070000410079956,2.1779335589343667
2018-02-20,20.600000381469727,2.8929998874664307,1.5729999542236328,89.72000122070312,1.3199999332427979,2.4569237359067655
2018-02-21,20.020000457763672,2.943000078201294,1.6080000400543213,90.08000183105469,1.3350000381469727,2.2636099421553655
2018-02-22,18.719999313354492,2.9170000553131104,1.6050000190734863,89.75,1.312000036239624,1.8864514141558895
2018-02-23,16.489999771118164,2.871000051498413,1.6050000190734863,89.87999725341797,1.2660000324249268,1.270852425289806
2018-02-26,15.800000190734863,2.8589999675750732,1.6080000400543213,89.81999969482422,1.250999927520752,1.0767098114753515
2018-02-27,18.59000015258789,2.9079999923706055,1.6349999904632568,90.36000061035156,1.2730000019073486,1.8121161116846207
2018-02-28,19.850000381469727,2.868000030517578,1.6180000305175781,90.61000061035156,1.25,2.124104258363541
2018-03-01,22.469999313354492,2.803999900817871,1.590000033378601,90.31999969482422,1.21399986743927,2.767873929108202
2018-03-02,19.59000015258789,2.8570001125335693,1.6050000190734863,89.94000244140625,1.252000093460083,1.988942003339178
2018-03-05,18.729999542236328,2.88100004196167,1.625,90.08000183105469,1.25600004196167,1.7467587497994936
2018-03-06,18.360000610351562,2.877000093460083,1.6430000066757202,89.62000274658203,1.2340000867843628,1.6351204416987883
2018-03-07,17.760000228881836,2.882999897003174,1.649999976158142,89.63999938964844,1.2329999208450317,1.468101626642675
2018-03-08,16.540000915527344,2.865999937057495,1.6349999904632568,90.12000274658203,1.2309999465942383,1.1479736952220783
2018-03-09,14.640000343322754,2.8940000534057617,1.6349999904632568,90.08999633789062,1.2590000629425049,0.6598836079240488
2018-03-12,15.779999732971191,2.869999885559082,1.6430000066757202,89.9000015258789,1.2269998788833618,0.9448781641670144
2018-03-13,16.350000381469727,2.8480000495910645,1.690000057220459,89.66000366210938,1.1579999923706055,1.0825144985827093
2018-03-14,17.229999542236328,2.816999912261963,1.718000054359436,89.69999694824219,1.0989998579025269,1.2967667318389358
2018-03-15,16.59000015258789,2.8259999752044678,1.7330000400543213,90.13999938964844,1.0929999351501465,1.1268723080827732
2018-03-16,15.800000190734863,2.8480000495910645,1.7380000352859497,90.2300033569336,1.1100000143051147,0.9212499236889691
2018-03-19,19.020000457763672,2.8450000286102295,1.7280000448226929,89.9000015258789,1.1169999837875366,1.7155554719019006
2018-03-20,18.200000762939453,2.878999948501587,1.7580000162124634,90.37000274658203,1.1209999322891235,1.496514033343102
2018-03-21,17.860000610351562,2.9070000648498535,1.7100000381469727,89.77999877929688,1.1970000267028809,1.4007835746067927
2018-03-22,23.34000015258789,2.8320000171661377,1.6829999685287476,89.86000061035156,1.1490000486373901,2.712298778834229
2018-03-23,24.8700008392334,2.8299999237060547,1.687999963760376,89.44000244140625,1.1419999599456787,3.019350844145372
2018-03-26,21.030000686645508,2.8429999351501465,1.7050000429153442,89.02999877929688,1.1379998922348022,2.07030204075568
2018-03-27,22.5,2.7860000133514404,1.7330000400543213,89.37000274658203,1.0529999732971191,2.38377459892799
2018-03-28,22.8700008392334,2.7750000953674316,1.6950000524520874,90.05999755859375,1.0800000429153442,2.4313150127403578
2018-03-29,19.969999313354492,2.740999937057495,1.6699999570846558,90.1500015258789,1.0709999799728394,1.7375532918594527
2018-04-02,23.6200008392334,2.7320001125335693,1.6829999685287476,90.05000305175781,1.0490001440048218,2.5384313097931237
2018-04-03,21.100000381469727,2.7839999198913574,1.7130000591278076,90.19999694824219,1.0709998607635498,1.939802093068216
2018-04-04,20.059999465942383,2.7880001068115234,1.6679999828338623,90.13999938964844,1.1200001239776611,1.6873049563092208
2018-04-05,18.940000534057617,2.8320000171661377,1.6749999523162842,90.45999908447266,1.1570000648498535,1.4226082228994634
2018-04-06,21.489999771118164,2.7750000953674316,1.6799999475479126,90.11000061035156,1.095000147819519,1.9722424721893175
2018-04-09,21.770000457763672,2.7860000133514404,1.6749999523162842,89.83999633789062,1.1110000610351562,2.009926538972461
2018-04-10,20.469999313354492,2.796999931335449,1.6950000524520874,89.58999633789062,1.1019998788833618,1.7058569254120286
2018-04-11,20.239999771118164,2.7899999618530273,1.6929999589920044,89.56999969482422,1.097000002861023,1.641280972814376
2018-04-12,18.489999771118164,2.8340001106262207,1.7050000429153442,89.75,1.1290000677108765,1.2524152549975032
2018-04-13,17.40999984741211,2.8289999961853027,1.718000054359436,89.80000305175781,1.1109999418258667,1.014282302488996
2018-04-16,16.559999465942383,2.8320000171661377,1.7130000591278076,89.43000030517578,1.11899995803833,0.8283044646661958
2018-04-17,15.25,2.813999891281128,1.7549999952316284,89.5199966430664,1.0589998960494995,0.5424574051909973
2018-04-18,15.600000381469727,2.867000102996826,1.7699999809265137,89.62000274658203,1.0970001220703125,0.6173100727526135
2018-04-19,15.960000038146973,2.9140000343322754,1.7829999923706055,89.94000244140625,1.13100004196167,0.69437781467226
2018-04-20,16.8799991607666,2.9509999752044678,1.7649999856948853,90.31999969482422,1.1859999895095825,0.8908093265080433
2018-04-23,16.34000015258789,2.9730000495910645,1.7829999923706055,90.94000244140625,1.190000057220459,0.7714151658665699
2018-04-24,18.020000457763672,2.9830000400543213,1.8229999542236328,90.7699966430664,1.1600000858306885,1.1272258670943092
2018-04-25,17.84000015258789,3.0239999294281006,1.815000057220459,91.16999816894531,1.2089998722076416,1.0800784995228243
2018-04-26,16.239999771118164,2.990000009536743,1.784999966621399,91.55999755859375,1.2050000429153442,0.7292733517041803
2018-04-27,15.40999984741211,2.9570000171661377,1.7699999809265137,91.54000091552734,1.187000036239624,0.5457447292980634
2018-04-30,15.930000305175781,2.936000108718872,1.7630000114440918,91.83999633789062,1.1730000972747803,0.6533334982549688
2018-05-01,15.489999771118164,2.9760000705718994,1.809999942779541,92.44999694824219,1.1660001277923584,0.5538382382977602
2018-05-02,15.970000267028809,2.9639999866485596,1.784999966621399,92.51000213623047,1.1790000200271606,0.6525998263572842
2018-05-03,15.899999618530273,2.946000099182129,1.7879999876022339,92.41000366210938,1.158000111579895,0.63282350427912
2018-05-04,14.770000457763672,2.944000005722046,1.7929999828338623,92.56999969482422,1.1510000228881836,0.3855306578930077
2018-05-07,14.75,2.950000047683716,1.7929999828338623,92.75,1.1570000648498535,0.3777342571808941
2018-05-08,14.710000038146973,2.9690001010894775,1.8350000381469727,93.12000274658203,1.1340000629425049,0.36512979180303295
2018-05-09,13.420000076293945,3.003999948501587,1.8450000286102295,93.04000091552734,1.1589999198913574,0.08366553338038371
2018-05-10,13.229999542236328,2.9709999561309814,1.8450000286102295,92.6500015258789,1.125999927520752,0.04003980657440098
2018-05-11,12.649999618530273,2.9709999561309814,1.8600000143051147,92.54000091552734,1.1109999418258667,-0.08721695486528995
2018-05-14,12.930000305175781,2.994999885559082,1.8550000190734863,92.58999633789062,1.1399998664855957,-0.0288135097210293
2018-05-15,14.630000114440918,3.0799999237060547,1.875,93.22000122070312,1.2049999237060547,0.3358530622726474
2018-05-16,13.420000076293945,3.0950000286102295,1.8650000095367432,93.38999938964844,1.2300000190734863,0.07136872020880787
2018-05-17,13.430000305175781,3.1089999675750732,1.8630000352859497,93.47000122070312,1.2459999322891235,0.07543782243597671
2018-05-18,13.420000076293945,3.066999912261963,1.8550000190734863,93.63999938964844,1.2119998931884766,0.0743527090589281
2018-05-21,13.079999923706055,3.065000057220459,1.8630000352859497,93.68000030517578,1.2020000219345093,-0.0003013499600764026
2018-05-22,13.220000267028809,3.065000057220459,1.8930000066757202,93.61000061035156,1.1720000505447388,0.028113662837985318
2018-05-23,12.579999923706055,3.003000020980835,1.8730000257492065,94.01000213623047,1.1299999952316284,-0.11245947601749069
2018-05-24,12.529999732971191,2.9809999465942383,1.8600000143051147,93.77999877929688,1.1209999322891235,-0.1255889897440433
2018-05-25,13.220000267028809,2.930999994277954,1.8530000448226929,94.19000244140625,1.0779999494552612,0.02161695287111714
2018-05-29,17.020000457763672,2.7679998874664307,1.840000033378601,94.83000183105469,0.9279998540878296,0.8417630576856221
2018-05-30,14.9399995803833,2.8420000076293945,1.878000020980835,94.1500015258789,0.9639999866485596,0.38566060998292045
2018-05-31,15.430000305175781,2.822000026702881,1.8700000047683716,93.98999786376953,0.9520000219345093,0.48805040856396414
2018-06-01,13.460000038146973,2.8949999809265137,1.8680000305175781,94.19000244140625,1.0269999504089355,0.05632634213169836
2018-06-04,12.739999771118164,2.937000036239624,1.8650000095367432,94.0199966430664,1.0720000267028809,-0.10321531113321883
2018-06-05,12.399999618530273,2.9189999103546143,1.902999997138977,93.88999938964844,1.0159999132156372,-0.1795356996271598
2018-06-06,11.640000343322754,2.9749999046325684,1.899999976158142,93.66000366210938,1.0749999284744263,-0.3466220604274362
2018-06-07,12.130000114440918,2.933000087738037,1.8849999904632568,93.4000015258789,1.0480000972747803,-0.24128227265957597
2018-06-08,12.180000305175781,2.937000036239624,1.8799999952316284,93.55000305175781,1.0570000410079956,-0.2322925624111079
2018-06-11,12.350000381469727,2.9570000171661377,1.8680000305175781,93.58000183105469,1.0889999866485596,-0.19665294113497114
2018-06-12,12.34000015258789,2.9570000171661377,1.8880000114440918,93.80000305175781,1.069000005722046,-0.19965048245683822
2018-06-13,12.9399995803833,2.9769999980926514,1.8949999809265137,93.70999908447266,1.0820000171661377,-0.07057575135036998
2018-06-14,12.119999885559082,2.946000099182129,1.8830000162124634,94.7699966430664,1.0630000829696655,-0.2515991238013156
2018-06-15,11.979999542236328,2.9240000247955322,1.8880000114440918,94.79000091552734,1.0360000133514404,-0.28332583632961655
2018-06-18,12.3100004196167,2.9260001182556152,1.8830000162124634,94.75,1.0430001020431519,-0.21281143478348238
2018-06-19,13.350000381469727,2.8929998874664307,1.8980000019073486,95.08999633789062,0.994999885559082,0.0127643793763038
2018-06-20,12.789999961853027,2.927999973297119,1.8880000114440918,95.05999755859375,1.0399999618530273,-0.11193379140137352
2018-06-21,14.640000343322754,2.8970000743865967,1.8899999856948853,94.87000274658203,1.0070000886917114,0.2912223174312463
2018-06-22,13.770000457763672,2.9000000953674316,1.8700000047683716,94.5199966430664,1.03000009059906,0.09721471960723323
2018-06-25,17.329999923706055,2.875,1.8530000448226929,94.27999877929688,1.0219999551773071,0.8734489373036803
2018-06-26,15.920000076293945,2.880000114440918,1.8930000066757202,94.68000030517578,0.9870001077651978,0.558509288046736
2018-06-27,17.90999984741211,2.8269999027252197,1.8799999952316284,95.29000091552734,0.9469999074935913,0.9888367091480557
2018-06-28,16.850000381469727,2.8469998836517334,1.8799999952316284,95.38999938964844,0.966999888420105,0.7500468676000128
2018-06-29,16.09000015258789,2.8489999771118164,1.8799999952316284,94.62999725341797,0.968999981880188,0.5788991578391365
2018-07-02,15.600000381469727,2.865999937057495,1.8949999809265137,94.87000274658203,0.9709999561309814,0.4674822099798717
2018-07-03,16.139999389648438,2.8380000591278076,1.9329999685287476,94.58999633789062,0.9050000905990601,0.5816658998602872
2018-07-05,14.970000267028809,2.8399999141693115,1.909999966621399,94.47000122070312,0.9299999475479126,0.3215070438116419
2018-07-06,13.369999885559082,2.8310000896453857,1.9049999713897705,94.04000091552734,0.9260001182556152,-0.03062908217461431
2018-07-09,12.6899995803833,2.859999895095825,1.9149999618530273,94.08000183105469,0.9449999332427979,-0.18138124530082167
2018-07-10,12.640000343322754,2.872999906539917,1.934999942779541,94.11000061035156,0.937999963760376,-0.19379656152939773
2018-07-11,13.630000114440918,2.8420000076293945,1.9199999570846558,94.72000122070312,0.9220000505447388,0.021485308488130128
2018-07-12,12.579999923706055,2.8529999256134033,1.9279999732971191,94.80999755859375,0.9249999523162842,-0.2117044388413801
2018-07-13,12.180000305175781,2.8310000896453857,1.9279999732971191,94.75,0.9030001163482666,-0.3021130988153076
2018-07-16,12.829999923706055,2.8580000400543213,1.937999963760376,94.51000213623047,0.9200000762939453,-0.1619735474142885
2018-07-17,12.0600004196167,2.864000082015991,1.975000023841858,94.97000122070312,0.8890000581741333,-0.33432627601579223
2018-07-18,12.100000381469727,2.875,1.9600000381469727,95.08000183105469,0.9149999618530273,-0.32778738420998904
2018-07-19,12.869999885559082,2.8469998836517334,1.9479999542236328,95.16999816894531,0.8989999294281006,-0.16031785833160625
2018-07-20,12.859999656677246,2.8949999809265137,1.9329999685287476,94.45999908447266,0.9620000123977661,-0.16567116463437942
2018-07-23,12.619999885559082,2.9649999141693115,1.9199999570846558,94.66999816894531,1.0449999570846558,-0.2221779345220646
2018-07-24,12.40999984741211,2.9489998817443848,1.9600000381469727,94.61000061035156,0.9889998435974121,-0.27192199763309866
2018-07-25,12.289999961853027,2.936000108718872,1.9529999494552612,94.36000061035156,0.9830001592636108,-0.30164108225184433
2018-07-26,12.140000343322754,2.9749999046325684,1.9450000524520874,94.75,1.029999852180481,-0.3378120767724519
2018-07-27,13.029999732971191,2.9600000381469727,1.9450000524520874,94.68000030517578,1.0149999856948853,-0.14181915776134577
2018-07-30,14.260000228881836,2.9749999046325684,1.9450000524520874,94.36000061035156,1.029999852180481,0.12981609345390824
2018-07-31,12.829999923706055,2.9639999866485596,1.9850000143051147,94.48999786376953,0.9789999723434448,-0.19276409678676526
2018-08-01,13.149999618530273,3.003000020980835,1.9780000448226929,94.62000274658203,1.024999976158142,-0.1239364742545934
2018-08-02,12.1899995803833,2.9860000610351562,1.965000033378601,95.16999816894531,1.0210000276565552,-0.3413532284247986
2018-08-03,11.640000343322754,2.953000068664551,1.9600000381469727,95.13999938964844,0.9930000305175781,-0.4662421829325893
2018-08-06,11.270000457763672,2.937999963760376,1.968000054359436,95.36000061035156,0.9699999094009399,-0.550917992382257
2018-08-07,10.930000305175781,2.9730000495910645,2.007999897003174,95.22000122070312,0.9650001525878906,-0.6286927079311193
2018-08-08,10.850000381469727,2.9709999561309814,2.007999897003174,95.0999984741211,0.9630000591278076,-0.6465577426691802
2018-08-09,11.270000457763672,2.934999942779541,2.005000114440918,95.5,0.929999828338623,-0.5522320951486501
2018-08-10,13.15999984741211,2.8570001125335693,2.0,96.36000061035156,0.8570001125335693,-0.12437766393583098
2018-08-13,14.779999732971191,2.877000093460083,1.9950000047683716,96.38999938964844,0.8820000886917114,0.24109511975115328
2018-08-14,13.3100004196167,2.8949999809265137,2.0329999923706055,96.7300033569336,0.8619999885559082,-0.09086120935541526
2018-08-15,14.640000343322754,2.8519999980926514,2.0199999809265137,96.69999694824219,0.8320000171661377,0.2064433411595928
2018-08-16,13.449999809265137,2.871000051498413,2.015000104904175,96.6500015258789,0.8559999465942383,-0.06321569783713384
2018-08-17,12.640000343322754,2.872999906539917,1.9950000047683716,96.0999984741211,0.8779999017715454,-0.24322931118683278
2018-08-20,12.489999771118164,2.822999954223633,1.9930000305175781,95.9000015258789,0.8299999237060547,-0.2754278259827708
2018-08-21,12.859999656677246,2.8440001010894775,2.0350000858306885,95.26000213623047,0.8090000152587891,-0.19172272481901922
2018-08-22,12.25,2.822999954223633,2.0350000858306885,95.1500015258789,0.7879998683929443,-0.3301355785308626
2018-08-23,12.40999984741211,2.821000099182129,2.0329999923706055,95.62000274658203,0.7880001068115234,-0.2942156901920751
2018-08-24,11.989999771118164,2.8259999752044678,2.0480000972747803,95.1500015258789,0.7779998779296875,-0.3886751381529594
2018-08-27,12.15999984741211,2.8480000495910645,2.059999942779541,94.77999877929688,0.7880001068115234,-0.35125764896003975
2018-08-28,12.5,2.884000062942505,2.078000068664551,94.72000122070312,0.8059999942779541,-0.2757462859821953
2018-08-29,12.25,2.884000062942505,2.0799999237060547,94.5999984741211,0.8040001392364502,-0.33271547498351994
2018-08-30,13.529999732971191,2.859999895095825,2.058000087738037,94.72000122070312,0.8019998073577881,-0.045928730697950046
2018-08-31,12.859999656677246,2.8529999256134033,2.055000066757202,95.13999938964844,0.7979998588562012,-0.19945751180488205
2018-09-04,13.15999984741211,2.9019999504089355,2.068000078201294,95.41999816894531,0.8339998722076416,-0.13453667442402975
2018-09-05,13.90999984741211,2.9019999504089355,2.0899999141693115,95.12999725341797,0.812000036239624,0.033716171943875974
2018-09-06,14.649999618530273,2.878999948501587,2.0799999237060547,95.0199966430664,0.7990000247955322,0.19860977267964972
2018-09-07,14.880000114440918,2.941999912261963,2.0880000591278076,95.37000274658203,0.8539998531341553,0.24780262326888772
2018-09-10,14.15999984741211,2.937000036239624,2.0829999446868896,95.1500015258789,0.8540000915527344,0.08286306723647745
2018-09-11,13.220000267028809,2.9769999980926514,2.1080000400543213,95.05999755859375,0.8689999580383301,-0.13252968681317978
2018-09-12,13.140000343322754,2.9630000591278076,2.1050000190734863,94.80000305175781,0.8580000400543213,-0.1531379236203864
2018-09-13,12.369999885559082,2.9630000591278076,2.0929999351501465,94.54000091552734,0.8700001239776611,-0.32997018984560716
2018-09-14,12.069999694824219,2.99399995803833,2.1029999256134033,94.9800033569336,0.8910000324249268,-0.399969165016489
2018-09-17,13.680000305175781,3.000999927520752,2.1080000400543213,94.51000213623047,0.8929998874664307,-0.03695266361470869
2018-09-18,12.789999961853027,3.0480000972747803,2.125,94.62000274658203,0.9230000972747803,-0.2423876382362197
2018-09-19,11.75,3.0829999446868896,2.119999885559082,94.55000305175781,0.9630000591278076,-0.4814721902881169
2018-09-20,11.800000190734863,3.078000068664551,2.118000030517578,93.91000366210938,0.9600000381469727,-0.47249653243423195
2018-09-21,11.680000305175781,3.068000078201294,2.122999906539917,94.22000122070312,0.945000171661377,-0.5024238236534697
2018-09-24,12.199999809265137,3.078000068664551,2.122999906539917,94.26000213623047,0.9550001621246338,-0.3863941095312371
2018-09-25,12.420000076293945,3.1019999980926514,2.1679999828338623,94.12999725341797,0.9340000152587891,-0.3383674668004672
2018-09-26,12.890000343322754,3.061000108718872,2.1600000858306885,94.19000244140625,0.9010000228881836,-0.23327246546615213
2018-09-27,12.40999984741211,3.055999994277954,2.140000104904175,95.0,0.9159998893737793,-0.34643621475563735
2018-09-28,12.119999885559082,3.055999994277954,2.1500000953674316,95.19000244140625,0.9059998989105225,-0.4162399069145414
2018-10-01,12.0,3.0799999237060547,2.1549999713897705,95.30000305175781,0.9249999523162842,-0.4469380902391503
2018-10-02,12.050000190734863,3.055999994277954,2.174999952316284,95.51000213623047,0.8810000419616699,-0.43854616816570124
2018-10-03,11.609999656677246,3.1610000133514404,2.1700000762939453,95.76000213623047,0.9909999370574951,-0.5431086748913333
2018-10-04,14.220000267028809,3.197000026702881,2.1700000762939453,95.75,1.0269999504089355,0.0576173029527471
2018-10-05,14.819999694824219,3.2249999046325684,2.1649999618530273,95.62000274658203,1.059999942779541,0.19221062243397266
2018-10-08,15.6899995803833,3.2330000400543213,2.1649999618530273,95.7699966430664,1.068000078201294,0.3898115246925796
2018-10-09,15.949999809265137,3.2079999446868896,2.184999942779541,95.68000030517578,1.0230000019073486,0.4457173699874196
2018-10-10,22.959999084472656,3.2249999046325684,2.2200000286102295,95.51000213623047,1.0049998760223389,2.055989974731893
2018-10-11,24.979999542236328,3.132999897003174,2.2149999141693115,95.0199966430664,0.9179999828338623,2.484009304484812
2018-10-12,21.309999465942383,3.1410000324249268,2.2179999351501465,95.22000122070312,0.9230000972747803,1.6261695598546524
2018-10-15,21.299999237060547,3.1630001068115234,2.2300000190734863,95.06999969482422,0.9330000877380371,1.6084503224093012
2018-10-16,17.6200008392334,3.1559998989105225,2.259999990463257,95.05000305175781,0.8959999084472656,0.7632927871507367
2018-10-17,17.399999618530273,3.178999900817871,2.259999990463257,95.58000183105469,0.9189999103546143,0.707140396730137
2018-10-18,20.059999465942383,3.174999952316284,2.255000114440918,95.9000015258789,0.9199998378753662,1.3032454916267726
2018-10-19,19.889999389648438,3.197999954223633,2.259999990463257,95.70999908447266,0.937999963760376,1.2540487240860332
2018-10-22,19.639999389648438,3.196000099182129,2.257999897003174,96.01000213623047,0.9380002021789551,1.1874485061199538
2018-10-23,20.709999084472656,3.1659998893737793,2.2899999618530273,95.95999908447266,0.875999927520752,1.4180236208800188
2018-10-24,25.229999542236328,3.124000072479248,2.2850000858306885,96.43000030517578,0.8389999866485596,2.404848829410187
2018-10-25,24.219999313354492,3.135999917984009,2.2799999713897705,96.68000030517578,0.8559999465942383,2.14887048536717
2018-10-26,24.15999984741211,3.0769999027252197,2.2730000019073486,96.36000061035156,0.8039999008178711,2.107433623580604
2018-10-29,24.700000762939453,3.0869998931884766,2.259999990463257,96.58000183105469,0.8269999027252197,2.1971120298947517
2018-10-30,23.350000381469727,3.109999895095825,2.2829999923706055,97.01000213623047,0.8269999027252197,1.8798155112746002
2018-10-31,21.229999542236328,3.1589999198913574,2.2780001163482666,97.12999725341797,0.8809998035430908,1.405348686238464
2018-11-01,19.34000015258789,3.1440000534057617,2.2699999809265137,96.27999877929688,0.874000072479248,0.9863469117054308
2018-11-02,19.510000228881836,3.2139999866485596,2.2730000019073486,96.54000091552734,0.9409999847412109,1.0152515453571667
2018-11-05,19.959999084472656,3.2009999752044678,2.2679998874664307,96.3499984741211,0.9330000877380371,1.1045328675673605
2018-11-06,19.90999984741211,3.2139999866485596,2.309999942779541,96.31999969482422,0.9040000438690186,1.085110926567816
2018-11-07,16.360000610351562,3.2130000591278076,2.309999942779541,96.0,0.9030001163482666,0.306893723938024
2018-11-08,16.719999313354492,3.2339999675750732,2.302999973297119,96.63999938964844,0.9309999942779541,0.380337833397477
2018-11-09,17.360000610351562,3.188999891281128,2.299999952316284,96.91000366210938,0.8889999389648438,0.5151415622110077
2018-11-12,20.450000762939453,3.186000108718872,2.299999952316284,97.54000091552734,0.8860001564025879,1.18251355749614
2018-11-13,20.020000457763672,3.1449999809265137,2.2950000762939453,97.30000305175781,0.8499999046325684,1.0798096057488906
2018-11-14,21.25,3.119999885559082,2.325000047683716,96.80000305175781,0.7949998378753662,1.3370037409600306
2018-11-15,19.979999542236328,3.118000030517578,2.309999942779541,96.93000030517578,0.8080000877380371,1.0522491186062795
2018-11-16,18.139999389648438,3.0739998817443848,2.299999952316284,96.47000122070312,0.7739999294281006,0.6464816238747241
2018-11-19,20.100000381469727,3.056999921798706,2.299999952316284,96.19000244140625,0.7569999694824219,1.0646267337126258
2018-11-20,22.479999542236328,3.0480000972747803,2.3350000381469727,96.80999755859375,0.7130000591278076,1.5673272980089217
2018-11-21,20.799999237060547,3.061000108718872,2.3499999046325684,96.70999908447266,0.7110002040863037,1.1935609585924798
2018-11-23,21.520000457763672,3.053999900817871,2.3480000495910645,96.91999816894531,0.7059998512268066,1.3385478479553876
2018-11-26,18.899999618530273,3.072000026702881,2.3429999351501465,97.06999969482422,0.7290000915527344,0.7644185197074379
2018-11-27,19.020000457763672,3.055000066757202,2.3529999256134033,97.37000274658203,0.7020001411437988,0.7838653295133963
2018-11-28,18.489999771118164,3.0439999103546143,2.3350000381469727,96.79000091552734,0.7089998722076416,0.6625794552171025
2018-11-29,18.790000915527344,3.0350000858306885,2.309999942779541,96.77999877929688,0.7250001430511475,0.721724739693922
2018-11-30,18.06999969482422,3.013000011444092,2.308000087738037,97.2699966430664,0.7049999237060547,0.55944144818892
2018-12-03,16.440000534057617,2.992000102996826,2.2880001068115234,97.04000091552734,0.7039999961853027,0.19960375246364825
2018-12-04,20.739999771118164,2.9240000247955322,2.365000009536743,96.97000122070312,0.5590000152587891,1.130473425124743
2018-12-06,21.190000534057617,2.875999927520752,2.3529999256134033,96.80999755859375,0.5230000019073486,1.2186463540400279
2018-12-07,23.229999542236328,2.8499999046325684,2.3399999141693115,96.51000213623047,0.5099999904632568,1.6472680659610668
2018-12-10,22.639999389648438,2.8559999465942383,2.3299999237060547,97.22000122070312,0.5260000228881836,1.5057187773718224
2018-12-11,21.760000228881836,2.878999948501587,2.369999885559082,97.38999938964844,0.5090000629425049,1.3044669621744598
2018-12-12,21.459999084472656,2.9059998989105225,2.375,97.04000091552734,0.5309998989105225,1.2299755717260659
2018-12-13,20.649999618530273,2.9110000133514404,2.36299991607666,97.05999755859375,0.5480000972747803,1.0459423516624222
2018-12-14,21.6299991607666,2.8910000324249268,2.368000030517578,97.44000244140625,0.5230000019073486,1.2490061877743825
2018-12-17,24.520000457763672,2.8570001125335693,2.3399999141693115,97.0999984741211,0.5170001983642578,1.8573528261922896
2018-12-18,25.579999923706055,2.825000047683716,2.328000068664551,97.13999938964844,0.49699997901916504,2.0634471011018043
2018-12-19,25.579999923706055,2.7780001163482666,2.3380000591278076,97.04000091552734,0.440000057220459,2.040540535666136
2018-12-20,28.3799991607666,2.7890000343322754,2.3350000381469727,96.27999877929688,0.45399999618530273,2.59861111595166
2018-12-21,30.110000610351562,2.7920000553131104,2.3299999237060547,96.95999908447266,0.46200013160705566,2.909232302764578
2018-12-24,36.06999969482422,2.749000072479248,2.3329999446868896,96.55000305175781,0.4160001277923584,4.015501680217615
2018-12-26,30.40999984741211,2.796999931335449,2.380000114440918,97.05000305175781,0.41699981689453125,2.812016663041499
2018-12-27,29.959999084472656,2.743000030517578,2.3480000495910645,96.4800033569336,0.39499998092651367,2.6751213118992956
2018-12-28,28.34000015258789,2.7360000610351562,2.328000068664551,96.38999938964844,0.40799999237060547,2.3206992550455303
2018-12-31,25.420000076293945,2.686000108718872,2.299999952316284,96.16999816894531,0.3860001564025879,1.7287474535052227
2019-01-02,23.219999313354492,2.6610000133514404,2.365000009536743,96.81999969482422,0.29600000381469727,1.2860102942471876
2019-01-03,25.450000762939453,2.553999900817871,2.3550000190734863,96.30999755859375,0.19899988174438477,1.7076183351635066
2019-01-04,21.3799991607666,2.6589999198913574,2.3580000400543213,96.19000244140625,0.30099987983703613,0.9037782686868141
2019-01-07,21.399999618530273,2.681999921798706,2.3529999256134033,95.70999908447266,0.32899999618530273,0.9007309657140222
2019-01-08,20.469999313354492,2.7160000801086426,2.4000000953674316,95.9000015258789,0.31599998474121094,0.7113193824117506
2019-01-09,19.979999542236328,2.7279999256134033,2.390000104904175,95.22000122070312,0.3379998207092285,0.6084308543615351
2019-01-10,19.5,2.7309999465942383,2.375,95.54000091552734,0.3559999465942383,0.5074580090952606
2019-01-11,18.190000534057617,2.7009999752044678,2.369999885559082,95.66999816894531,0.33100008964538574,0.24124780251767963
2019-01-14,19.06999969482422,2.7100000381469727,2.359999895095825,95.58999633789062,0.35000014305114746,0.411196531186085
2019-01-15,18.600000381469727,2.7109999656677246,2.382999897003174,95.97000122070312,0.3280000686645508,0.31140896813823193
2019-01-16,19.040000915527344,2.7309999465942383,2.36299991607666,96.05999755859375,0.3680000305175781,0.39482522062218023
2019-01-17,18.059999465942383,2.749000072479248,2.3550000190734863,96.06999969482422,0.3940000534057617,0.19279469606616845
2019-01-18,17.799999237060547,2.7839999198913574,2.3480000495910645,96.33999633789062,0.43599987030029297,0.13606996673607324
2019-01-22,20.799999237060547,2.7300000190734863,2.3450000286102295,96.30000305175781,0.38499999046325684,0.7367674606327992
2019-01-23,19.520000457763672,2.755000114440918,2.3529999256134033,96.12000274658203,0.40200018882751465,0.4717226560985569
2019-01-24,18.889999389648438,2.7119998931884766,2.305000066757202,96.5999984741211,0.4069998264312744,0.3383569965985231
2019-01-25,17.420000076293945,2.753000020980835,2.328000068664551,95.79000091552734,0.4249999523162842,0.03400880710269852
2019-01-28,18.8700008392334,2.74399995803833,2.3329999446868896,95.75,0.41100001335144043,0.3252738764277202
2019-01-29,19.1299991607666,2.7119998931884766,2.365000009536743,95.81999969482422,0.3469998836517334,0.3731062043158727
2019-01-30,17.65999984741211,2.694999933242798,2.365000009536743,95.33999633789062,0.3299999237060547,0.06796032506007278
2019-01-31,16.56999969482422,2.634999990463257,2.3399999141693115,95.58000183105469,0.2950000762939453,-0.15780352216322743
2019-02-01,16.139999389648438,2.690999984741211,2.3399999141693115,95.58000183105469,0.3510000705718994,-0.24870289031251133
2019-02-04,15.729999542236328,2.7239999771118164,2.3350000381469727,95.8499984741211,0.38899993896484375,-0.3353826533907516
2019-02-05,15.569999694824219,2.7019999027252197,2.365000009536743,96.0999984741211,0.33699989318847656,-0.3668618361564221
2019-02-06,15.380000114440918,2.7019999027252197,2.365000009536743,96.41999816894531,0.33699989318847656,-0.4018313350244086
2019-02-07,16.3700008392334,2.6519999504089355,2.3550000190734863,96.51000213623047,0.2969999313354492,-0.18161120661319524
2019-02-08,15.720000267028809,2.631999969482422,2.365000009536743,96.63999938964844,0.2669999599456787,-0.31538314896651676
2019-02-11,15.970000267028809,2.6610000133514404,2.375,97.05999755859375,0.28600001335144043,-0.2519160325697763
2019-02-12,15.430000305175781,2.684000015258789,2.378000020980835,96.70999908447266,0.3059999942779541,-0.3663604682057973
2019-02-13,15.649999618530273,2.7079999446868896,2.372999906539917,97.12999725341797,0.33500003814697266,-0.30950518889530876
2019-02-14,16.219999313354492,2.6570000648498535,2.372999906539917,96.9800033569336,0.2840001583099365,-0.17173710535638784
2019-02-15,14.90999984741211,2.6659998893737793,2.369999885559082,96.91999816894531,0.29600000381469727,-0.47075079566817235
2019-02-19,14.880000114440918,2.6470000743865967,2.372999906539917,96.5199966430664,0.2740001678466797,-0.4738178820311405
2019-02-20,14.020000457763672,2.6540000438690186,2.382999897003174,96.44999694824219,0.2710001468658447,-0.6676058136361316
2019-02-21,14.460000038146973,2.687999963760376,2.3949999809265137,96.61000061035156,0.2929999828338623,-0.560686165590442
2019-02-22,13.510000228881836,2.6549999713897705,2.3929998874664307,96.51000213623047,0.26200008392333984,-0.7744678760495461
2019-02-25,14.850000381469727,2.6730000972747803,2.3929998874664307,96.41000366210938,0.2800002098083496,-0.4607976052691558
2019-02-26,15.170000076293945,2.635999917984009,2.4000000953674316,96.0,0.23599982261657715,-0.3854281971656891
2019-02-27,14.699999809265137,2.693000078201294,2.3929998874664307,96.1500015258789,0.3000001907348633,-0.4929623761103953
2019-02-28,14.779999732971191,2.7109999656677246,2.382999897003174,96.16000366210938,0.3280000686645508,-0.4709130879443474
2019-03-01,13.569999694824219,2.755000114440918,2.378000020980835,96.52999877929688,0.377000093460083,-0.7448357400671648
2019-03-04,14.630000114440918,2.7219998836517334,2.375,96.68000030517578,0.3469998836517334,-0.49404375877406204
2019-03-05,14.739999771118164,2.7219998836517334,2.4000000953674316,96.8499984741211,0.32199978828430176,-0.46427393876566253
2019-03-06,15.739999771118164,2.691999912261963,2.4049999713897705,96.87000274658203,0.2869999408721924,-0.22961457111645694
2019-03-07,16.59000015258789,2.635999917984009,2.3949999809265137,97.66999816894531,0.24099993705749512,-0.03074675629141559
2019-03-08,16.049999237060547,2.625,2.3929998874664307,97.37000274658203,0.23200011253356934,-0.15452764839979316
2019-03-11,14.329999923706055,2.6429998874664307,2.380000114440918,97.22000122070312,0.2629997730255127,-0.5514329134227302
2019-03-12,13.770000457763672,2.6050000190734863,2.3949999809265137,96.94000244140625,0.21000003814697266,-0.68023252850134
2019-03-13,13.40999984741211,2.6110000610351562,2.388000011444092,96.55000305175781,0.22300004959106445,-0.7607194103107234
2019-03-14,13.5,2.630000114440918,2.388000011444092,96.79000091552734,0.24200010299682617,-0.7364611559190978
2019-03-15,12.880000114440918,2.5929999351501465,2.388000011444092,96.5999984741211,0.2049999237060547,-0.8746170488604074
2019-03-18,13.100000381469727,2.6019999980926514,2.384999990463257,96.5199966430664,0.21700000762939453,-0.8194848255918143
2019-03-19,13.5600004196167,2.614000082015991,2.4049999713897705,96.37999725341797,0.2090001106262207,-0.7106318264522105
2019-03-20,13.90999984741211,2.5350000858306885,2.4079999923706055,95.76000213623047,0.127000093460083,-0.6251622860329786
2019-03-21,13.630000114440918,2.5369999408721924,2.4079999923706055,96.5,0.12899994850158691,-0.6850537756335189
2019-03-22,16.479999542236328,2.4549999237060547,2.3980000019073486,96.6500015258789,0.056999921798706055,-0.02737827294962733
2019-03-25,16.329999923706055,2.4200000762939453,2.390000104904175,96.56999969482422,0.029999971389770508,-0.055793622079247755
2019-03-26,14.680000305175781,2.4140000343322754,2.4049999713897705,96.73999786376953,0.009000062942504883,-0.431408929806116
2019-03-27,15.149999618530273,2.374000072479248,2.378000020980835,96.7699966430664,-0.003999948501586914,-0.3170384384273678
2019-03-28,14.430000305175781,2.3889999389648438,2.369999885559082,97.19999694824219,0.01900005340576172,-0.4794031929818841
2019-03-29,13.710000038146973,2.4140000343322754,2.328000068664551,97.27999877929688,0.08599996566772461,-0.6420147203954476
2019-04-01,13.399999618530273,2.496999979019165,2.322999954223633,97.25,0.17400002479553223,-0.7090798309733415
2019-04-02,13.359999656677246,2.4809999465942383,2.369999885559082,97.36000061035156,0.11100006103515625,-0.7123027126588902
2019-04-03,13.739999771118164,2.5169999599456787,2.372999906539917,97.08999633789062,0.14400005340576172,-0.616608755800643
2019-04-04,13.579999923706055,2.51200008392334,2.369999885559082,97.30999755859375,0.1420001983642578,-0.6488808731455439
2019-04-05,12.819999694824219,2.500999927520752,2.369999885559082,97.4000015258789,0.13100004196166992,-0.8228114558573911
2019-04-08,13.180000305175781,2.5190000534057617,2.365000009536743,97.05000305175781,0.15400004386901855,-0.7311457648076994
2019-04-09,14.279999732971191,2.499000072479248,2.365000009536743,97.01000213623047,0.13400006294250488,-0.4643518682450618
2019-04-10,13.300000190734863,2.4769999980926514,2.36299991607666,96.94999694824219,0.11400008201599121,-0.6916697457944434
2019-04-11,13.020000457763672,2.503999948501587,2.365000009536743,97.18000030517578,0.13899993896484375,-0.7521263416168753
2019-04-12,12.010000228881836,2.559999942779541,2.375,96.97000122070312,0.18499994277954102,-0.9855969298716226
2019-04-15,12.319999694824219,2.552999973297119,2.359999895095825,96.94000244140625,0.19300007820129395,-0.905613028554995
2019-04-16,12.180000305175781,2.5920000076293945,2.378000020980835,97.04000091552734,0.21399998664855957,-0.9331705882497157
2019-04-17,12.600000381469727,2.5920000076293945,2.380000114440918,97.01000213623047,0.21199989318847656,-0.8298641940677993
2019-04-18,12.09000015258789,2.559999942779541,2.365000009536743,97.47000122070312,0.19499993324279785,-0.9458385452805584
2019-04-22,12.420000076293945,2.5899999141693115,2.375,97.27999877929688,0.21499991416931152,-0.8631033754910442
2019-04-23,12.279999732971191,2.569999933242798,2.390000104904175,97.56999969482422,0.17999982833862305,-0.8905313894030364
2019-04-24,13.140000343322754,2.5220000743865967,2.375,98.0999984741211,0.14700007438659668,-0.6839191421883595
2019-04-25,13.25,2.5339999198913574,2.365000009536743,98.19999694824219,0.16899991035461426,-0.6532439774554358
2019-04-26,12.729999542236328,2.505000114440918,2.359999895095825,98.01000213623047,0.14500021934509277,-0.7703992941239194
2019-04-29,13.109999656677246,2.5360000133514404,2.359999895095825,97.86000061035156,0.17600011825561523,-0.6773609001687734
2019-04-30,13.119999885559082,2.509000062942505,2.368000030517578,97.4800033569336,0.14100003242492676,-0.6722860690615171
2019-05-01,14.800000190734863,2.510999917984009,2.36299991607666,97.69000244140625,0.14800000190734863,-0.2762311056039252
2019-05-02,14.420000076293945,2.552000045776367,2.372999906539917,97.83000183105469,0.1790001392364502,-0.3644679486477424
2019-05-03,12.869999885559082,2.5309998989105225,2.368000030517578,97.5199966430664,0.16299986839294434,-0.7250670225787633
2019-05-06,15.4399995803833,2.5,2.36299991607666,97.5199966430664,0.13700008392333984,-0.12131461123970803
2019-05-07,19.31999969482422,2.447999954223633,2.368000030517578,97.62999725341797,0.07999992370605469,0.7844247790968278
2019-05-08,19.399999618530273,2.4820001125335693,2.369999885559082,97.62000274658203,0.1120002269744873,0.7979710808779024
2019-05-09,19.100000381469727,2.4570000171661377,2.369999885559082,97.37000274658203,0.08700013160705566,0.7229938938814332
2019-05-10,16.040000915527344,2.4549999237060547,2.369999885559082,97.33000183105469,0.08500003814697266,0.004424095138550584
2019-05-13,20.549999237060547,2.4049999713897705,2.3499999046325684,97.31999969482422,0.05500006675720215,1.052447393661369
2019-05-14,18.059999465942383,2.4189999103546143,2.3529999256134033,97.52999877929688,0.06599998474121094,0.4654390110846321
2019-05-15,16.440000534057617,2.378999948501587,2.3499999046325684,97.56999969482422,0.029000043869018555,0.08305736594613114
2019-05-16,15.289999961853027,2.4049999713897705,2.3380000591278076,97.83999633789062,0.06699991226196289,-0.1870672867787123
2019-05-17,15.960000038146973,2.3929998874664307,2.3299999237060547,98.0,0.06299996376037598,-0.032427711260971374
2019-05-20,16.309999465942383,2.4159998893737793,2.319999933242798,97.93000030517578,0.09599995613098145,0.04702136726546751
2019-05-21,14.949999809265137,2.4260001182556152,2.3299999237060547,98.05999755859375,0.09600019454956055,-0.2738204184633088
2019-05-22,14.75,2.3929998874664307,2.319999933242798,98.11000061035156,0.07299995422363281,-0.32261547800508583
2019-05-23,16.920000076293945,2.2960000038146973,2.302999973297119,97.8499984741211,-0.006999969482421875,0.18420965105267462
2019-05-24,15.850000381469727,2.3239998817443848,2.2880001068115234,97.61000061035156,0.03599977493286133,-0.07069174747089174
2019-05-28,17.5,2.2679998874664307,2.2980000972747803,97.95999908447266,-0.03000020980834961,0.31381034681563497
2019-05-29,17.899999618530273,2.2360000610351562,2.2980000972747803,98.13999938964844,-0.06200003623962402,0.4040509387150789
2019-05-30,17.299999237060547,2.2269999980926514,2.309999942779541,98.13999938964844,-0.08299994468688965,0.2621384989981376
2019-05-31,18.709999084472656,2.1419999599456787,2.2929999828338623,97.75,-0.1510000228881836,0.591116952554561
2019-06-03,18.860000610351562,2.0810000896453857,2.2799999713897705,97.13999938964844,-0.19899988174438477,0.6228518154947033
2019-06-04,16.969999313354492,2.11899995803833,2.2950000762939453,97.06999969482422,-0.17600011825561523,0.1741342831389317
2019-06-05,16.09000015258789,2.122999906539917,2.2850000858306885,97.37000274658203,-0.16200017929077148,-0.03667604706265242
2019-06-06,15.930000305175781,2.124000072479248,2.255000114440918,97.02999877929688,-0.13100004196166992,-0.07791438216289674
2019-06-07,16.299999237060547,2.0840001106262207,2.2149999141693115,96.61000061035156,-0.13099980354309082,0.005280638702631166
2019-06-10,15.9399995803833,2.1429998874664307,2.2200000286102295,96.76000213623047,-0.07700014114379883,-0.08386361856177117
2019-06-11,15.989999771118164,2.140000104904175,2.2130000591278076,96.69000244140625,-0.07299995422363281,-0.0757173864247237
2019-06-12,15.90999984741211,2.127000093460083,2.1649999618530273,97.0,-0.037999868392944336,-0.09830403687886956
2019-06-13,15.819999694824219,2.0910000801086426,2.140000104904175,97.01000213623047,-0.04900002479553223,-0.12328597023665833
2019-06-14,15.279999732971191,2.0929999351501465,2.125,97.56999969482422,-0.032000064849853516,-0.25484972230937414
2019-06-17,15.350000381469727,2.0859999656677246,2.138000011444092,97.55999755859375,-0.05200004577636719,-0.24163477319855808
2019-06-18,15.149999618530273,2.059999942779541,2.1679999828338623,97.63999938964844,-0.10800004005432129,-0.29318929692737955
2019-06-19,14.329999923706055,2.0290000438690186,2.125,97.12000274658203,-0.09599995613098145,-0.4927795910704139
2019-06-20,14.75,2.000999927520752,2.078000068664551,96.62999725341797,-0.07700014114379883,-0.3933838538218829
2019-06-21,15.399999618530273,2.068000078201294,2.055000066757202,96.22000122070312,0.013000011444091797,-0.2397379389351937
2019-06-24,15.260000228881836,2.0209999084472656,2.058000087738037,95.9800033569336,-0.037000179290771484,-0.2741358766556203
2019-06-25,16.280000686645508,1.99399995803833,2.0829999446868896,96.16000366210938,-0.08899998664855957,-0.03063166660239367
2019-06-26,16.209999084472656,2.0490000247955322,2.0929999351501465,96.20999908447266,-0.04399991035461426,-0.04645509654279801
2019-06-27,15.819999694824219,2.005000114440918,2.0850000381469727,96.19000244140625,-0.07999992370605469,-0.14047385634039963
2019-06-28,15.079999923706055,2.0,2.0350000858306885,96.12999725341797,-0.03500008583068848,-0.3163618320824668
2019-07-01,14.0600004196167,2.0339999198913574,2.065000057220459,96.83999633789062,-0.031000137329101562,-0.559516354134886
2019-07-02,12.930000305175781,1.9759999513626099,2.1480000019073486,96.7300033569336,-0.17200005054473877,-0.827909161492783
2019-07-03,12.569999694824219,1.9529999494552612,2.1500000953674316,96.7699966430664,-0.1970001459121704,-0.9102739425184074
2019-07-05,13.279999732971191,2.0480000972747803,2.1630001068115234,97.25,-0.11500000953674316,-0.7360091651353502
2019-07-08,13.960000038146973,2.0339999198913574,2.177999973297119,97.37999725341797,-0.14400005340576172,-0.571447325889562
2019-07-09,14.09000015258789,2.053999900817871,2.194999933242798,97.48999786376953,-0.14100003242492676,-0.5411520331348922
2019-07-10,13.029999732971191,2.061000108718872,2.130000114440918,97.0999984741211,-0.0690000057220459,-0.7963259894905966
2019-07-11,12.930000305175781,2.119999885559082,2.0980000495910645,97.05000305175781,0.021999835968017578,-0.820825819749552
2019-07-12,12.390000343322754,2.1059999465942383,2.0899999141693115,96.80999755859375,0.016000032424926758,-0.948526283848055
2019-07-15,12.680000305175781,2.0920000076293945,2.0850000381469727,96.93000030517578,0.006999969482421875,-0.8790634537693484
2019-07-16,12.859999656677246,2.121999979019165,2.1029999256134033,97.4000015258789,0.01900005340576172,-0.8369873010565403
2019-07-17,13.970000267028809,2.061000108718872,2.072999954223633,97.22000122070312,-0.011999845504760742,-0.5718074466072178
2019-07-18,13.529999732971191,2.0380001068115234,2.013000011444092,96.79000091552734,0.02500009536743164,-0.6798334551418546
2019-07-19,14.449999809265137,2.0480000972747803,2.013000011444092,97.1500015258789,0.03500008583068848,-0.46135767493715246
2019-07-22,13.529999732971191,2.0429999828338623,2.0250000953674316,97.26000213623047,0.017999887466430664,-0.6841855447837067
2019-07-23,12.609999656677246,2.0739998817443848,2.0329999923706055,97.70999908447266,0.0409998893737793,-0.9057281056967844
2019-07-24,12.069999694824219,2.049999952316284,2.0399999618530273,97.7300033569336,0.009999990463256836,-1.0349322605769393
2019-07-25,12.739999771118164,2.0739998817443848,2.059999942779541,97.81999969482422,0.01399993896484375,-0.8739638901977465
2019-07-26,12.15999984741211,2.0810000896453857,2.062999963760376,98.01000213623047,0.018000125885009766,-1.01359172234199
2019-07-29,12.829999923706055,2.055000066757202,2.049999952316284,98.04000091552734,0.005000114440917969,-0.8532174885155274
2019-07-30,13.9399995803833,2.061000108718872,2.0399999618530273,98.05000305175781,0.021000146865844727,-0.5866144394832263
2019-07-31,16.1200008392334,2.0209999084472656,2.0299999713897705,98.5199966430664,-0.009000062942504883,-0.062096071018751677
2019-08-01,17.8700008392334,1.8940000534057617,2.0299999713897705,98.38999938964844,-0.1359999179840088,0.35623609241498033
2019-08-02,17.610000610351562,1.8550000190734863,2.0,98.0999984741211,-0.14499998092651367,0.28938224294905446
2019-08-05,24.59000015258789,1.7350000143051147,1.9529999494552612,97.5,-0.21799993515014648,1.9563935866410902
2019-08-06,20.170000076293945,1.7389999628067017,1.9950000047683716,97.62999725341797,-0.2560000419616699,0.885105853074274
2019-08-07,19.489999771118164,1.684000015258789,1.968000054359436,97.54000091552734,-0.284000039100647,0.7148874947911179
2019-08-08,16.90999984741211,1.715999960899353,1.9700000286102295,97.62000274658203,-0.25400006771087646,0.08626716294424717
2019-08-09,17.969999313354492,1.7339999675750732,1.9500000476837158,97.48999786376953,-0.21600008010864258,0.3376175861469109
2019-08-12,21.09000015258789,1.6390000581741333,1.9279999732971191,97.37999725341797,-0.28899991512298584,1.0883405553811805
2019-08-13,17.520000457763672,1.6799999475479126,1.9550000429153442,97.80999755859375,-0.27500009536743164,0.21493097162281297
2019-08-14,22.100000381469727,1.5809999704360962,1.9079999923706055,97.98999786376953,-0.3270000219345093,1.3207152675529912
2019-08-15,21.18000030517578,1.5290000438690186,1.843000054359436,98.13999938964844,-0.3140000104904175,1.0883157612820098
2019-08-16,18.469999313354492,1.5390000343322754,1.8229999542236328,98.13999938964844,-0.2839999198913574,0.4265002164398767
2019-08-19,16.8799991607666,1.5980000495910645,1.8530000448226929,98.3499984741211,-0.2549999952316284,0.037021801526424286
2019-08-20,17.5,1.5609999895095825,1.899999976158142,98.19000244140625,-0.33899998664855957,0.18347252079901108
2019-08-21,15.800000190734863,1.5770000219345093,1.9279999732971191,98.30000305175781,-0.35099995136260986,-0.23445657205784015
2019-08-22,16.68000030517578,1.6100000143051147,1.937999963760376,98.16999816894531,-0.32799994945526123,-0.02332607867324645
2019-08-23,19.8700008392334,1.527999997138977,1.909999966621399,97.63999938964844,-0.3819999694824219,0.7506086764141569
2019-08-26,19.31999969482422,1.5449999570846558,1.9329999685287476,98.08000183105469,-0.3880000114440918,0.6101349955789034
2019-08-27,20.309999465942383,1.4900000095367432,1.9429999589920044,98.0,-0.45299994945526123,0.8460947282496882
2019-08-28,19.350000381469727,1.465999960899353,1.940000057220459,98.20999908447266,-0.47400009632110596,0.6044150730116484
2019-08-29,17.8799991607666,1.5160000324249268,1.940000057220459,98.51000213623047,-0.4240000247955322,0.23784396272431033
2019-08-30,18.979999542236328,1.50600004196167,1.9329999685287476,98.91999816894531,-0.42699992656707764,0.5037113424198064
2019-09-03,19.65999984741211,1.465999960899353,1.909999966621399,98.94999694824219,-0.4440000057220459,0.6661748758786582
2019-09-04,17.329999923706055,1.4589999914169312,1.9049999713897705,98.44999694824219,-0.44599997997283936,0.08559599432080447
2019-09-05,16.270000457763672,1.565000057220459,1.9199999570846558,98.41000366210938,-0.3549998998641968,-0.18052484702809066
2019-09-06,15.0,1.5499999523162842,1.909999966621399,98.38999938964844,-0.36000001430511475,-0.49728753526923847
2019-09-09,15.270000457763672,1.621999979019165,1.9079999923706055,98.27999877929688,-0.28600001335144043,-0.4309444538000317
2019-09-10,15.199999809265137,1.7020000219345093,1.9129999876022339,98.33000183105469,-0.2109999656677246,-0.4487284238594106
2019-09-11,14.609999656677246,1.7330000400543213,1.9129999876022339,98.6500015258789,-0.1799999475479126,-0.5960147897718209
2019-09-12,14.220000267028809,1.7910000085830688,1.8949999809265137,98.30999755859375,-0.10399997234344482,-0.6945434225392416
2019-09-13,13.739999771118164,1.902999997138977,1.899999976158142,98.26000213623047,0.003000020980834961,-0.8150228888585211
2019-09-16,14.670000076293945,1.840999960899353,1.9450000524520874,98.6500015258789,-0.10400009155273438,-0.5868949705425521
2019-09-17,14.4399995803833,1.812000036239624,1.937999963760376,98.26000213623047,-0.12599992752075195,-0.6480635156627581
2019-09-18,13.949999809265137,1.7860000133514404,1.8799999952316284,98.5999984741211,-0.09399998188018799,-0.7710222197961337
2019-09-19,14.050000190734863,1.7740000486373901,1.8830000162124634,98.2699966430664,-0.10899996757507324,-0.7481120876847186
2019-09-20,15.319999694824219,1.7549999952316284,1.850000023841858,98.51000213623047,-0.09500002861022949,-0.4350309294480731
2019-09-23,14.90999984741211,1.7079999446868896,1.8450000286102295,98.5999984741211,-0.13700008392333984,-0.5426856191634783
2019-09-24,17.049999237060547,1.6349999904632568,1.8799999952316284,98.33999633789062,-0.24500000476837158,-0.009009999968628028
2019-09-25,15.960000038146973,1.7319999933242798,1.8450000286102295,99.04000091552734,-0.11300003528594971,-0.2892103706839878
2019-09-26,16.06999969482422,1.684999942779541,1.7699999809265137,99.20999908447266,-0.08500003814697266,-0.26570268908483075
2019-09-27,17.219999313354492,1.6749999523162842,1.7300000190734863,99.11000061035156,-0.05500006675720215,0.02236911883772769
2019-09-30,16.239999771118164,1.6749999523162842,1.7699999809265137,99.37999725341797,-0.09500002861022949,-0.23189468000598326
2019-10-01,18.559999465942383,1.6440000534057617,1.753000020980835,99.12999725341797,-0.10899996757507324,0.3555449254181527
2019-10-02,20.559999465942383,1.5959999561309814,1.7350000143051147,99.04000091552734,-0.1390000581741333,0.8612689506977907
2019-10-03,19.1200008392334,1.5360000133514404,1.6649999618530273,98.86000061035156,-0.12899994850158691,0.4856619593140728
2019-10-04,17.040000915527344,1.5149999856948853,1.6549999713897705,98.80999755859375,-0.13999998569488525,-0.056027753740624534
2019-10-07,17.860000610351562,1.5529999732971191,1.6729999780654907,98.98999786376953,-0.12000000476837158,0.1525773386562059
2019-10-08,20.280000686645508,1.5369999408721924,1.6549999713897705,99.13999938964844,-0.11800003051757812,0.7735410936457574
2019-10-09,18.639999389648438,1.5889999866485596,1.628000020980835,99.12000274658203,-0.03900003433227539,0.34588500207517214
2019-10-10,17.56999969482422,1.6579999923706055,1.6330000162124634,98.70999908447266,0.02499997615814209,0.06714170354184715
2019-10-11,15.579999923706055,1.7519999742507935,1.6230000257492065,98.30000305175781,0.12899994850158691,-0.4424648928576551
2019-10-14,14.569999694824219,1.7330000400543213,1.6180000305175781,98.44999694824219,0.11500000953674316,-0.6993143872559976
2019-10-15,13.539999961853027,1.7710000276565552,1.6180000305175781,98.29000091552734,0.15299999713897705,-0.961400882190966
2019-10-16,13.680000305175781,1.7480000257492065,1.6150000095367432,98.01000213623047,0.13300001621246338,-0.9173627542190007
2019-10-17,13.789999961853027,1.7569999694824219,1.625,97.61000061035156,0.13199996948242188,-0.8831823326620549
2019-10-18,14.25,1.746999979019165,1.625,97.27999877929688,0.12199997901916504,-0.7586286261549543
2019-10-21,14.0,1.7920000553131104,1.625,97.33000183105469,0.16700005531311035,-0.8175601598220402
2019-10-22,14.460000038146973,1.7680000066757202,1.6150000095367432,97.52999877929688,0.15299999713897705,-0.6917336534973284
2019-10-23,14.010000228881836,1.7589999437332153,1.6150000095367432,97.47000122070312,0.14399993419647217,-0.8032098292574876
2019-10-24,13.710000038146973,1.7660000324249268,1.6230000257492065,97.62999725341797,0.14300000667572021,-0.8745848755658882
2019-10-25,12.649999618530273,1.8009999990463257,1.625,97.83000183105469,0.17599999904632568,-1.1461433287591793
2019-10-28,13.109999656677246,1.8530000448226929,1.6050000190734863,97.76000213623047,0.24800002574920654,-1.018765203220702
2019-10-29,13.199999809265137,1.8350000381469727,1.5950000286102295,97.69000244140625,0.24000000953674316,-0.988726441000006
2019-10-30,12.329999923706055,1.7979999780654907,1.5950000286102295,97.6500015258789,0.20299994945526123,-1.2138968881664705
2019-10-31,13.220000267028809,1.690999984741211,1.4980000257492065,97.3499984741211,0.1929999589920044,-0.9691595189338728
2019-11-01,12.300000190734863,1.7280000448226929,1.4850000143051147,97.23999786376953,0.24300003051757812,-1.206561568939194
2019-11-04,12.829999923706055,1.7860000133514404,1.503000020980835,97.51000213623047,0.28299999237060547,-1.0559405034365512
2019-11-05,13.100000381469727,1.8660000562667847,1.5180000066757202,97.9800033569336,0.34800004959106445,-0.9759087133815094
2019-11-06,12.619999885559082,1.8140000104904175,1.5149999856948853,97.94999694824219,0.2990000247955322,-1.0957108946070468
2019-11-07,12.729999542236328,1.9259999990463257,1.5180000066757202,98.13999938964844,0.40799999237060547,-1.0578158267125106
2019-11-08,12.069999694824219,1.9329999685287476,1.5099999904632568,98.3499984741211,0.4229999780654907,-1.2261205716402293
2019-11-11,12.6899995803833,1.9429999589920044,1.5130000114440918,98.19999694824219,0.4299999475479126,-1.0541587183300698
2019-11-12,12.680000305175781,1.909000039100647,1.5329999923706055,98.30999755859375,0.3760000467300415,-1.049632020695537
2019-11-13,13.0,1.8700000047683716,1.534999966621399,98.37000274658203,0.33500003814697266,-0.9570274333490135
2019-11-14,13.050000190734863,1.815000057220459,1.527999997138977,98.16000366210938,0.28700006008148193,-0.9363021209702268
2019-11-15,12.050000190734863,1.8339999914169312,1.527999997138977,98.0,0.3059999942779541,-1.192450027663934
2019-11-18,12.460000038146973,1.8079999685287476,1.5230000019073486,97.79000091552734,0.2849999666213989,-1.0749274798525674
2019-11-19,12.859999656677246,1.7860000133514404,1.524999976158142,97.86000061035156,0.26100003719329834,-0.9617624445578391
2019-11-20,12.779999732971191,1.7380000352859497,1.5199999809265137,97.93000030517578,0.21800005435943604,-0.9751999122986399
2019-11-21,13.130000114440918,1.7719999551773071,1.5299999713897705,97.98999786376953,0.24199998378753662,-0.8757335386184497
2019-11-22,12.34000015258789,1.7740000486373901,1.5429999828338623,98.2699966430664,0.23100006580352783,-1.0773593891623616
2019-11-25,11.869999885559082,1.7640000581741333,1.5449999570846558,98.31999969482422,0.21900010108947754,-1.1932920158379534
2019-11-26,11.539999961853027,1.7400000095367432,1.565000057220459,98.25,0.17499995231628418,-1.2704575813145198
2019-11-27,11.75,1.7669999599456787,1.565000057220459,98.41000366210938,0.20199990272521973,-1.2047226500928887
2019-11-29,12.619999885559082,1.7760000228881836,1.5399999618530273,98.2699966430664,0.23600006103515625,-0.9666535124963851
2019-12-02,14.90999984741211,1.8359999656677246,1.5379999876022339,97.86000061035156,0.2979999780654907,-0.3561815275947864
2019-12-03,15.960000038146973,1.7089999914169312,1.5379999876022339,97.73999786376953,0.17100000381469727,-0.07567358874654728
2019-12-04,14.800000190734863,1.781000018119812,1.4980000257492065,97.6500015258789,0.28299999237060547,-0.3814580934257086
2019-12-05,14.520000457763672,1.7970000505447388,1.4930000305175781,97.41000366210938,0.30400002002716064,-0.45024807516913556
2019-12-06,13.619999885559082,1.8420000076293945,1.4800000190734863,97.69999694824219,0.3619999885559082,-0.6832094080144174
2019-12-09,15.859999656677246,1.8289999961853027,1.4980000257492065,97.63999938964844,0.3309999704360962,-0.07912961880996068
2019-12-10,15.680000305175781,1.8329999446868896,1.5149999856948853,97.41000366210938,0.3179999589920044,-0.12075005185550586
2019-12-11,14.989999771118164,1.7899999618530273,1.5199999809265137,97.16000366210938,0.26999998092651367,-0.3011225270338409
2019-12-12,13.9399995803833,1.8969999551773071,1.5299999713897705,97.4000015258789,0.3669999837875366,-0.579840219860691
2019-12-13,12.630000114440918,1.819000005722046,1.5230000019073486,97.16999816894531,0.29600000381469727,-0.928988795284649
2019-12-16,12.140000343322754,1.8919999599456787,1.524999976158142,97.06999969482422,0.3669999837875366,-1.054832010214639
2019-12-17,12.289999961853027,1.8890000581741333,1.5299999713897705,97.20999908447266,0.3590000867843628,-1.009548459922514
2019-12-18,12.579999923706055,1.9240000247955322,1.5180000066757202,97.41000366210938,0.406000018119812,-0.9269672928003737
2019-12-19,12.5,1.9079999923706055,1.5329999923706055,97.41999816894531,0.375,-0.9470585542401897
2019-12-20,12.510000228881836,1.9170000553131104,1.527999997138977,97.70999908447266,0.3890000581741333,-0.9488888219596269
2019-12-23,12.609999656677246,1.934999942779541,1.5199999809265137,97.66000366210938,0.41499996185302734,-0.9308662865289835
2019-12-24,12.670000076293945,1.909999966621399,1.5379999876022339,97.6500015258789,0.37199997901916504,-0.9575337345139333
2019-12-26,12.649999618530273,1.9049999713897705,1.534999966621399,97.58999633789062,0.3700000047683716,-0.985726426131686
2019-12-27,13.430000305175781,1.8739999532699585,1.5180000066757202,96.91999816894531,0.3559999465942383,-0.7338757555434465
2019-12-30,14.819999694824219,1.8949999809265137,1.4900000095367432,96.73999786376953,0.4049999713897705,-0.22880203549751232
2019-12-31,13.779999732971191,1.9190000295639038,1.5049999952316284,96.38999938964844,0.4140000343322754,-0.6159516947854164
2020-01-02,12.470000267028809,1.8819999694824219,1.4950000047683716,96.8499984741211,0.3869999647140503,-1.1190257186265922
2020-01-03,14.020000457763672,1.7879999876022339,1.4730000495910645,96.83999633789062,0.31499993801116943,-0.5140036935557101
2020-01-06,13.850000381469727,1.8109999895095825,1.4880000352859497,96.66999816894531,0.3229999542236328,-0.5768183913891419
2020-01-07,13.789999961853027,1.8270000219345093,1.5,96.9800033569336,0.3270000219345093,-0.59594317685816
2020-01-08,13.449999809265137,1.8739999532699585,1.4930000305175781,97.30000305175781,0.38099992275238037,-0.7302630844353633
2020-01-09,12.539999961853027,1.8580000400543213,1.5,97.44999694824219,0.3580000400543213,-1.1011730658141439
2020-01-10,12.5600004196167,1.8250000476837158,1.4980000257492065,97.36000061035156,0.3270000219345093,-1.0858621286567034
2020-01-13,12.319999694824219,1.8480000495910645,1.5099999904632568,97.3499984741211,0.3380000591278076,-1.177086554578665
2020-01-14,12.390000343322754,1.8179999589920044,1.5299999713897705,97.37000274658203,0.2879999876022339,-1.1399395612851047
2020-01-15,12.420000076293945,1.7879999876022339,1.5080000162124634,97.2300033569336,0.2799999713897705,-1.1190756123605368
2020-01-16,12.319999694824219,1.809000015258789,1.5180000066757202,97.31999969482422,0.29100000858306885,-1.1532740731259414
2020-01-17,12.100000381469727,1.8359999656677246,1.5230000019073486,97.61000061035156,0.312999963760376,-1.2363020822881445
2020-01-21,12.850000381469727,1.7690000534057617,1.503000020980835,97.52999877929688,0.26600003242492676,-0.9125526487652331
2020-01-22,12.90999984741211,1.7690000534057617,1.5130000114440918,97.52999877929688,0.2560000419616699,-0.8832482032530408
2020-01-23,12.979999542236328,1.7400000095367432,1.5149999856948853,97.69000244140625,0.2250000238418579,-0.8474720254801876
2020-01-24,14.5600004196167,1.680999994277954,1.4900000095367432,97.8499984741211,0.19099998474121094,-0.16245136728543005
2020-01-27,18.229999542236328,1.6050000190734863,1.5049999952316284,97.95999908447266,0.10000002384185791,1.4188582440214317
2020-01-28,16.280000686645508,1.6410000324249268,1.5299999713897705,98.0199966430664,0.11100006103515625,0.5854715437059624
2020-01-29,16.389999389648438,1.593999981880188,1.5199999809265137,97.98999786376953,0.07400000095367432,0.6415965254906336
2020-01-30,15.489999771118164,1.5579999685287476,1.527999997138977,97.87000274658203,0.029999971389770508,0.25371660302309235
2020-01-31,18.84000015258789,1.5199999809265137,1.5099999904632568,97.38999938964844,0.009999990463256836,1.705902497414573
2020-02-03,17.969999313354492,1.5199999809265137,1.5180000066757202,97.80000305175781,0.001999974250793457,1.320395253777865
2020-02-04,16.049999237060547,1.6030000448226929,1.5379999876022339,97.95999908447266,0.06500005722045898,0.4869393249644253
2020-02-05,15.149999618530273,1.6490000486373901,1.5199999809265137,98.2699966430664,0.12900006771087646,0.09739418873195474
2020-02-06,14.960000038146973,1.6440000534057617,1.5299999713897705,98.5,0.11400008201599121,0.01571445242207251
2020-02-07,15.470000267028809,1.5779999494552612,1.5180000066757202,98.68000030517578,0.059999942779541016,0.2386310277903244
2020-02-10,15.039999961853027,1.5470000505447388,1.5199999809265137,98.83000183105469,0.027000069618225098,0.053181308263668514
2020-02-11,15.180000305175781,1.590000033378601,1.5379999876022339,98.72000122070312,0.05200004577636719,0.11536617853909671
2020-02-12,13.739999771118164,1.6299999952316284,1.534999966621399,99.05000305175781,0.09500002861022949,-0.5069078728554499
2020-02-13,14.149999618530273,1.6169999837875366,1.5449999570846558,99.06999969482422,0.07200002670288086,-0.32633162223130885
2020-02-14,13.680000305175781,1.5880000591278076,1.534999966621399,99.12000274658203,0.05300009250640869,-0.5260460181826638
2020-02-18,14.829999923706055,1.555999994277954,1.534999966621399,99.45999908447266,0.021000027656555176,-0.026618438170795084
2020-02-19,14.380000114440918,1.5700000524520874,1.5429999828338623,99.5999984741211,0.027000069618225098,-0.2211093551626904
2020-02-20,15.5600004196167,1.524999976158142,1.5379999876022339,99.87000274658203,-0.013000011444091797,0.2885360720556931
2020-02-21,17.079999923706055,1.4709999561309814,1.5180000066757202,99.26000213623047,-0.04700005054473877,0.942354940527625
2020-02-24,25.030000686645508,1.3769999742507935,1.503000020980835,99.29000091552734,-0.1260000467300415,4.213459362498671
2020-02-25,27.850000381469727,1.3300000429153442,1.4900000095367432,98.97000122070312,-0.15999996662139893,5.085477462727524
2020-02-26,27.559999465942383,1.309999942779541,1.4780000448226929,99.0,-0.16800010204315186,4.7250131540777085
2020-02-27,39.15999984741211,1.2990000247955322,1.3949999809265137,98.44000244140625,-0.09599995613098145,7.867994282735131
2020-02-28,40.11000061035156,1.1269999742507935,1.2300000190734863,98.12999725341797,-0.10300004482269287,7.241881637516205
2020-03-02,33.41999816894531,1.0880000591278076,1.1349999904632568,97.36000061035156,-0.04699993133544922,5.001853475906934
2020-03-03,36.81999969482422,1.0099999904632568,0.9179999828338623,97.1500015258789,0.09200000762939453,5.542478076196921
2020-03-04,31.989999771118164,0.9919999837875366,0.675000011920929,97.33999633789062,0.31699997186660767,4.126160531900598
2020-03-05,39.619998931884766,0.9259999990463257,0.5950000286102295,96.81999969482422,0.3309999704360962,5.617854282109257
2020-03-06,41.939998626708984,0.7059999704360962,0.41499999165534973,95.94999694824219,0.29099997878074646,5.721317895129535
2020-03-09,54.459999084472656,0.49900001287460327,0.33000001311302185,94.9000015258789,0.16899999976158142,7.429178817768175
2020-03-10,47.29999923706055,0.7480000257492065,0.38999998569488525,96.41000366210938,0.3580000400543213,5.632496517310921
2020-03-11,53.900001525878906,0.8199999928474426,0.36800000071525574,96.51000213623047,0.4519999921321869,6.240825697672576
2020-03-12,75.47000122070312,0.8489999771118164,0.27300000190734863,97.47000122070312,0.5759999752044678,8.309782563331261
2020-03-13,57.83000183105469,0.9509999752044678,0.24300000071525574,98.75,0.707999974489212,5.450744230170394
2020-03-16,82.69000244140625,0.7279999852180481,0.1850000023841858,98.08999633789062,0.5429999828338623,7.622639506818367
2020-03-17,75.91000366210938,0.996999979019165,0.16500000655651093,99.58000183105469,0.8319999724626541,6.255865967881493
2020-03-18,76.44999694824219,1.2660000324249268,0.003000000026077032,101.16000366210938,1.2630000323988497,5.8433142591930824
2020-03-19,72.0,1.11899995803833,-0.02800000086426735,102.76000213623047,1.1469999589025974,5.094928053361848
2020-03-20,66.04000091552734,0.9380000233650208,-0.032999999821186066,102.81999969482422,0.9710000231862068,4.345011417228795
2020-03-23,61.59000015258789,0.7639999985694885,-0.03999999910593033,102.48999786376953,0.8039999976754189,3.81260861941262
2020-03-24,61.66999816894531,0.8159999847412109,-0.032999999821186066,101.73999786376953,0.848999984562397,3.6984992470627365
2020-03-25,63.95000076293945,0.8579999804496765,-0.07000000029802322,101.05000305175781,0.9279999807476997,3.7647043825606983
2020-03-26,61.0,0.8109999895095825,-0.10499999672174454,99.41999816894531,0.9159999862313271,3.4236215803162486
2020-03-27,65.54000091552734,0.7490000128746033,-0.057999998331069946,98.37000274658203,0.8070000112056732,3.670680953516631
2020-03-30,57.08000183105469,0.6700000166893005,0.013000000268220901,99.18000030517578,0.6570000164210796,2.942815079352624
2020-03-31,53.540000915527344,0.6980000138282776,0.029999999329447746,99.05000305175781,0.6680000144988298,2.6220319375020598
2020-04-01,57.060001373291016,0.6349999904632568,0.06300000101327896,99.66999816894531,0.5719999894499779,2.830878467985744
2020-04-02,50.90999984741211,0.6269999742507935,0.06499999761581421,100.18000030517578,0.5619999766349792,2.33486318750833
2020-04-03,46.79999923706055,0.5870000123977661,0.057999998331069946,100.58000183105469,0.5290000140666962,2.0054445486664894
2020-04-06,45.2400016784668,0.6759999990463257,0.05999999865889549,100.69000244140625,0.6160000003874302,1.8691766336373488
2020-04-07,46.70000076293945,0.7360000014305115,0.12800000607967377,99.9800033569336,0.6079999953508377,1.9517815790304605
2020-04-08,43.349998474121094,0.7639999985694885,0.1850000023841858,100.12000274658203,0.5789999961853027,1.6916306542567991
2020-04-09,41.66999816894531,0.7289999723434448,0.20999999344348907,99.5199966430664,0.5189999788999557,1.5556521672866364
2020-04-13,41.16999816894531,0.7490000128746033,0.20000000298023224,99.3499984741211,0.549000009894371,1.505672835153897
2020-04-14,37.7599983215332,0.7519999742507935,0.16500000655651093,98.88999938964844,0.5869999676942825,1.251772673594644
2020-04-15,40.84000015258789,0.6380000114440918,0.11500000208616257,99.45999908447266,0.5230000093579292,1.457783957460934
2020-04-16,40.11000061035156,0.609000027179718,0.10999999940395355,100.02999877929688,0.49900002777576447,1.3935937507722933
2020-04-17,38.150001525878906,0.6539999842643738,0.10300000011920929,99.77999877929688,0.5509999841451645,1.24465509014554
2020-04-20,43.83000183105469,0.6259999871253967,0.07000000029802322,99.95999908447266,0.5559999868273735,1.629022118994955
2020-04-21,45.40999984741211,0.5709999799728394,0.09799999743700027,100.26000213623047,0.4729999825358391,1.7216620575920956
2020-04-22,41.97999954223633,0.6190000176429749,0.09300000220537186,100.38999938964844,0.526000015437603,1.4684417000021035
2020-04-23,41.380001068115234,0.6129999756813049,0.09300000220537186,100.43000030517578,0.5199999734759331,1.4140085107925915
2020-04-24,35.93000030517578,0.5960000157356262,0.10000000149011612,100.37999725341797,0.4960000142455101,1.0280744908701402
2020-04-27,33.290000915527344,0.656000018119812,0.09300000220537186,100.04000091552734,0.5630000159144402,0.8389291843896302
2020-04-28,33.56999969482422,0.6100000143051147,0.08500000089406967,99.87000274658203,0.5250000134110451,0.8519823243295452
2020-04-29,31.229999542236328,0.6269999742507935,0.09000000357627869,99.56999969482422,0.5369999706745148,0.684963641836564
2020-04-30,34.150001525878906,0.621999979019165,0.09000000357627869,99.0199966430664,0.5319999754428864,0.8805355258121076
2020-05-01,37.189998626708984,0.6420000195503235,0.09300000220537186,98.80000305175781,0.5490000173449516,1.0822022136493226
2020-05-04,35.970001220703125,0.6370000243186951,0.09000000357627869,99.4800033569336,0.5470000207424164,0.9905388992284895
2020-05-05,33.61000061035156,0.6570000052452087,0.10999999940395355,99.70999908447266,0.5470000058412552,0.8222816918299133
2020-05-06,34.119998931884766,0.7110000252723694,0.1080000028014183,100.08999633789062,0.6030000224709511,0.8521220070208023
2020-05-07,31.440000534057617,0.6309999823570251,0.0949999988079071,99.88999938964844,0.535999983549118,0.6642257199739404
2020-05-08,27.979999542236328,0.6819999814033508,0.0949999988079071,99.7300033569336,0.5869999825954437,0.4242489083175496
2020-05-11,27.56999969482422,0.7260000109672546,0.10499999672174454,100.23999786376953,0.6210000142455101,0.39298424840816015
2020-05-12,33.040000915527344,0.6779999732971191,0.12300000339746475,99.93000030517578,0.5549999698996544,0.7639593333911112
2020-05-13,35.279998779296875,0.6489999890327454,0.11500000208616257,100.23999786376953,0.5339999869465828,0.9113776845549674
2020-05-14,32.61000061035156,0.6190000176429749,0.10499999672174454,100.47000122070312,0.5140000209212303,0.7237558273740516
2020-05-15,31.889999389648438,0.6399999856948853,0.10300000011920929,100.4000015258789,0.536999985575676,0.6697106765125008
2020-05-18,29.299999237060547,0.7440000176429749,0.10499999672174454,99.66999816894531,0.6390000209212303,0.4890445195634124
2020-05-19,30.530000686645508,0.7110000252723694,0.11800000071525574,99.37000274658203,0.5930000245571136,0.569041822464444
2020-05-20,27.989999771118164,0.6800000071525574,0.11800000071525574,99.12000274658203,0.5620000064373016,0.39208887509499535
2020-05-21,29.530000686645508,0.6769999861717224,0.10999999940395355,99.37000274658203,0.5669999867677689,0.49330735806266734
2020-05-22,28.15999984741211,0.6570000052452087,0.10999999940395355,99.86000061035156,0.5470000058412552,0.39664666336046855
2020-05-26,28.010000228881836,0.6980000138282776,0.11800000071525574,98.91000366210938,0.5800000131130219,0.3831417072113359
2020-05-27,27.6200008392334,0.6800000071525574,0.13500000536441803,99.05999755859375,0.5450000017881393,0.3537431427432015
2020-05-28,28.59000015258789,0.7049999833106995,0.1379999965429306,98.37999725341797,0.5669999867677689,0.41705102051049686
2020-05-29,27.510000228881836,0.6480000019073486,0.12800000607967377,98.33999633789062,0.5199999958276749,0.34051514276363265
2020-06-01,28.229999542236328,0.6620000004768372,0.12800000607967377,97.83000183105469,0.5339999943971634,0.38705510126967047
2020-06-02,26.84000015258789,0.6800000071525574,0.14499999582767487,97.66999816894531,0.5350000113248825,0.2899436206500514
2020-06-03,25.65999984741211,0.7609999775886536,0.14800000190734863,97.27999877929688,0.6129999756813049,0.2070410122477429
2020-06-04,25.809999465942383,0.8199999928474426,0.14000000059604645,96.68000030517578,0.6799999922513962,0.21471876152965327
2020-06-05,24.520000457763672,0.9039999842643738,0.14499999582767487,96.94000244140625,0.7589999884366989,0.12428941922181884
2020-06-08,25.809999465942383,0.8840000033378601,0.15299999713897705,96.62000274658203,0.7310000061988831,0.20995519587723202
2020-06-09,27.56999969482422,0.8289999961853027,0.16500000655651093,96.31999969482422,0.6639999896287918,0.327218983176153
2020-06-10,27.56999969482422,0.7480000257492065,0.16500000655651093,95.95999908447266,0.5830000191926956,0.32414806183101413
2020-06-11,40.790000915527344,0.652999997138977,0.15299999713897705,96.7300033569336,0.5,1.2186827474308704
2020-06-12,36.09000015258789,0.6990000009536743,0.15000000596046448,97.31999969482422,0.5489999949932098,0.8914810027734656
2020-06-15,34.400001525878906,0.7020000219345093,0.1550000011920929,96.68000030517578,0.5470000207424164,0.7706301590963157
2020-06-16,33.66999816894531,0.7559999823570251,0.1599999964237213,96.95999908447266,0.5959999859333038,0.7156163016652282
2020-06-17,33.470001220703125,0.7329999804496765,0.16500000655651093,97.16000366210938,0.5679999738931656,0.6967871335730782
2020-06-18,32.939998626708984,0.6940000057220459,0.14000000059604645,97.41999816894531,0.5540000051259995,0.6556068308586471
2020-06-19,35.119998931884766,0.6970000267028809,0.14300000667572021,97.62000274658203,0.5540000200271606,0.7979810278858872
2020-06-22,31.770000457763672,0.7039999961853027,0.14000000059604645,97.04000091552734,0.5639999955892563,0.5656998852793523
2020-06-23,31.3700008392334,0.7089999914169312,0.14000000059604645,96.69000244140625,0.5689999908208847,0.5341762533319213
2020-06-24,33.84000015258789,0.6840000152587891,0.13500000536441803,97.1500015258789,0.549000009894371,0.6970824599885276
2020-06-25,32.220001220703125,0.6740000247955322,0.12999999523162842,97.43000030517578,0.5440000295639038,0.5825380226374786
2020-06-26,34.72999954223633,0.6359999775886536,0.13300000131130219,97.5,0.5029999762773514,0.7476174581064162
2020-06-29,31.780000686645508,0.6359999775886536,0.125,97.54000091552734,0.5109999775886536,0.5427836632940258
2020-06-30,30.43000030517578,0.652999997138977,0.13500000536441803,97.38999938964844,0.517999991774559,0.4468711935917776
2020-07-01,28.6200008392334,0.6819999814033508,0.12999999523162842,97.19999694824219,0.5519999861717224,0.3199070503247108
2020-07-02,27.68000030517578,0.6690000295639038,0.13300000131130219,97.31999969482422,0.5360000282526016,0.2521503830737349
2020-07-06,27.940000534057617,0.6840000152587891,0.12800000607967377,96.79000091552734,0.5560000091791153,0.2661397793356015
2020-07-07,29.43000030517578,0.6499999761581421,0.14000000059604645,96.87999725341797,0.5099999755620956,0.3637656798104206
2020-07-08,28.079999923706055,0.652999997138977,0.13500000536441803,96.43000030517578,0.517999991774559,0.2681073787124968
2020-07-09,29.260000228881836,0.6050000190734863,0.12300000339746475,96.69999694824219,0.4820000156760216,0.34457751485903104
2020-07-10,27.290000915527344,0.6330000162124634,0.11999999731779099,96.6500015258789,0.5130000188946724,0.20630973311131234
2020-07-13,32.189998626708984,0.6399999856948853,0.125,96.45999908447266,0.5149999856948853,0.5365039780667287
2020-07-14,29.520000457763672,0.6150000095367432,0.13300000131130219,96.26000213623047,0.482000008225441,0.3495220436170118
2020-07-15,27.760000228881836,0.6299999952316284,0.125,96.08000183105469,0.5049999952316284,0.22512876802856213
2020-07-16,28.0,0.6119999885559082,0.10300000011920929,96.3499984741211,0.5089999884366989,0.2379945486739167
2020-07-17,25.68000030517578,0.628000020980835,0.10499999672174454,95.94000244140625,0.5230000242590904,0.07546312652171636
2020-07-20,24.459999084472656,0.6200000047683716,0.10499999672174454,95.83000183105469,0.515000008046627,-0.011146349147205055
2020-07-21,24.84000015258789,0.6069999933242798,0.10999999940395355,95.12000274658203,0.49699999392032623,0.011927490599327474
2020-07-22,24.31999969482422,0.5950000286102295,0.10000000149011612,94.97000122070312,0.4950000271201134,-0.027134677462820438
2020-07-23,26.079999923706055,0.5820000171661377,0.10300000011920929,94.69000244140625,0.4790000170469284,0.0905825450529848
2020-07-24,25.84000015258789,0.5889999866485596,0.09799999743700027,94.44000244140625,0.4909999892115593,0.0705060006555396
2020-07-27,24.739999771118164,0.609000027179718,0.09300000220537186,93.66999816894531,0.5160000249743462,-0.009065699484944787
2020-07-28,25.440000534057617,0.5809999704360962,0.10300000011920929,93.76000213623047,0.4779999703168869,0.036021384586140195
2020-07-29,24.100000381469727,0.5789999961853027,0.09000000357627869,93.26000213623047,0.48899999260902405,-0.059825613906717784
2020-07-30,24.760000228881836,0.5410000085830688,0.08500000089406967,93.0199966430664,0.4560000076889992,-0.016370518140791775
2020-07-31,24.459999084472656,0.5360000133514404,0.08299999684095383,93.48999786376953,0.4530000165104866,-0.0390639716235919
2020-08-03,24.280000686645508,0.5630000233650208,0.07800000160932541,93.5,0.48500002175569534,-0.053452850529870484
2020-08-04,23.760000228881836,0.5149999856948853,0.09000000357627869,93.37999725341797,0.42499998211860657,-0.08941000214890658
2020-08-05,22.989999771118164,0.5429999828338623,0.0949999988079071,92.83000183105469,0.4479999840259552,-0.14380064409672497
2020-08-06,22.649999618530273,0.5360000133514404,0.08799999952316284,92.79000091552734,0.4480000138282776,-0.16837971501237226
2020-08-07,22.209999084472656,0.5619999766349792,0.08799999952316284,93.44000244140625,0.4739999771118164,-0.20059040712897205
2020-08-10,22.1299991607666,0.5740000009536743,0.08799999952316284,93.58000183105469,0.4860000014305115,-0.20739735635317164
2020-08-11,24.030000686645508,0.6579999923706055,0.10000000149011612,93.62999725341797,0.5579999908804893,-0.07581355607979637
2020-08-12,22.280000686645508,0.6700000166893005,0.10000000149011612,93.44000244140625,0.5700000151991844,-0.1991982250777632
2020-08-13,22.1299991607666,0.7160000205039978,0.09000000357627869,93.33999633789062,0.6260000169277191,-0.2096667985641067
2020-08-14,22.049999237060547,0.7089999914169312,0.08799999952316284,93.0999984741211,0.6209999918937683,-0.2154989012950742
2020-08-17,21.350000381469727,0.6830000281333923,0.08500000089406967,92.8499984741211,0.5980000272393227,-0.2651886722038585
2020-08-18,21.510000228881836,0.6690000295639038,0.10000000149011612,92.2699966430664,0.5690000280737877,-0.2554460860646479
2020-08-19,22.540000915527344,0.675000011920929,0.0949999988079071,92.88999938964844,0.5800000131130219,-0.1850475009232502
2020-08-20,22.719999313354492,0.6439999938011169,0.08799999952316284,92.79000091552734,0.5559999942779541,-0.17453539388745687
2020-08-21,22.540000915527344,0.6399999856948853,0.08799999952316284,93.25,0.5519999861717224,-0.18886075563075616
2020-08-24,22.3700008392334,0.6460000276565552,0.08500000089406967,93.30000305175781,0.5610000267624855,-0.20148309420444988
2020-08-25,22.030000686645508,0.6819999814033508,0.0949999988079071,93.0199966430664,0.5869999825954437,-0.2260709519633426
2020-08-26,23.270000457763672,0.6869999766349792,0.09300000220537186,93.01000213623047,0.5939999744296074,-0.14016930461395286
2020-08-27,24.469999313354492,0.7459999918937683,0.0949999988079071,93.01000213623047,0.6509999930858612,-0.05764054149233186
2020-08-28,22.959999084472656,0.7289999723434448,0.0949999988079071,92.37000274658203,0.6339999735355377,-0.16482932810423928
2020-08-31,26.40999984741211,0.6930000185966492,0.0949999988079071,92.13999938964844,0.5980000197887421,0.07474657316258476
2020-09-01,26.1200008392334,0.671999990940094,0.10000000149011612,92.33999633789062,0.5719999894499779,0.052649888446690614
2020-09-02,26.56999969482422,0.6510000228881836,0.10000000149011612,92.8499984741211,0.5510000213980675,0.08166743733569647
2020-09-03,33.599998474121094,0.621999979019165,0.10000000149011612,92.73999786376953,0.5219999775290489,0.5699192907602448
2020-09-04,30.75,0.7210000157356262,0.10300000011920929,92.72000122070312,0.6180000156164169,0.3659434078086571
2020-09-08,31.459999084472656,0.6840000152587891,0.1080000028014183,93.4800033569336,0.5760000124573708,0.4115595890778583
2020-09-09,28.809999465942383,0.703000009059906,0.10499999672174454,93.26000213623047,0.5980000123381615,0.2218372116436561
2020-09-10,29.709999084472656,0.6850000023841858,0.10300000011920929,93.33999633789062,0.5820000022649765,0.2811990719898117
2020-09-11,26.8700008392334,0.6690000295639038,0.10300000011920929,93.33000183105469,0.5660000294446945,0.077873731014736
2020-09-14,25.850000381469727,0.6710000038146973,0.10000000149011612,93.06999969482422,0.5710000023245811,0.0026046855953453154
2020-09-15,25.59000015258789,0.6790000200271606,0.10000000149011612,93.05000305175781,0.5790000185370445,-0.018827249461691314
2020-09-16,26.040000915527344,0.6869999766349792,0.10000000149011612,93.20999908447266,0.5869999751448631,0.009732021444558443
2020-09-17,26.459999084472656,0.6840000152587891,0.08500000089406967,92.97000122070312,0.5990000143647194,0.03598884862448836
2020-09-18,25.829999923706055,0.6940000057220459,0.08299999684095383,92.93000030517578,0.6110000088810921,-0.011981497343690964
2020-09-21,27.780000686645508,0.6710000038146973,0.07999999821186066,93.54000091552734,0.5910000056028366,0.12301905776451985
2020-09-22,26.860000610351562,0.6639999747276306,0.08799999952316284,93.98999786376953,0.5759999752044678,0.05436206798560436
2020-09-23,28.579999923706055,0.6759999990463257,0.08799999952316284,94.38999938964844,0.5879999995231628,0.17358091795592231
2020-09-24,28.510000228881836,0.6660000085830688,0.09300000220537186,94.3499984741211,0.573000006377697,0.16521779584254373
2020-09-25,26.3799991607666,0.6589999794960022,0.09000000357627869,94.58000183105469,0.5689999759197235,0.010543428598876236
2020-09-28,26.190000534057617,0.6629999876022339,0.08799999952316284,94.26000213623047,0.574999988079071,-0.005552270852057768
2020-09-29,26.270000457763672,0.6449999809265137,0.08500000089406967,93.88999938964844,0.559999980032444,-0.002685394270173733
2020-09-30,26.3700008392334,0.6769999861717224,0.08500000089406967,93.88999938964844,0.5919999852776527,0.002247322436157527
2020-10-01,26.700000762939453,0.6769999861717224,0.08299999684095383,93.70999908447266,0.5939999893307686,0.024109615151597465
2020-10-02,27.6299991607666,0.6959999799728394,0.08500000089406967,93.83999633789062,0.6109999790787697,0.08826129940253799
2020-10-05,27.959999084472656,0.7620000243186951,0.08500000089406967,93.51000213623047,0.6770000234246254,0.10887185510051053
2020-10-06,29.479999542236328,0.7419999837875366,0.08799999952316284,93.83000183105469,0.6539999842643738,0.21458620815209029
2020-10-07,28.059999465942383,0.7850000262260437,0.08799999952316284,93.62999725341797,0.6970000267028809,0.11063494529840981
2020-10-08,26.360000610351562,0.7649999856948853,0.08799999952316284,93.61000061035156,0.6769999861717224,-0.013464114505047685
2020-10-09,25.0,0.7749999761581421,0.09300000220537186,93.05999755859375,0.6819999739527702,-0.11324810206358775
2020-10-12,25.06999969482422,0.7770000100135803,0.09000000357627869,93.06999969482422,0.6870000064373016,-0.11106168667935189
2020-10-13,26.06999969482422,0.7269999980926514,0.09300000220537186,93.52999877929688,0.6339999958872795,-0.042512401359903376
2020-10-14,26.399999618530273,0.722000002861023,0.10000000149011612,93.37999725341797,0.6220000013709068,-0.022466356932691153
2020-10-15,26.969999313354492,0.7310000061988831,0.0949999988079071,93.86000061035156,0.636000007390976,0.014870217786396848
2020-10-16,27.40999984741211,0.7440000176429749,0.09000000357627869,93.68000030517578,0.6540000140666962,0.04283366396606085
2020-10-19,29.18000030517578,0.7609999775886536,0.09000000357627869,93.43000030517578,0.6709999740123749,0.16693429350388786
2020-10-20,29.350000381469727,0.796999990940094,0.0949999988079071,93.06999969482422,0.7019999921321869,0.1751381343360745
2020-10-21,28.649999618530273,0.8159999847412109,0.09000000357627869,92.61000061035156,0.7259999811649323,0.12040661324558811
2020-10-22,28.110000610351562,0.8479999899864197,0.08500000089406967,92.94999694824219,0.76299998909235,0.07719341801205952
2020-10-23,27.549999237060547,0.8410000205039978,0.08299999684095383,92.7699966430664,0.758000023663044,0.03244517132796892
2020-10-26,32.459999084472656,0.8009999990463257,0.07999999821186066,93.05000305175781,0.721000000834465,0.3859224693601827
2020-10-27,33.349998474121094,0.777999997138977,0.09000000357627869,92.94000244140625,0.6879999935626984,0.4459196340201531
2020-10-28,40.279998779296875,0.781000018119812,0.09000000357627869,93.41000366210938,0.6910000145435333,0.9461655155635572
2020-10-29,37.59000015258789,0.8349999785423279,0.08299999684095383,93.95999908447266,0.751999981701374,0.7426287578744535
2020-10-30,38.02000045776367,0.8600000143051147,0.08299999684095383,94.04000091552734,0.7770000174641609,0.7677442005178255
2020-11-02,37.130001068115234,0.8489999771118164,0.08299999684095383,94.05000305175781,0.7659999802708626,0.6961948697696911
2020-11-03,35.54999923706055,0.8820000290870667,0.09000000357627869,93.55000305175781,0.792000025510788,0.5742855889675117
2020-11-04,29.56999969482422,0.7680000066757202,0.08299999684095383,93.41000366210938,0.6850000098347664,0.1289523980779478
2020-11-05,27.579999923706055,0.7760000228881836,0.08500000089406967,92.52999877929688,0.6910000219941139,-0.022521395766916256
2020-11-06,24.860000610351562,0.8199999928474426,0.08299999684095383,92.2300033569336,0.7369999960064888,-0.22811426736008308
2020-11-09,25.75,0.9580000042915344,0.08799999952316284,92.7300033569336,0.8700000047683716,-0.1665146351930373
2020-11-10,24.799999237060547,0.972000002861023,0.09000000357627869,92.75,0.8819999992847443,-0.24142321309500048
2020-11-11,23.450000762939453,0.9580000042915344,0.09000000357627869,93.04000091552734,0.8680000007152557,-0.3462041563363695
2020-11-12,25.350000381469727,0.8849999904632568,0.08500000089406967,92.95999908447266,0.7999999895691872,-0.20822856917952126
2020-11-13,23.100000381469727,0.8930000066757202,0.08299999684095383,92.76000213623047,0.8100000098347664,-0.3808414404435936
2020-11-16,22.450000762939453,0.906000018119812,0.07500000298023224,92.56999969482422,0.8310000151395798,-0.4339193686900348
2020-11-17,22.709999084472656,0.871999979019165,0.07999999821186066,92.41999816894531,0.7919999808073044,-0.4184238383748344
2020-11-18,23.84000015258789,0.8820000290870667,0.07500000298023224,92.31999969482422,0.8070000261068344,-0.33717628692369567
2020-11-19,23.110000610351562,0.8539999723434448,0.05999999865889549,92.29000091552734,0.7939999736845493,-0.3965442204064218
2020-11-20,23.700000762939453,0.8289999961853027,0.057999998331069946,92.38999938964844,0.7709999978542328,-0.35579113628510517
2020-11-23,22.65999984741211,0.8569999933242798,0.07000000029802322,92.51000213623047,0.7869999930262566,-0.43920536390117065
2020-11-24,21.639999389648438,0.8820000290870667,0.07999999821186066,92.2300033569336,0.802000030875206,-0.5213820711964597
2020-11-25,21.25,0.878000020980835,0.07999999821186066,91.98999786376953,0.7980000227689743,-0.5556922704929201
2020-11-27,20.84000015258789,0.8420000076293945,0.0729999989271164,91.79000091552734,0.7690000087022781,-0.5914583579443866
2020-11-30,20.56999969482422,0.843999981880188,0.07500000298023224,91.87000274658203,0.7689999788999557,-0.6160356664518479
2020-12-01,20.770000457763672,0.9340000152587891,0.07999999821186066,91.30999755859375,0.8540000170469284,-0.6033083165043557
2020-12-02,21.170000076293945,0.9480000138282776,0.07500000298023224,91.12000274658203,0.8730000108480453,-0.5747338466598293
2020-12-03,21.280000686645508,0.9200000166893005,0.07500000298023224,90.70999908447266,0.8450000137090683,-0.5691474959644858
2020-12-04,20.790000915527344,0.968999981880188,0.07500000298023224,90.69999694824219,0.8939999788999557,-0.6100214120824828
2020-12-07,21.299999237060547,0.9279999732971191,0.07000000029802322,90.79000091552734,0.8579999729990959,-0.5740146170827712
2020-12-08,20.68000030517578,0.9129999876022339,0.06800000369548798,90.97000122070312,0.8449999839067459,-0.6244444194263986
2020-12-09,22.270000457763672,0.9409999847412109,0.07000000029802322,91.08999633789062,0.8709999844431877,-0.5035320822975528
2020-12-10,22.520000457763672,0.9079999923706055,0.07000000029802322,90.79000091552734,0.8379999920725822,-0.487264556110463
2020-12-11,23.309999465942383,0.8930000066757202,0.06499999761581421,90.9800033569336,0.828000009059906,-0.42947879162380875
2020-12-14,24.719999313354492,0.8920000195503235,0.05999999865889549,90.70999908447266,0.832000020891428,-0.32385717783553875
2020-12-15,22.889999389648438,0.9229999780654907,0.07000000029802322,90.47000122070312,0.8529999777674675,-0.4722697785248068
2020-12-16,22.5,0.9200000166893005,0.07500000298023224,90.44999694824219,0.8450000137090683,-0.5076409778631076
2020-12-17,21.93000030517578,0.9300000071525574,0.07999999821186066,89.81999969482422,0.8500000089406967,-0.5570936727977369
2020-12-18,21.56999969482422,0.9480000138282776,0.07999999821186066,90.0199966430664,0.8680000156164169,-0.5900464420750712
2020-12-21,25.15999984741211,0.9409999847412109,0.07800000160932541,90.04000091552734,0.8629999831318855,-0.3100198693601947
2020-12-22,24.229999542236328,0.9179999828338623,0.07800000160932541,90.6500015258789,0.8399999812245369,-0.38898668423793126
2020-12-23,23.309999465942383,0.9549999833106995,0.07500000298023224,90.41000366210938,0.8799999803304672,-0.4672785005992608
2020-12-24,21.530000686645508,0.9279999732971191,0.07500000298023224,90.33000183105469,0.8529999703168869,-0.6144433927889835
2020-12-28,21.700000762939453,0.9330000281333923,0.07999999821186066,90.33999633789062,0.8530000299215317,-0.6049174633740767
2020-12-29,23.079999923706055,0.9350000023841858,0.09000000357627869,90.01000213623047,0.8449999988079071,-0.49747457605753115
2020-12-30,22.770000457763672,0.9259999990463257,0.07000000029802322,89.62999725341797,0.8559999987483025,-0.5267370041987325
2020-12-31,22.75,0.9169999957084656,0.06499999761581421,89.94000244140625,0.8519999980926514,-0.5333336297081229
2021-01-04,26.969999313354492,0.9169999957084656,0.06800000369548798,89.87999725341797,0.8489999920129776,-0.19541867687044123
2021-01-05,25.34000015258789,0.9549999833106995,0.07800000160932541,89.44000244140625,0.876999981701374,-0.3328854704650569
2021-01-06,25.06999969482422,1.0420000553131104,0.07800000160932541,89.52999877929688,0.9640000537037849,-0.3596801966407104
2021-01-07,22.3700008392334,1.0709999799728394,0.07999999821186066,89.83000183105469,0.9909999817609787,-0.5854320453117035
2021-01-08,21.559999465942383,1.1050000190734863,0.07999999821186066,90.0999984741211,1.0250000208616257,-0.6569164745703882
2021-01-11,24.079999923706055,1.1319999694824219,0.07999999821186066,90.54000091552734,1.0519999712705612,-0.4545928915527585
2021-01-12,23.329999923706055,1.1380000114440918,0.07999999821186066,90.05000305175781,1.0580000132322311,-0.5220827132893525
2021-01-13,22.209999084472656,1.0880000591278076,0.07999999821186066,90.31999969482422,1.008000060915947,-0.6203423833146067
2021-01-14,23.25,1.128999948501587,0.07500000298023224,90.23999786376953,1.0539999455213547,-0.5392285667872921
2021-01-15,24.34000015258789,1.097000002861023,0.07500000298023224,90.77999877929688,1.0219999998807907,-0.45385348880891285
2021-01-19,23.239999771118164,1.0920000076293945,0.0729999989271164,90.5,1.0190000087022781,-0.5519353512197063
2021-01-20,21.579999923706055,1.090000033378601,0.07500000298023224,90.47000122070312,1.0150000303983688,-0.6968136200528079
2021-01-21,21.31999969482422,1.1089999675750732,0.0729999989271164,90.12999725341797,1.0359999686479568,-0.72380291501818
2021-01-22,21.90999984741211,1.090999960899353,0.07000000029802322,90.23999786376953,1.0209999606013298,-0.6789728496638464
2021-01-25,23.190000534057617,1.0399999618530273,0.07000000029802322,90.38999938964844,0.9699999615550041,-0.5746569738753184
2021-01-26,23.020000457763672,1.0399999618530273,0.06800000369548798,90.16999816894531,0.9719999581575394,-0.5915322536835748
2021-01-27,37.209999084472656,1.0140000581741333,0.05999999865889549,90.6500015258789,0.9540000595152378,0.6136847295917345
2021-01-28,30.209999084472656,1.0570000410079956,0.054999999701976776,90.45999908447266,1.0020000413060188,0.010402338180048883
2021-01-29,33.09000015258789,1.093000054359436,0.04800000041723251,90.58000183105469,1.0450000539422035,0.25213600719835816
2021-02-01,30.239999771118164,1.0770000219345093,0.04800000041723251,91.0199966430664,1.0290000215172768,0.003122062732610773
2021-02-02,25.559999465942383,1.1050000190734863,0.05000000074505806,91.19999694824219,1.0550000183284283,-0.4035327742049272
2021-02-03,22.90999984741211,1.13100004196167,0.03999999910593033,91.12000274658203,1.0910000428557396,-0.6360747538865589
2021-02-04,21.770000457763672,1.1390000581741333,0.029999999329447746,91.52999877929688,1.1090000588446856,-0.7387147291076128
2021-02-05,20.8700008392334,1.1699999570846558,0.023000000044703484,91.04000091552734,1.1469999570399523,-0.820607880739905
2021-02-08,21.239999771118164,1.159999966621399,0.019999999552965164,90.93000030517578,1.1399999670684338,-0.7920854291459202
2021-02-09,21.6299991607666,1.156999945640564,0.032999999821186066,90.44000244140625,1.123999945819378,-0.7622192692997289
2021-02-10,21.989999771118164,1.1330000162124634,0.03500000014901161,90.37000274658203,1.0980000160634518,-0.7349406873073482
2021-02-11,21.25,1.1579999923706055,0.03500000014901161,90.41999816894531,1.1229999922215939,-0.8047018256891665
2021-02-12,19.969999313354492,1.2000000476837158,0.03500000014901161,90.4800033569336,1.1650000475347042,-0.921297825304813
2021-02-16,21.459999084472656,1.2990000247955322,0.03500000014901161,90.51000213623047,1.2640000246465206,-0.7953644567940596
2021-02-17,21.5,1.3009999990463257,0.03500000014901161,90.94999694824219,1.265999998897314,-0.7962033317209256
2021-02-18,22.489999771118164,1.2869999408721924,0.023000000044703484,90.58999633789062,1.263999940827489,-0.7136255341336999
2021-02-19,22.049999237060547,1.3450000286102295,0.023000000044703484,90.36000061035156,1.322000028565526,-0.7567809607621444
2021-02-22,23.450000762939453,1.3700000047683716,0.02500000037252903,90.01000213623047,1.3450000043958426,-0.6357757291713396
2021-02-23,23.110000610351562,1.3619999885559082,0.023000000044703484,90.16999816894531,1.3389999885112047,-0.665149227931355
2021-02-24,21.34000015258789,1.3890000581741333,0.02800000086426735,90.18000030517578,1.361000057309866,-0.8195991198623411
2021-02-25,28.889999389648438,1.5180000066757202,0.032999999821186066,90.12999725341797,1.4850000068545341,-0.14798207527353485
2021-02-26,27.950000762939453,1.4600000381469727,0.03500000014901161,90.93000030517578,1.425000037997961,-0.22795283735318303
2021-03-01,23.350000381469727,1.4459999799728394,0.02800000086426735,91.04000091552734,1.417999979108572,-0.6324181505183132
2021-03-02,24.100000381469727,1.4149999618530273,0.03500000014901161,90.79000091552734,1.3799999617040157,-0.5619561606021245
2021-03-03,26.670000076293945,1.4700000286102295,0.03500000014901161,90.94999694824219,1.4350000284612179,-0.3294204270680619
2021-03-04,28.56999969482422,1.5499999523162842,0.02800000086426735,91.62999725341797,1.5219999514520168,-0.15876896737112559
2021-03-05,24.65999984741211,1.5540000200271606,0.02800000086426735,91.9800033569336,1.5260000191628933,-0.5025950137232444
2021-03-08,25.469999313354492,1.5959999561309814,0.03500000014901161,92.30999755859375,1.5609999559819698,-0.4252317766389112
2021-03-09,24.030000686645508,1.5460000038146973,0.03500000014901161,91.95999908447266,1.5110000036656857,-0.5480386197345664
2021-03-10,22.559999465942383,1.5199999809265137,0.029999999329447746,91.79000091552734,1.489999981597066,-0.6744386740989834
2021-03-11,21.90999984741211,1.5269999504089355,0.02800000086426735,91.41999816894531,1.4989999495446682,-0.727895176065474
2021-03-12,20.690000534057617,1.6349999904632568,0.02500000037252903,91.68000030517578,1.6099999900907278,-0.848226904168751
2021-03-15,20.030000686645508,1.6069999933242798,0.014999999664723873,91.83000183105469,1.591999993659556,-0.9079306405494383
2021-03-16,19.790000915527344,1.621000051498413,0.00800000037997961,91.87000274658203,1.6130000511184335,-0.9562915348589212
2021-03-17,19.229999542236328,1.6410000324249268,0.00800000037997961,91.4000015258789,1.6330000320449471,-1.0349621006860092
2021-03-18,21.579999923706055,1.7300000190734863,0.003000000026077032,91.8499984741211,1.7270000190474093,-0.8043437720543106
2021-03-19,20.950000762939453,1.7319999933242798,0.004999999888241291,91.91999816894531,1.7269999934360385,-0.8925389501373178
2021-03-22,18.8799991607666,1.684000015258789,0.004999999888241291,91.80000305175781,1.6790000153705478,-1.1533878173338004
2021-03-23,20.299999237060547,1.6380000114440918,0.009999999776482582,92.33999633789062,1.6280000116676092,-0.99257419474849
2021-03-24,21.200000762939453,1.6139999628067017,0.014999999664723873,92.52999877929688,1.5989999631419778,-0.8904662780656728
2021-03-25,19.809999465942383,1.6139999628067017,0.014999999664723873,92.87999725341797,1.5989999631419778,-1.0923156870915764
2021-03-26,18.860000610351562,1.659999966621399,0.014999999664723873,92.7699966430664,1.644999966956675,-1.2441381849608208
2021-03-29,20.739999771118164,1.7209999561309814,0.00800000037997961,92.94000244140625,1.7129999557510018,-1.012735644985915
2021-03-30,19.610000610351562,1.7259999513626099,0.013000000268220901,93.30000305175781,1.712999951094389,-1.201201142501867
2021-03-31,19.399999618530273,1.746000051498413,0.013000000268220901,93.2300033569336,1.7330000512301922,-1.249616044625226
2021-04-01,17.329999923706055,1.6790000200271606,0.00800000037997961,92.93000030517578,1.671000019647181,-1.6172030456654682
2021-04-05,17.90999984741211,1.7200000286102295,0.014999999664723873,92.5999984741211,1.7050000289455056,-1.5409226992768503
2021-04-06,18.1200008392334,1.656000018119812,0.014999999664723873,92.33999633789062,1.6410000184550881,-1.5136360657401977
2021-04-07,17.15999984741211,1.652999997138977,0.009999999776482582,92.45999908447266,1.6429999973624945,-1.6845237014128274
2021-04-08,16.950000762939453,1.6319999694824219,0.004999999888241291,92.05999755859375,1.6269999695941806,-1.7329570099410037
2021-04-09,16.690000534057617,1.6660000085830688,0.003000000026077032,92.16000366210938,1.6630000085569918,-1.7810348521086996
2021-04-12,16.90999984741211,1.6749999523162842,0.009999999776482582,92.13999938964844,1.6649999525398016,-1.7391898360973084
2021-04-13,16.649999618530273,1.6230000257492065,0.014999999664723873,91.8499984741211,1.6080000260844827,-1.783246705308599
2021-04-14,16.989999771118164,1.6380000114440918,0.014999999664723873,91.69000244140625,1.623000011779368,-1.710737362323948
2021-04-15,16.56999969482422,1.5299999713897705,0.009999999776482582,91.66999816894531,1.519999971613288,-1.7847849851825563
2021-04-16,16.25,1.5729999542236328,0.00800000037997961,91.55999755859375,1.5649999538436532,-1.8388920534584126
2021-04-19,17.290000915527344,1.6009999513626099,0.014999999664723873,91.06999969482422,1.585999951697886,-1.6371031214085277
2021-04-20,18.68000030517578,1.562000036239624,0.014999999664723873,91.23999786376953,1.5470000365749002,-1.3835713351920913
2021-04-21,17.5,1.5640000104904175,0.013000000268220901,91.16000366210938,1.5510000102221966,-1.6255836094482814
2021-04-22,18.709999084472656,1.5540000200271606,0.014999999664723873,91.33000183105469,1.5390000203624368,-1.393488922840611
2021-04-23,17.329999923706055,1.5670000314712524,0.014999999664723873,90.86000061035156,1.5520000318065286,-1.672865223163063
2021-04-26,17.639999389648438,1.5700000524520874,0.00800000037997961,90.80999755859375,1.5620000520721078,-1.6013622884907763
2021-04-27,17.559999465942383,1.621999979019165,0.009999999776482582,90.91000366210938,1.6119999792426825,-1.6045738110095136
2021-04-28,17.280000686645508,1.6200000047683716,0.00800000037997961,90.61000061035156,1.612000004388392,-1.6481162252264498
2021-04-29,17.610000610351562,1.6399999856948853,0.00800000037997961,90.61000061035156,1.6319999853149056,-1.5669298335569661
2021-04-30,18.610000610351562,1.63100004196167,0.003000000026077032,91.27999877929688,1.628000041935593,-1.3558918430600928
2021-05-03,18.309999465942383,1.6069999933242798,0.004999999888241291,90.94999694824219,1.6019999934360385,-1.412429277978363
2021-05-04,19.479999542236328,1.5920000076293945,0.009999999776482582,91.29000091552734,1.582000007852912,-1.168177776955894
2021-05-05,19.149999618530273,1.5839999914169312,0.00800000037997961,91.30999755859375,1.5759999910369515,-1.2280147421931198
2021-05-06,18.389999389648438,1.5609999895095825,0.00800000037997961,90.94999694824219,1.552999989129603,-1.3763305573092475
2021-05-07,16.690000534057617,1.5770000219345093,0.00800000037997961,90.2300033569336,1.5690000215545297,-1.7120793859344432
2021-05-10,19.65999984741211,1.6019999980926514,0.004999999888241291,90.20999908447266,1.59699999820441,-1.0901107430896355
2021-05-11,21.84000015258789,1.6239999532699585,0.009999999776482582,90.13999938964844,1.613999953493476,-0.6357741240511635
2021-05-12,27.59000015258789,1.6950000524520874,0.009999999776482582,90.70999908447266,1.6850000526756048,0.5568249998917213
2021-05-13,23.1299991607666,1.6679999828338623,0.00800000037997961,90.75,1.6599999824538827,-0.3604846727001353
2021-05-14,18.809999465942383,1.6349999904632568,0.004999999888241291,90.31999969482422,1.6299999905750155,-1.2548958497028537
2021-05-17,19.719999313354492,1.6399999856948853,0.004999999888241291,90.22000122070312,1.634999985806644,-1.0564340943387813
2021-05-18,21.34000015258789,1.6419999599456787,0.009999999776482582,89.75,1.6319999601691961,-0.7102167741165724
2021-05-19,22.18000030517578,1.6829999685287476,0.004999999888241291,90.19000244140625,1.6779999686405063,-0.5280101237675057
2021-05-20,20.670000076293945,1.6339999437332153,0.003000000026077032,89.80999755859375,1.6309999437071383,-0.8396196624588901
2021-05-21,20.149999618530273,1.6319999694824219,0.003000000026077032,90.0199966430664,1.6289999694563448,-0.9415919089291224
2021-05-24,18.399999618530273,1.6080000400543213,0.003000000026077032,89.83000183105469,1.6050000400282443,-1.2990959593390625
2021-05-25,18.84000015258789,1.5640000104904175,0.009999999776482582,89.63999938964844,1.554000010713935,-1.1967813488613495
2021-05-26,17.360000610351562,1.5740000009536743,0.004999999888241291,90.04000091552734,1.569000001065433,-1.493253738851424
2021-05-27,16.739999771118164,1.6100000143051147,0.004999999888241291,89.97000122070312,1.6050000144168735,-1.6070060112980178
2021-05-28,16.760000228881836,1.5809999704360962,0.00800000037997961,90.02999877929688,1.5729999700561166,-1.587190323062404
2021-06-01,17.899999618530273,1.6150000095367432,0.009999999776482582,89.83000183105469,1.6050000097602606,-1.3391659082154512
2021-06-02,17.479999542236328,1.590999960899353,0.014999999664723873,89.9000015258789,1.5759999612346292,-1.4134229357161026
2021-06-03,18.040000915527344,1.625,0.014999999664723873,90.5,1.6100000003352761,-1.2876501498027757
2021-06-04,16.420000076293945,1.559999942779541,0.014999999664723873,90.13999938964844,1.5449999431148171,-1.6048626667803751
2021-06-07,16.420000076293945,1.569000005722046,0.017999999225139618,89.94999694824219,1.5510000064969063,-1.590195214348938
2021-06-08,17.06999969482422,1.527999997138977,0.019999999552965164,90.08000183105469,1.5079999975860119,-1.4451326540618685
2021-06-09,17.889999389648438,1.4889999628067017,0.019999999552965164,90.12000274658203,1.4689999632537365,-1.268285559217435
2021-06-10,16.100000381469727,1.4589999914169312,0.019999999552965164,90.08000183105469,1.438999991863966,-1.6140088605843228
2021-06-11,15.649999618530273,1.4620000123977661,0.017999999225139618,90.55999755859375,1.4440000131726265,-1.713628624570829
2021-06-14,16.389999389648438,1.5010000467300415,0.014999999664723873,90.5199966430664,1.4860000470653176,-1.5577222296372106
2021-06-15,17.020000457763672,1.4989999532699585,0.019999999552965164,90.54000091552734,1.4789999537169933,-1.4210931508616147
2021-06-16,18.149999618530273,1.569000005722046,0.02800000086426735,91.12999725341797,1.5410000048577785,-1.1804531413401755
2021-06-17,17.75,1.5110000371932983,0.02800000086426735,91.88999938964844,1.483000036329031,-1.2571585679932822
2021-06-18,20.700000762939453,1.4500000476837158,0.02800000086426735,92.2300033569336,1.4220000468194485,-0.6328173434842316
2021-06-21,17.889999389648438,1.4839999675750732,0.029999999329447746,91.86000061035156,1.4539999682456255,-1.2220204366201841
2021-06-22,16.65999984741211,1.472000002861023,0.03799999877810478,91.7300033569336,1.4340000040829182,-1.4735701637419614
2021-06-23,16.31999969482422,1.4869999885559082,0.03999999910593033,91.80000305175781,1.4469999894499779,-1.5346098865560747
2021-06-24,15.970000267028809,1.4869999885559082,0.0430000014603138,91.81999969482422,1.4439999870955944,-1.6016133641476586
2021-06-25,15.619999885559082,1.5360000133514404,0.0430000014603138,91.80999755859375,1.4930000118911266,-1.665132934707867
2021-06-28,15.760000228881836,1.4780000448226929,0.03999999910593033,91.87999725341797,1.4380000457167625,-1.629780999378584
2021-06-29,16.020000457763672,1.4800000190734863,0.03999999910593033,92.05000305175781,1.440000019967556,-1.5629555793814234
2021-06-30,15.829999923706055,1.4429999589920044,0.03999999910593033,92.44000244140625,1.402999959886074,-1.5912244089118053
2021-07-01,15.479999542236328,1.4800000190734863,0.03999999910593033,92.5999984741211,1.440000019967556,-1.6512626030213788
2021-07-02,15.069999694824219,1.430999994277954,0.03799999877810478,92.2300033569336,1.3929999954998493,-1.7220498199281709
2021-07-06,16.440000534057617,1.3700000047683716,0.03999999910593033,92.55000305175781,1.3300000056624413,-1.414968278257197
2021-07-07,16.200000762939453,1.3209999799728394,0.0430000014603138,92.63999938964844,1.2779999785125256,-1.4545564488379628
2021-07-08,19.0,1.2879999876022339,0.0430000014603138,92.36000061035156,1.24499998614192,-0.8467546300064444
2021-07-09,16.18000030517578,1.3559999465942383,0.0430000014603138,92.12999725341797,1.3129999451339245,-1.4406923855456977
2021-07-12,16.170000076293945,1.3630000352859497,0.0430000014603138,92.2300033569336,1.320000033825636,-1.4300454698415266
2021-07-13,17.1200008392334,1.4149999618530273,0.04500000178813934,92.75,1.369999960064888,-1.2199301734004024
2021-07-14,16.329999923706055,1.3559999465942383,0.04500000178813934,92.41000366210938,1.310999944806099,-1.3793076706757075
2021-07-15,17.010000228881836,1.2970000505447388,0.03799999877810478,92.62000274658203,1.259000051766634,-1.2228570830599332
2021-07-16,18.450000762939453,1.2999999523162842,0.03799999877810478,92.69000244140625,1.2619999535381794,-0.9056189299900962
2021-07-19,22.5,1.180999994277954,0.03999999910593033,92.88999938964844,1.1409999951720238,-0.030301666081544026
2021-07-20,19.729999542236328,1.2089999914169312,0.04500000178813934,92.97000122070312,1.1639999896287918,-0.6233004765674298
2021-07-21,17.90999984741211,1.2799999713897705,0.04500000178813934,92.75,1.2349999696016312,-1.0080710904416215
2021-07-22,17.690000534057617,1.2649999856948853,0.0430000014603138,92.81999969482422,1.2219999842345715,-1.0477358454567816
2021-07-23,17.200000762939453,1.2860000133514404,0.04500000178813934,92.91000366210938,1.241000011563301,-1.1437163929047147
2021-07-26,17.579999923706055,1.2760000228881836,0.03999999910593033,92.6500015258789,1.2360000237822533,-1.0539015956167044
2021-07-27,19.360000610351562,1.2339999675750732,0.04500000178813934,92.43000030517578,1.188999965786934,-0.6677440506248873
2021-07-28,18.309999465942383,1.2610000371932983,0.04500000178813934,92.31999969482422,1.216000035405159,-0.885830908450983
2021-07-29,17.700000762939453,1.2690000534057617,0.03999999910593033,91.86000061035156,1.2290000542998314,-1.0090996885542838
2021-07-30,18.239999771118164,1.2389999628067017,0.03999999910593033,92.16999816894531,1.1989999637007713,-0.8872873525109858
2021-08-02,19.459999084472656,1.1740000247955322,0.03799999877810478,92.05000305175781,1.1360000260174274,-0.62253626168957
2021-08-03,18.040000915527344,1.1759999990463257,0.04500000178813934,92.08000183105469,1.1309999972581863,-0.9188289346816612
2021-08-04,17.969999313354492,1.184000015258789,0.04500000178813934,92.2699966430664,1.1390000134706497,-0.9274109187759226
2021-08-05,17.280000686645508,1.2170000076293945,0.0430000014603138,92.23999786376953,1.1740000061690807,-1.0669182328750069
2021-08-06,16.149999618530273,1.2899999618530273,0.0430000014603138,92.80000305175781,1.2469999603927135,-1.2968198256029484
2021-08-09,16.719999313354492,1.3170000314712524,0.04500000178813934,92.94999694824219,1.272000029683113,-1.1684833091930873
2021-08-10,16.790000915527344,1.3420000076293945,0.05000000074505806,93.05999755859375,1.2920000068843365,-1.1462313736584797
2021-08-11,16.170000076293945,1.3289999961853027,0.04500000178813934,92.91000366210938,1.2839999943971634,-1.2663476814666261
2021-08-12,15.59000015258789,1.3669999837875366,0.0430000014603138,93.04000091552734,1.3239999823272228,-1.3771545773365022
2021-08-13,15.449999809265137,1.2970000505447388,0.04500000178813934,92.5199966430664,1.2520000487565994,-1.3953980890981184
2021-08-16,16.1200008392334,1.2569999694824219,0.057999998331069946,92.62999725341797,1.198999971151352,-1.2471842545265193
2021-08-17,17.90999984741211,1.2580000162124634,0.06300000101327896,93.12999725341797,1.1950000151991844,-0.8717504218344737
2021-08-18,21.56999969482422,1.2730000019073486,0.054999999701976776,93.13999938964844,1.2180000022053719,-0.11367943327786284
2021-08-19,21.670000076293945,1.2419999837875366,0.0430000014603138,93.56999969482422,1.1989999823272228,-0.0922502562955471
2021-08-20,18.559999465942383,1.2599999904632568,0.0430000014603138,93.5,1.216999989002943,-0.7322657991877554
2021-08-23,17.149999618530273,1.2549999952316284,0.03999999910593033,92.95999908447266,1.214999996125698,-1.0175035190686081
2021-08-24,17.219999313354492,1.2899999618530273,0.04800000041723251,92.88999938964844,1.2419999614357948,-0.9968489982633782
2021-08-25,16.790000915527344,1.3420000076293945,0.04500000178813934,92.83000183105469,1.2970000058412552,-1.078662112278618
2021-08-26,18.84000015258789,1.3420000076293945,0.0430000014603138,93.05999755859375,1.2990000061690807,-0.6530795457788374
2021-08-27,16.389999389648438,1.312000036239624,0.0430000014603138,92.69000244140625,1.2690000347793102,-1.1474149353212002
2021-08-30,16.190000534057617,1.284999966621399,0.03799999877810478,92.6500015258789,1.2469999678432941,-1.1797077914418466
2021-08-31,16.479999542236328,1.3040000200271606,0.03999999910593033,92.62999725341797,1.2640000209212303,-1.1114465592734333
2021-09-01,16.110000610351562,1.3020000457763672,0.03999999910593033,92.44999694824219,1.2620000466704369,-1.1773831468691638
2021-09-02,16.40999984741211,1.2940000295639038,0.03999999910593033,92.2300033569336,1.2540000304579735,-1.1072568747334994
2021-09-03,16.40999984741211,1.3220000267028809,0.03999999910593033,92.04000091552734,1.2820000275969505,-1.1034445854974333
2021-09-07,18.139999389648438,1.3700000047683716,0.03500000014901161,92.5199966430664,1.33500000461936,-0.7414030756134945
2021-09-08,17.959999084472656,1.3339999914169312,0.03999999910593033,92.6500015258789,1.2939999923110008,-0.7729592953794978
2021-09-09,18.799999237060547,1.2990000247955322,0.03799999877810478,92.4800033569336,1.2610000260174274,-0.5918124663499087
2021-09-10,20.950000762939453,1.340999960899353,0.03799999877810478,92.58000183105469,1.3029999621212482,-0.13549947807200946
2021-09-13,19.3700008392334,1.3240000009536743,0.03799999877810478,92.62000274658203,1.2860000021755695,-0.4626345985479087
2021-09-14,19.459999084472656,1.2769999504089355,0.03500000014901161,92.6500015258789,1.241999950259924,-0.43886104461612757
2021-09-15,18.18000030517578,1.3040000200271606,0.03500000014901161,92.48999786376953,1.269000019878149,-0.7032048786992887
2021-09-16,18.690000534057617,1.3309999704360962,0.029999999329447746,92.86000061035156,1.3009999711066484,-0.5899995729325693
2021-09-17,20.809999465942383,1.3700000047683716,0.02800000086426735,93.19999694824219,1.3420000039041042,-0.1372880422838429
2021-09-20,25.709999084472656,1.309000015258789,0.02500000037252903,93.23999786376953,1.28400001488626,0.9012592045271258
2021-09-21,24.360000610351562,1.3240000009536743,0.019999999552965164,93.19999694824219,1.3040000014007092,0.6197842535760267
2021-09-22,20.8700008392334,1.3359999656677246,0.02500000037252903,93.45999908447266,1.3109999652951956,-0.11720872726445343
2021-09-23,18.6299991607666,1.409999966621399,0.02500000037252903,93.0999984741211,1.38499996624887,-0.5884608197176058
2021-09-24,17.75,1.4600000381469727,0.02500000037252903,93.33000183105469,1.4350000377744436,-0.7702760489446725
2021-09-27,18.760000228881836,1.4839999675750732,0.02500000037252903,93.37999725341797,1.4589999672025442,-0.5479046473959023
2021-09-28,23.25,1.534000039100647,0.029999999329447746,93.7699966430664,1.5040000397711992,0.42102844956379476
2021-09-29,22.559999465942383,1.5410000085830688,0.029999999329447746,94.33999633789062,1.511000009253621,0.2761227732235385
2021-09-30,23.139999389648438,1.5290000438690186,0.02800000086426735,94.25,1.5010000430047512,0.40497546941587687
2021-10-01,21.100000381469727,1.4789999723434448,0.02800000086426735,94.04000091552734,1.4509999714791775,-0.03172041378975211
2021-10-04,22.959999084472656,1.4809999465942383,0.02800000086426735,93.80999755859375,1.452999945729971,0.377227656165662
2021-10-05,21.299999237060547,1.5290000438690186,0.03500000014901161,93.9800033569336,1.494000043720007,0.0216006001481422
2021-10-06,21.0,1.5240000486373901,0.03999999910593033,94.2699966430664,1.4840000495314598,-0.036891818980950404
2021-10-07,19.540000915527344,1.5709999799728394,0.03999999910593033,94.22000122070312,1.530999980866909,-0.35240012024392986
2021-10-08,18.770000457763672,1.6050000190734863,0.03999999910593033,94.06999969482422,1.565000019967556,-0.5171030161445045
2021-10-11,20.0,1.6139999628067017,0.03999999910593033,94.31999969482422,1.5739999637007713,-0.2404874528034139
2021-10-12,19.850000381469727,1.5800000429153442,0.03999999910593033,94.5199966430664,1.540000043809414,-0.26955766605871107
2021-10-13,18.639999389648438,1.5490000247955322,0.04500000178813934,94.08000183105469,1.5040000230073929,-0.5328949865051872
2021-10-14,16.860000610351562,1.5190000534057617,0.03999999910593033,93.95999908447266,1.4790000542998314,-0.9218209484646235
2021-10-15,16.299999237060547,1.5759999752044678,0.03799999877810478,93.94000244140625,1.537999976426363,-1.0386522279128172
2021-10-18,16.309999465942383,1.5839999914169312,0.0430000014603138,93.94999694824219,1.5409999899566174,-1.028695371689427
2021-10-19,15.699999809265137,1.6349999904632568,0.05000000074505806,93.79000091552734,1.5849999897181988,-1.1580193113420467
2021-10-20,15.489999771118164,1.6360000371932983,0.05000000074505806,93.55999755859375,1.5860000364482403,-1.1981566197900277
2021-10-21,15.010000228881836,1.6759999990463257,0.05000000074505806,93.7699966430664,1.6259999983012676,-1.298032879597093
2021-10-22,15.430000305175781,1.6549999713897705,0.05000000074505806,93.61000061035156,1.6049999706447124,-1.1948601501051497
2021-10-25,15.239999771118164,1.6349999904632568,0.05000000074505806,93.80999755859375,1.5849999897181988,-1.2291304282192554
2021-10-26,15.979999542236328,1.61899995803833,0.05000000074505806,93.94999694824219,1.568999957293272,-1.059097576634642
2021-10-27,16.979999542236328,1.5290000438690186,0.05000000074505806,93.86000061035156,1.4790000431239605,-0.8273140434509768
2021-10-28,16.530000686645508,1.5679999589920044,0.04800000041723251,93.3499984741211,1.5199999585747719,-0.9503913138927527
2021-10-29,16.260000228881836,1.5570000410079956,0.04800000041723251,94.12000274658203,1.509000040590763,-1.0303807158117992
2021-11-01,16.40999984741211,1.5750000476837158,0.03999999910593033,93.87999725341797,1.5350000485777855,-1.0099839032974636
2021-11-02,16.030000686645508,1.5490000247955322,0.04500000178813934,94.08999633789062,1.5040000230073929,-1.130474765351649
2021-11-03,15.100000381469727,1.5789999961853027,0.04500000178813934,93.86000061035156,1.5339999943971634,-1.4075121428513437
2021-11-04,15.4399995803833,1.5240000486373901,0.03500000014901161,94.3499984741211,1.4890000484883785,-1.3101848560713913
2021-11-05,16.479999542236328,1.4529999494552612,0.03999999910593033,94.31999969482422,1.412999950349331,-1.008221813729073
2021-11-08,17.219999313354492,1.496999979019165,0.03500000014901161,94.05000305175781,1.4619999788701534,-0.7889221261436288
2021-11-09,17.780000686645508,1.4320000410079956,0.03999999910593033,93.95999908447266,1.3920000419020653,-0.6214016458542657
2021-11-10,18.729999542236328,1.559999942779541,0.04500000178813934,94.8499984741211,1.5149999409914017,-0.3405758955598397
2021-11-11,17.65999984741211,1.559999942779541,0.03999999910593033,95.18000030517578,1.5199999436736107,-0.645789429819335
2021-11-12,16.290000915527344,1.5820000171661377,0.0430000014603138,95.12999725341797,1.539000015705824,-1.0371559953134457
2021-11-15,16.489999771118164,1.6230000257492065,0.03799999877810478,95.41000366210938,1.5850000269711018,-0.9710352015837597
2021-11-16,16.3700008392334,1.6339999437332153,0.03999999910593033,95.91999816894531,1.593999944627285,-0.9982098356913306
2021-11-17,17.110000610351562,1.6039999723434448,0.04500000178813934,95.83000183105469,1.5589999705553055,-0.776073704337902
2021-11-18,17.59000015258789,1.5889999866485596,0.04500000178813934,95.54000091552734,1.5439999848604202,-0.6300764012715167
2021-11-19,17.90999984741211,1.5360000133514404,0.04500000178813934,96.06999969482422,1.491000011563301,-0.5312225777363814
2021-11-22,19.170000076293945,1.625,0.03999999910593033,96.5,1.5850000008940697,-0.15751623222646002
2021-11-23,19.3799991607666,1.6670000553131104,0.04500000178813934,96.48999786376953,1.622000053524971,-0.09219169859565214
2021-11-24,18.579999923706055,1.6449999809265137,0.05000000074505806,96.83999633789062,1.5949999801814556,-0.3239400337616258
2021-11-26,28.6200008392334,1.4819999933242798,0.0430000014603138,96.08999633789062,1.438999991863966,2.586025072884614
2021-11-29,22.959999084472656,1.5299999713897705,0.03799999877810478,96.33999633789062,1.4919999726116657,0.9392418838786849
2021-11-30,27.190000534057617,1.4429999589920044,0.04800000041723251,95.98999786376953,1.3949999585747719,2.1379769160615476
2021-12-01,31.1200008392334,1.434000015258789,0.05000000074505806,96.05000305175781,1.384000014513731,3.1885039155680808
2021-12-02,27.950000762939453,1.4479999542236328,0.0430000014603138,96.12999725341797,1.404999952763319,2.2661608407940275
2021-12-03,30.670000076293945,1.343000054359436,0.0430000014603138,96.12000274658203,1.3000000528991222,2.9610173520741983
2021-12-06,27.18000030517578,1.434000015258789,0.0430000014603138,96.29000091552734,1.3910000137984753,1.98341572633797
2021-12-07,21.889999389648438,1.4800000190734863,0.057999998331069946,96.37000274658203,1.4220000207424164,0.5461087193831405
2021-12-08,19.899999618530273,1.5089999437332153,0.05999999865889549,95.88999938964844,1.4489999450743198,0.006722671923892381
2021-12-09,21.579999923706055,1.4869999885559082,0.05299999937415123,96.2699966430664,1.433999989181757,0.4637731449545136
2021-12-10,18.690000534057617,1.4889999628067017,0.05000000074505806,96.05000305175781,1.4389999620616436,-0.31731448012583235
2021-12-13,20.309999465942383,1.4240000247955322,0.0430000014603138,96.31999969482422,1.3810000233352184,0.12651478783458184
2021-12-14,21.889999389648438,1.437999963760376,0.04800000041723251,96.56999969482422,1.3899999633431435,0.5614476027501057
2021-12-15,19.290000915527344,1.4630000591278076,0.04500000178813934,96.51000213623047,1.4180000573396683,-0.14490605930634656
2021-12-16,20.56999969482422,1.4220000505447388,0.03500000014901161,96.04000091552734,1.3870000503957272,0.2074342209234618
2021-12-17,21.56999969482422,1.4019999504089355,0.029999999329447746,96.56999969482422,1.3719999510794878,0.4816659202890054
2021-12-20,22.8700008392334,1.4190000295639038,0.03799999877810478,96.55000305175781,1.381000030785799,0.835410063395266
2021-12-21,21.010000228881836,1.4869999885559082,0.06499999761581421,96.48999786376953,1.421999990940094,0.3324775833520799
2021-12-22,18.6299991607666,1.4570000171661377,0.06499999761581421,96.08000183105469,1.3920000195503235,-0.31597879832693726
2021-12-23,17.959999084472656,1.4930000305175781,0.057999998331069946,96.0199966430664,1.4350000321865082,-0.4953588077530124
2021-12-27,17.68000030517578,1.4809999465942383,0.0430000014603138,96.08999633789062,1.4379999451339245,-0.5682757052000752
2021-12-28,17.540000915527344,1.4809999465942383,0.05000000074505806,96.19999694824219,1.4309999458491802,-0.602244460925462
2021-12-29,16.950000762939453,1.5429999828338623,0.04500000178813934,95.93000030517578,1.497999981045723,-0.7586402322232496
2021-12-30,17.329999923706055,1.5149999856948853,0.02500000037252903,95.97000122070312,1.4899999853223562,-0.6482376662172771
2021-12-31,17.219999313354492,1.5119999647140503,0.032999999821186066,95.66999816894531,1.4789999648928642,-0.6729037527675327
2022-01-03,16.600000381469727,1.628000020980835,0.05299999937415123,96.23999786376953,1.5750000216066837,-0.8384736670458924
2022-01-04,16.90999984741211,1.6679999828338623,0.07999999821186066,96.29000091552734,1.5879999846220016,-0.745930079418913
2022-01-05,19.729999542236328,1.7050000429153442,0.08500000089406967,96.19000244140625,1.6200000420212746,0.04751905822725645
2022-01-06,19.610000610351562,1.7330000400543213,0.09000000357627869,96.25,1.6430000364780426,0.016951820168238856
2022-01-07,18.760000228881836,1.7710000276565552,0.08799999952316284,95.73999786376953,1.6830000281333923,-0.21877358834675056
2022-01-10,19.399999618530273,1.7799999713897705,0.09000000357627869,95.98999786376953,1.6899999678134918,-0.03382017872070132
2022-01-11,18.40999984741211,1.746000051498413,0.11800000071525574,95.62000274658203,1.6280000507831573,-0.30807709913335984
2022-01-12,17.6200008392334,1.725000023841858,0.11500000208616257,95.0,1.6100000217556953,-0.5264523007831647
2022-01-13,20.309999465942383,1.7109999656677246,0.10999999940395355,94.79000091552734,1.600999966263771,0.2378252498537227
2022-01-14,19.190000534057617,1.7719999551773071,0.11800000071525574,95.16999816894531,1.6539999544620514,-0.07397623188033682
2022-01-18,22.790000915527344,1.8650000095367432,0.12999999523162842,95.7300033569336,1.7350000143051147,0.9508431027530095
2022-01-19,23.850000381469727,1.8270000219345093,0.16500000655651093,95.51000213623047,1.6620000153779984,1.246918926883162
2022-01-20,25.59000015258789,1.8329999446868896,0.1679999977350235,95.73999786376953,1.6649999469518661,1.7266166036402446
2022-01-21,28.850000381469727,1.746999979019165,0.15800000727176666,95.63999938964844,1.5889999717473984,2.605602832367566
2022-01-24,29.899999618530273,1.7350000143051147,0.1550000011920929,95.91999816894531,1.5800000131130219,2.8495413860970356
2022-01-25,31.15999984741211,1.7829999923706055,0.1850000023841858,95.94999694824219,1.5979999899864197,3.1295640848591795
2022-01-26,31.959999084472656,1.8480000495910645,0.17800000309944153,96.48999786376953,1.670000046491623,3.430482237676967
2022-01-27,30.489999771118164,1.8070000410079956,0.1850000023841858,97.26000213623047,1.6220000386238098,3.021376667029582
2022-01-28,27.65999984741211,1.781999945640564,0.17299999296665192,97.2699966430664,1.608999952673912,2.2876226130304476
2022-01-31,24.829999923706055,1.781999945640564,0.17299999296665192,96.54000091552734,1.608999952673912,1.5192771927007223
2022-02-01,21.959999084472656,1.7999999523162842,0.2029999941587448,96.38999938964844,1.5969999581575394,0.709113523958169
2022-02-02,22.09000015258789,1.7660000324249268,0.1850000023841858,95.94000244140625,1.581000030040741,0.7478778326977293
2022-02-03,24.350000381469727,1.8270000219345093,0.19300000369548798,95.37999725341797,1.6340000182390213,1.3884657544540153
2022-02-04,23.219999313354492,1.9299999475479126,0.22300000488758087,95.4800033569336,1.7069999426603317,1.06085534412826
2022-02-07,22.860000610351562,1.9160000085830688,0.2029999941587448,95.4000015258789,1.713000014424324,0.9550819918860743
2022-02-08,21.440000534057617,1.9539999961853027,0.2750000059604645,95.63999938964844,1.6789999902248383,0.5509510379426443
2022-02-09,19.959999084472656,1.9290000200271606,0.27000001072883606,95.48999786376953,1.6590000092983246,0.13181787613327173
2022-02-10,23.90999984741211,2.0309998989105225,0.3700000047683716,95.55000305175781,1.6609998941421509,1.2516797492915461
2022-02-11,27.360000610351562,1.9550000429153442,0.33799999952316284,96.08000183105469,1.6170000433921814,2.202758255664192
2022-02-14,28.329999923706055,1.996000051498413,0.36000001430511475,96.37000274658203,1.6360000371932983,2.440089593580249
2022-02-15,25.700000762939453,2.0450000762939453,0.4000000059604645,95.98999786376953,1.6450000703334808,1.6944751459349223
2022-02-16,24.290000915527344,2.046999931335449,0.37299999594688416,95.69999694824219,1.673999935388565,1.2992933106766789
2022-02-17,28.110000610351562,1.972000002861023,0.3449999988079071,95.80000305175781,1.6270000040531158,2.3249825270267417
2022-02-18,27.75,1.9320000410079956,0.3179999887943268,96.04000091552734,1.6140000522136688,2.2049695234322746
2022-02-22,28.809999465942383,1.9479999542236328,0.33000001311302185,96.02999877929688,1.617999941110611,2.460758417553035
2022-02-23,31.020000457763672,1.9769999980926514,0.3400000035762787,96.19000244140625,1.6369999945163727,2.990568950847663
2022-02-24,30.31999969482422,1.968999981880188,0.28299999237060547,97.13999938964844,1.6859999895095825,2.793323443331615
2022-02-25,27.59000015258789,1.9859999418258667,0.2980000078678131,96.62000274658203,1.6879999339580536,2.0775468658977947
2022-02-28,30.149999618530273,1.8389999866485596,0.2879999876022339,96.70999908447266,1.5509999990463257,2.708556263867495
2022-03-01,33.31999969482422,1.7070000171661377,0.31299999356269836,97.41000366210938,1.3940000236034393,3.4466435943575973
2022-03-02,30.739999771118164,1.8650000095367432,0.32499998807907104,97.38999938964844,1.5400000214576721,2.761101580369932
2022-03-03,30.479999542236328,1.843999981880188,0.33500000834465027,97.79000091552734,1.5089999735355377,2.6811452399277846
2022-03-04,31.979999542236328,1.7239999771118164,0.3050000071525574,98.6500015258789,1.418999969959259,3.0032764229728612
2022-03-07,36.45000076293945,1.7510000467300415,0.3050000071525574,99.29000091552734,1.4460000395774841,3.9794518068659923
2022-03-08,35.130001068115234,1.871999979019165,0.36000001430511475,99.05999755859375,1.5119999647140503,3.56544168328177
2022-03-09,32.45000076293945,1.9479999542236328,0.3700000047683716,97.97000122070312,1.5779999494552612,2.882062522221898
2022-03-10,30.229999542236328,2.010999917984009,0.36000001430511475,98.51000213623047,1.650999903678894,2.338071467829723
2022-03-11,30.75,2.003999948501587,0.36500000953674316,99.12000274658203,1.6389999389648438,2.418808288311992
2022-03-14,31.770000457763672,2.140000104904175,0.3779999911785126,99.05999755859375,1.7620001137256622,2.6020904724963154
2022-03-15,29.829999923706055,2.1600000858306885,0.4480000138282776,99.06999969482422,1.7120000720024109,2.1423093372681636
2022-03-16,26.670000076293945,2.187999963760376,0.43299999833106995,98.37999725341797,1.754999965429306,1.4343944387562066
2022-03-17,25.670000076293945,2.191999912261963,0.36000001430511475,98.01000213623047,1.8319998979568481,1.2083092048832103
2022-03-18,23.8700008392334,2.1480000019073486,0.382999986410141,98.2300033569336,1.7650000154972076,0.8112181834453516
2022-03-21,23.530000686645508,2.315000057220459,0.45500001311302185,98.5,1.8600000441074371,0.7322741871798752
2022-03-22,22.940000534057617,2.372999906539917,0.5199999809265137,98.48999786376953,1.8529999256134033,0.6008422769729695
2022-03-23,23.56999969482422,2.321000099182129,0.47999998927116394,98.62000274658203,1.841000109910965,0.7354076710111931
2022-03-24,21.670000076293945,2.3410000801086426,0.4830000102519989,98.79000091552734,1.8580000698566437,0.3199459744091826
2022-03-25,20.809999465942383,2.492000102996826,0.5199999809265137,98.80999755859375,1.9720001220703125,0.13101859724698386
2022-03-28,19.6299991607666,2.4769999980926514,0.5080000162124634,99.08999633789062,1.968999981880188,-0.12499499697589382
2022-03-29,18.899999618530273,2.4000000953674316,0.5550000071525574,98.4000015258789,1.8450000882148743,-0.28331963518394526
2022-03-30,19.329999923706055,2.3580000400543213,0.5249999761581421,97.79000091552734,1.8330000638961792,-0.189626482790783
2022-03-31,20.559999465942383,2.3269999027252197,0.49300000071525574,98.30999755859375,1.833999902009964,0.07546448070847696
2022-04-01,19.6299991607666,2.377000093460083,0.5,98.62999725341797,1.877000093460083,-0.12874063202518427
2022-04-04,18.56999969482422,2.4119999408721924,0.5379999876022339,98.98999786376953,1.8739999532699585,-0.36028177208953777
2022-04-05,21.030000686645508,2.555999994277954,0.6679999828338623,99.47000122070312,1.8880000114440918,0.17291281363026362
2022-04-06,22.100000381469727,2.6089999675750732,0.6629999876022339,99.5999984741211,1.9459999799728394,0.4022432578146947
2022-04-07,21.549999237060547,2.6519999504089355,0.6600000262260437,99.75,1.9919999241828918,0.278214942920264
2022-04-08,21.15999984741211,2.7130000591278076,0.6679999828338623,99.80000305175781,2.0450000762939453,0.18945965929656464
2022-04-11,24.3700008392334,2.7799999713897705,0.6800000071525574,99.93000030517578,2.099999964237213,0.8849639001266932
2022-04-12,24.260000228881836,2.7249999046325684,0.7379999756813049,100.29000091552734,1.9869999289512634,0.8542490193002735
2022-04-13,21.81999969482422,2.687000036239624,0.7400000095367432,99.87999725341797,1.9470000267028809,0.31646788908912654
2022-04-14,22.700000762939453,2.828000068664551,0.7480000257492065,100.31999969482422,2.0800000429153442,0.5041007776258649
2022-04-18,22.170000076293945,2.861999988555908,0.7549999952316284,100.77999877929688,2.10699999332428,0.3839295600547927
2022-04-19,21.3700008392334,2.9130001068115234,0.8330000042915344,100.95999908447266,2.080000102519989,0.20616808199367248
2022-04-20,20.31999969482422,2.8399999141693115,0.7950000166893005,100.38999938964844,2.044999897480011,-0.026651613949938997
2022-04-21,22.68000030517578,2.9170000553131104,0.800000011920929,100.58000183105469,2.1170000433921814,0.48794818680056856
2022-04-22,28.209999084472656,2.9059998989105225,0.7799999713897705,101.22000122070312,2.125999927520752,1.684340826029289
2022-04-25,27.020000457763672,2.8259999752044678,0.7979999780654907,101.75,2.027999997138977,1.4116759336463154
2022-04-26,33.52000045776367,2.7720000743865967,0.8330000042915344,102.30000305175781,1.9390000700950623,2.7721344222784583
2022-04-27,31.600000381469727,2.818000078201294,0.8080000281333923,102.94999694824219,2.0100000500679016,2.3247990377991643
2022-04-28,29.989999771118164,2.86299991607666,0.7850000262260437,103.62000274658203,2.0779998898506165,1.9587517641035295
2022-04-29,33.400001525878906,2.88700008392334,0.8080000281333923,102.95999908447266,2.0790000557899475,2.6297778623692367
2022-05-02,32.34000015258789,2.996000051498413,0.7649999856948853,103.73999786376953,2.231000065803528,2.3716725271739563
2022-05-03,29.25,2.9600000381469727,0.8949999809265137,103.47000122070312,2.065000057220459,1.717512778272216
2022-05-04,25.420000076293945,2.9170000553131104,0.8330000042915344,102.58999633789062,2.084000051021576,0.9270159567195277
2022-05-05,31.200000762939453,3.065999984741211,0.8029999732971191,103.75,2.263000011444092,2.080927952808148
2022-05-06,30.190000534057617,3.122999906539917,0.8149999976158142,103.66000366210938,2.307999908924103,1.8551729065687488
2022-05-09,34.75,3.0789999961853027,0.800000011920929,103.6500015258789,2.278999984264374,2.721699951629173
2022-05-10,32.9900016784668,2.993000030517578,0.878000020980835,103.91999816894531,2.115000009536743,2.337433078464746
2022-05-11,32.560001373291016,2.9210000038146973,0.8830000162124634,103.8499984741211,2.037999987602234,2.233805173305371
2022-05-12,31.770000457763672,2.816999912261963,0.9049999713897705,104.8499984741211,1.9119999408721924,2.055987435041548
2022-05-13,28.8700008392334,2.934999942779541,0.9430000185966492,104.55999755859375,1.9919999241828918,1.481040344772251
2022-05-16,27.469999313354492,2.877000093460083,0.9800000190734863,104.19000244140625,1.8970000743865967,1.2019300966505477
2022-05-17,26.100000381469727,2.9679999351501465,1.0379999876022339,103.36000061035156,1.9299999475479126,0.9332887156776017
2022-05-18,30.959999084472656,2.885999917984009,1.003000020980835,103.80999755859375,1.8829998970031738,1.8467002500128227
2022-05-19,29.350000381469727,2.8550000190734863,1.0,102.72000122070312,1.8550000190734863,1.526129342253223
2022-05-20,29.43000030517578,2.7869999408721924,0.9779999852180481,103.1500015258789,1.8089999556541443,1.5272931149751159
2022-05-23,28.479999542236328,2.8589999675750732,0.9929999709129333,102.08000183105469,1.86599999666214,1.3363527025412854
2022-05-24,29.450000762939453,2.759999990463257,1.0429999828338623,101.86000061035156,1.7170000076293945,1.5049061154969339
2022-05-25,28.3700008392334,2.749000072479248,1.0449999570846558,102.05999755859375,1.7040001153945923,1.2913577293979193
2022-05-26,27.5,2.75600004196167,1.027999997138977,101.83000183105469,1.7280000448226929,1.1195137296344615
2022-05-27,25.719999313354492,2.743000030517578,1.024999976158142,101.66999816894531,1.718000054359436,0.7803855412152809
2022-05-31,26.190000534057617,2.8440001010894775,1.0299999713897705,101.75,1.814000129699707,0.8616506620902032
2022-06-01,25.690000534057617,2.930999994277954,1.1030000448226929,102.55000305175781,1.8279999494552612,0.7621166071286485
2022-06-02,24.719999313354492,2.9130001068115234,1.1130000352859497,101.7699966430664,1.8000000715255737,0.5759893251328169
2022-06-03,24.790000915527344,2.9570000171661377,1.1349999904632568,102.13999938964844,1.8220000267028809,0.5835819658768991
2022-06-06,25.06999969482422,3.0380001068115234,1.159999966621399,102.44000244140625,1.8780001401901245,0.6302871778246276
2022-06-07,24.020000457763672,2.9719998836517334,1.225000023841858,102.31999969482422,1.7469998598098755,0.4288422138061744
2022-06-08,23.959999084472656,3.0290000438690186,1.2330000400543213,102.54000091552734,1.7960000038146973,0.4133552354659808
2022-06-09,26.09000015258789,3.0439999103546143,1.2380000352859497,103.22000122070312,1.8059998750686646,0.8065791345673895
2022-06-10,27.75,3.1559998989105225,1.2879999876022339,104.1500015258789,1.8679999113082886,1.1097390359493373
2022-06-13,34.02000045776367,3.365999937057495,1.4980000257492065,105.08000183105469,1.8679999113082886,2.2565756679477835
2022-06-14,32.689998626708984,3.4830000400543213,1.7430000305175781,105.5199966430664,1.7400000095367432,1.9845464265476125
2022-06-15,29.6200008392334,3.3949999809265137,1.6950000524520874,105.16000366210938,1.6999999284744263,1.4032084246207146
2022-06-16,32.95000076293945,3.306999921798706,1.4830000400543213,103.62999725341797,1.8239998817443848,1.993652561355339
2022-06-17,31.1299991607666,3.239000082015991,1.5099999904632568,104.69999694824219,1.7290000915527344,1.6433977550699057
2022-06-21,30.190000534057617,3.306999921798706,1.4880000352859497,104.44000244140625,1.8189998865127563,1.458442607505072
2022-06-22,28.950000762939453,3.1559998989105225,1.5449999570846558,104.19999694824219,1.6109999418258667,1.222756856636956
2022-06-23,29.049999237060547,3.068000078201294,1.559999942779541,104.43000030517578,1.508000135421753,1.2308504557167175
2022-06-24,27.229999542236328,3.125,1.5980000495910645,104.19000244140625,1.5269999504089355,0.8930830569857241
2022-06-27,26.950000762939453,3.194000005722046,1.6330000162124634,103.94000244140625,1.5609999895095825,0.8353157597553831
2022-06-28,28.360000610351562,3.2060000896453857,1.7380000352859497,104.51000213623047,1.468000054359436,1.0835734668893096
2022-06-29,28.15999984741211,3.0929999351501465,1.7050000429153442,105.11000061035156,1.3879998922348022,1.038933525640123
2022-06-30,28.709999084472656,2.9719998836517334,1.600000023841858,104.69000244140625,1.3719998598098755,1.1303030048029223
2022-07-01,26.700000762939453,2.8889999389648438,1.6030000448226929,105.13999938964844,1.2859998941421509,0.7572359894409508
2022-07-05,27.540000915527344,2.809000015258789,1.6299999952316284,106.5,1.1790000200271606,0.9036341606830025
2022-07-06,26.729999542236328,2.9130001068115234,1.840000033378601,107.0999984741211,1.0730000734329224,0.7488712896310508
2022-07-07,26.079999923706055,3.007999897003174,1.8530000448226929,107.12999725341797,1.154999852180481,0.6237193258185426
2022-07-08,24.639999389648438,3.1010000705718994,1.843000054359436,107.01000213623047,1.2580000162124634,0.35518164195708996
2022-07-11,26.170000076293945,2.990999937057495,1.9529999494552612,108.0199966430664,1.0379999876022339,0.6306007662799398
2022-07-12,27.290000915527344,2.9579999446868896,2.11299991607666,108.06999969482422,0.8450000286102295,0.8301858821546945
2022-07-13,26.81999969482422,2.9040000438690186,2.322999954223633,107.95999908447266,0.5810000896453857,0.7371406967574434
2022-07-14,26.399999618530273,2.9600000381469727,2.2730000019073486,108.54000091552734,0.687000036239624,0.6534741573322217
2022-07-15,24.229999542236328,2.930000066757202,2.240000009536743,108.05999755859375,0.690000057220459,0.24689735644026423
2022-07-18,25.299999237060547,2.9600000381469727,2.259999990463257,107.37000274658203,0.7000000476837158,0.440861475959627
2022-07-19,24.5,3.0190000534057617,2.450000047683716,106.68000030517578,0.5690000057220459,0.29072677948225323
2022-07-20,23.8799991607666,3.0360000133514404,2.378000020980835,107.08000183105469,0.6579999923706055,0.17262131642218992
2022-07-21,23.110000610351562,2.9100000858306885,2.359999895095825,106.91000366210938,0.5500001907348633,0.02571907081157642
2022-07-22,23.030000686645508,2.7829999923706055,2.3550000190734863,106.7300033569336,0.42799997329711914,0.006892047341687687
2022-07-25,23.360000610351562,2.819999933242798,2.3929998874664307,106.4800033569336,0.4270000457763672,0.06404218092304759
2022-07-26,24.690000534057617,2.7869999408721924,2.4749999046325684,107.19000244140625,0.312000036239624,0.308034628404023
2022-07-27,23.239999771118164,2.7339999675750732,2.382999897003174,106.44999694824219,0.3510000705718994,0.03354426910717233
2022-07-28,22.329999923706055,2.680999994277954,2.308000087738037,106.3499984741211,0.372999906539917,-0.14030289097993354
2022-07-29,21.329999923706055,2.6419999599456787,2.2980000972747803,105.9000015258789,0.34399986267089844,-0.33141795348442504
2022-08-01,22.84000015258789,2.6059999465942383,2.265000104904175,105.44999694824219,0.3409998416900635,-0.050832374964720164
2022-08-02,23.93000030517578,2.740999937057495,2.4630000591278076,106.23999786376953,0.2779998779296875,0.15138467509798806
2022-08-03,21.950000762939453,2.747999906539917,2.427999973297119,106.51000213623047,0.31999993324279785,-0.2254260076374813
2022-08-04,21.440000534057617,2.6760001182556152,2.378000020980835,105.69000244140625,0.2980000972747803,-0.3249512436995127
2022-08-05,21.149999618530273,2.8399999141693115,2.4100000858306885,106.62000274658203,0.42999982833862305,-0.3835882104677531
2022-08-08,21.290000915527344,2.765000104904175,2.4600000381469727,106.44000244140625,0.30500006675720215,-0.36209216329462923
2022-08-09,21.770000457763672,2.796999931335449,2.569999933242798,106.37000274658203,0.22699999809265137,-0.2753458521261528
2022-08-10,19.739999771118164,2.7860000133514404,2.5350000858306885,105.19999694824219,0.25099992752075195,-0.6664734632442328
2022-08-11,20.200000762939453,2.888000011444092,2.490000009536743,105.08999633789062,0.39800000190734863,-0.5832745817797473
2022-08-12,19.530000686645508,2.8489999771118164,2.5,105.62999725341797,0.3489999771118164,-0.7171755879809171
2022-08-15,19.950000762939453,2.7909998893737793,2.513000011444092,106.55000305175781,0.2779998779296875,-0.6421470548732537
2022-08-16,19.690000534057617,2.8239998817443848,2.5980000495910645,106.5,0.2259998321533203,-0.6971087129549719
2022-08-17,19.899999618530273,2.8929998874664307,2.568000078201294,106.56999969482422,0.3249998092651367,-0.6588112410541935
2022-08-18,19.559999465942383,2.880000114440918,2.565000057220459,107.4800033569336,0.315000057220459,-0.7226328637590931
2022-08-19,20.600000381469727,2.989000082015991,2.5799999237060547,108.16999816894531,0.4090001583099365,-0.5200277713301927
2022-08-22,23.799999237060547,3.0369999408721924,2.6480000019073486,109.05000305175781,0.38899993896484375,0.09620453039697144
2022-08-23,24.110000610351562,3.053999900817871,2.703000068664551,108.62000274658203,0.3509998321533203,0.15144196283694467
2022-08-24,22.81999969482422,3.1059999465942383,2.7130000591278076,108.68000030517578,0.39299988746643066,-0.10427741328831605
2022-08-25,21.780000686645508,3.0260000228881836,2.7300000190734863,108.47000122070312,0.29600000381469727,-0.31211693212110686
2022-08-26,25.559999465942383,3.0350000858306885,2.755000114440918,108.80000305175781,0.2799999713897705,0.42332600315669067
2022-08-29,26.209999084472656,3.109999895095825,2.7980000972747803,108.83999633789062,0.3119997978210449,0.544855764839475
2022-08-30,26.209999084472656,3.109999895095825,2.872999906539917,108.7699966430664,0.2369999885559082,0.5389192400642537
2022-08-31,25.8700008392334,3.132999897003174,2.859999895095825,108.69999694824219,0.27300000190734863,0.4660422235815212
2022-09-01,25.559999465942383,3.265000104904175,2.86299991607666,109.69000244140625,0.40200018882751465,0.3988181998756092
2022-09-02,25.469999313354492,3.193000078201294,2.819999933242798,109.52999877929688,0.3730001449584961,0.37518700906172564
2022-09-06,26.90999984741211,3.3399999141693115,2.8450000286102295,110.20999908447266,0.49499988555908203,0.6564042212420582
2022-09-07,24.639999389648438,3.265000104904175,2.933000087738037,109.83999633789062,0.3320000171661377,0.1971742906863632
2022-09-08,23.610000610351562,3.2920000553131104,2.950000047683716,109.70999908447266,0.34200000762939453,-0.014085956388958971
2022-09-09,22.790000915527344,3.321000099182129,2.9679999351501465,109.0,0.3530001640319824,-0.18262062579202937
2022-09-12,23.8700008392334,3.361999988555908,2.994999885559082,108.33000183105469,0.36700010299682617,0.03279705223414367
2022-09-13,27.270000457763672,3.421999931335449,3.1530001163482666,109.81999969482422,0.2689998149871826,0.7127180285435208
2022-09-14,26.15999984741211,3.4119999408721924,3.128000020980835,109.66000366210938,0.2839999198913574,0.48381321304589237
2022-09-15,26.270000457763672,3.4590001106262207,3.0950000286102295,109.73999786376953,0.3640000820159912,0.5005776972957671
2022-09-16,26.299999237060547,3.447999954223633,3.069999933242798,109.76000213623047,0.37800002098083496,0.5013588469988486
2022-09-19,25.760000228881836,3.490000009536743,3.0350000858306885,109.73999786376953,0.4549999237060547,0.3880445765153085
2022-09-20,27.15999984741211,3.571000099182129,3.243000030517578,110.22000122070312,0.3280000686645508,0.6704944674978649
2022-09-21,27.989999771118164,3.509999990463257,3.190000057220459,110.63999938964844,0.31999993324279785,0.8347113148192937
2022-09-22,27.350000381469727,3.7079999446868896,3.130000114440918,111.3499984741211,0.5779998302459717,0.699750829891435
2022-09-23,29.920000076293945,3.697000026702881,3.1080000400543213,113.19000244140625,0.5889999866485596,1.2101147770988412
2022-09-26,32.2599983215332,3.878000020980835,3.1649999618530273,114.0999984741211,0.7130000591278076,1.6677384507444306
2022-09-27,32.599998474121094,3.9639999866485596,3.25,114.11000061035156,0.7139999866485596,1.718883230387558
2022-09-28,30.18000030517578,3.7049999237060547,3.2300000190734863,112.5999984741211,0.47499990463256836,1.2231999637370143
2022-09-29,31.84000015258789,3.746999979019165,3.2179999351501465,112.25,0.5290000438690186,1.5414870013852189
2022-09-30,31.6200008392334,3.803999900817871,3.180000066757202,112.12000274658203,0.623999834060669,1.4844013957785762
2022-10-03,30.100000381469727,3.6510000228881836,3.1500000953674316,111.75,0.500999927520752,1.172943911588033
2022-10-04,29.06999969482422,3.617000102996826,3.315000057220459,110.06999969482422,0.3020000457763672,0.9622431015286236
2022-10-05,28.549999237060547,3.759000062942505,3.2929999828338623,111.06999969482422,0.4660000801086426,0.8529487452054448
2022-10-06,30.520000457763672,3.8259999752044678,3.2880001068115234,112.26000213623047,0.5379998683929443,1.2323395365490186
2022-10-07,31.360000610351562,3.882999897003174,3.2929999828338623,112.80000305175781,0.5899999141693115,1.3859182313143679
2022-10-10,32.45000076293945,3.888000011444092,3.2850000858306885,113.13999938964844,0.6029999256134033,1.5856464844840203
2022-10-11,33.630001068115234,3.938999891281128,3.3399999141693115,113.22000122070312,0.5989999771118164,1.7977095438992925
2022-10-12,33.56999969482422,3.9019999504089355,3.5329999923706055,113.31999969482422,0.3689999580383301,1.7670574644840622
2022-10-13,31.940000534057617,3.9519999027252197,3.5829999446868896,112.36000061035156,0.3689999580383301,1.4375214418791273
2022-10-14,32.02000045776367,4.010000228881836,3.628000020980835,113.30999755859375,0.382000207901001,1.4417933552058704
2022-10-17,31.3700008392334,4.014999866485596,3.687999963760376,112.04000091552734,0.3269999027252197,1.3062622890962219
2022-10-18,30.5,3.997999906539917,3.8329999446868896,112.12999725341797,0.16499996185302734,1.129102836706419
2022-10-19,30.760000228881836,4.126999855041504,3.8929998874664307,112.9800033569336,0.23399996757507324,1.172237034818506
2022-10-20,29.979999542236328,4.22599983215332,3.890000104904175,112.87999725341797,0.3359997272491455,1.0128888423885272
2022-10-21,29.690000534057617,4.2129998207092285,3.884999990463257,112.01000213623047,0.3279998302459717,0.9497933022749218
2022-10-24,29.850000381469727,4.234000205993652,3.9130001068115234,111.98999786376953,0.3210000991821289,0.9751347869008891
2022-10-25,28.459999084472656,4.107999801635742,3.9649999141693115,110.94999694824219,0.14299988746643066,0.6928023867797067
2022-10-26,27.280000686645508,4.014999866485596,3.930000066757202,109.69999694824219,0.08499979972839355,0.4503900061300103
2022-10-27,27.389999389648438,3.937000036239624,3.930000066757202,110.58999633789062,0.006999969482421875,0.4664897059477537
2022-10-28,25.75,4.010000228881836,3.9700000286102295,110.66999816894531,0.040000200271606445,0.12793274077232752
2022-10-31,25.8799991607666,4.077000141143799,3.9749999046325684,111.52999877929688,0.10200023651123047,0.1475864930369038
2022-11-01,25.809999465942383,4.052000045776367,4.050000190734863,111.4800033569336,0.0019998550415039062,0.12640807831137904
2022-11-02,25.860000610351562,4.059000015258789,4.025000095367432,111.3499984741211,0.03399991989135742,0.12960124219982855
2022-11-03,25.299999237060547,4.124000072479248,4.025000095367432,112.93000030517578,0.0989999771118164,0.0048990764745322395
2022-11-04,24.549999237060547,4.156000137329102,4.013000011444092,110.87999725341797,0.14300012588500977,-0.16125578707781518
2022-11-07,24.350000381469727,4.214000225067139,3.9830000400543213,110.12000274658203,0.23100018501281738,-0.2116008950691927
2022-11-08,25.540000915527344,4.125999927520752,4.090000152587891,109.62000274658203,0.03599977493286133,0.03490330502865246
2022-11-09,26.09000015258789,4.151000022888184,4.0929999351501465,110.55000305175781,0.05800008773803711,0.14640029898317009
2022-11-10,23.530000686645508,3.8289999961853027,4.054999828338623,108.20999908447266,-0.2259998321533203,-0.41041794193349823
2022-11-11,22.520000457763672,3.812999963760376,4.063000202178955,106.29000091552734,-0.2500002384185791,-0.635948666111748
2022-11-14,23.729999542236328,3.865000009536743,4.067999839782715,106.66000366210938,-0.20299983024597168,-0.3825110156735332
2022-11-15,24.540000915527344,3.7990000247955322,4.130000114440918,106.4000015258789,-0.33100008964538574,-0.2138786190382346
2022-11-16,24.110000610351562,3.691999912261963,4.125,106.27999877929688,-0.4330000877380371,-0.31801491964479295
2022-11-17,23.93000030517578,3.7750000953674316,4.11299991607666,106.69000244140625,-0.3379998207092285,-0.3665329896879919
2022-11-18,23.1200008392334,3.818000078201294,4.135000228881836,106.93000030517578,-0.317000150680542,-0.5559584558936772
2022-11-21,22.360000610351562,3.825000047683716,4.0980000495910645,107.83999633789062,-0.27300000190734863,-0.7346465264266474
2022-11-22,21.290000915527344,3.757999897003174,4.197999954223633,107.22000122070312,-0.440000057220459,-0.9809126366620461
2022-11-23,20.350000381469727,3.7060000896453857,4.199999809265137,106.08000183105469,-0.493999719619751,-1.1963173414942638
2022-11-25,20.5,3.690999984741211,4.175000190734863,105.95999908447266,-0.48400020599365234,-1.1667946407889622
2022-11-28,22.209999084472656,3.703000068664551,4.183000087738037,106.68000030517578,-0.48000001907348633,-0.7716483951765557
2022-11-29,21.889999389648438,3.747999906539917,4.252999782562256,106.81999969482422,-0.5049998760223389,-0.8428970473912365
2022-11-30,20.579999923706055,3.703000068664551,4.252999782562256,105.94999694824219,-0.5499997138977051,-1.1321544300824937
2022-12-01,19.84000015258789,3.5290000438690186,4.192999839782715,104.7300033569336,-0.6639997959136963,-1.2896517995389774
2022-12-02,19.059999465942383,3.50600004196167,4.208000183105469,104.55000305175781,-0.7020001411437988,-1.4532568215776562
2022-12-05,20.75,3.5989999771118164,4.1579999923706055,105.29000091552734,-0.5590000152587891,-1.062979013396011
2022-12-06,22.170000076293945,3.513000011444092,4.21999979019165,105.58000183105469,-0.7069997787475586,-0.7368719444419827
2022-12-07,22.68000030517578,3.4079999923706055,4.183000087738037,105.0999984741211,-0.7750000953674316,-0.6226834653491707
2022-12-08,22.290000915527344,3.490999937057495,4.150000095367432,104.7699966430664,-0.6590001583099365,-0.7144860887765563
2022-12-09,22.829999923706055,3.566999912261963,4.172999858856201,104.80999755859375,-0.6059999465942383,-0.5937925967615977
2022-12-12,25.0,3.6110000610351562,4.168000221252441,105.12999725341797,-0.5570001602172852,-0.1080652640470631
2022-12-13,22.549999237060547,3.500999927520752,4.248000144958496,103.9800033569336,-0.7470002174377441,-0.6693408060824102
2022-12-14,21.139999389648438,3.503000020980835,4.21999979019165,103.7699966430664,-0.7169997692108154,-0.9897865031145288
2022-12-15,22.829999923706055,3.450000047683716,4.2129998207092285,104.55999755859375,-0.7629997730255127,-0.6095839733623232
2022-12-16,22.6200008392334,3.4820001125335693,4.163000106811523,104.69999694824219,-0.6809999942779541,-0.6605929635224153
2022-12-19,22.420000076293945,3.5810000896453857,4.163000106811523,104.72000122070312,-0.5820000171661377,-0.7076413883318879
2022-12-20,21.479999542236328,3.684000015258789,4.230000019073486,103.97000122070312,-0.5460000038146973,-0.9210363577847718
2022-12-21,20.06999969482422,3.684000015258789,4.204999923706055,104.16000366210938,-0.5209999084472656,-1.2419869055958246
2022-12-22,21.969999313354492,3.6689999103546143,4.208000183105469,104.43000030517578,-0.5390002727508545,-0.8131299611289615
2022-12-23,20.8700008392334,3.750999927520752,4.192999839782715,104.30999755859375,-0.4419999122619629,-1.0724621502503664
2022-12-27,21.649999618530273,3.859999895095825,4.195000171661377,104.18000030517578,-0.33500027656555176,-0.9007083150615068
2022-12-28,22.139999389648438,3.88700008392334,4.3379998207092285,104.45999908447266,-0.45099973678588867,-0.795882467302205
2022-12-29,21.440000534057617,3.8350000381469727,4.295000076293945,103.83999633789062,-0.46000003814697266,-0.9691623350933183
2022-12-30,21.670000076293945,3.878999948501587,4.260000228881836,103.5199966430664,-0.381000280380249,-0.924632853908107
2023-01-03,22.899999618530273,3.7929999828338623,4.255000114440918,104.5199966430664,-0.46200013160705566,-0.6443733069615449
2023-01-04,22.010000228881836,3.7090001106262207,4.400000095367432,104.25,-0.6909999847412109,-0.8675419946704437
2023-01-05,22.459999084472656,3.7200000286102295,4.498000144958496,105.04000091552734,-0.7780001163482666,-0.7709490534683151
2023-01-06,21.1299991607666,3.569000005722046,4.493000030517578,103.87999725341797,-0.9240000247955322,-1.0949158256017621
2023-01-09,21.969999313354492,3.5169999599456787,4.482999801635742,103.0,-0.9659998416900635,-0.8966464593412555
2023-01-10,20.579999923706055,3.621000051498413,4.565000057220459,103.23999786376953,-0.9440000057220459,-1.238274717967782
2023-01-11,21.09000015258789,3.553999900817871,4.554999828338623,103.19000244140625,-1.000999927520752,-1.1184626316313921
2023-01-12,18.829999923706055,3.4489998817443848,4.474999904632568,102.25,-1.0260000228881836,-1.6700897444076734
2023-01-13,18.350000381469727,3.510999917984009,4.48799991607666,102.19999694824219,-0.9769999980926514,-1.7900828029909726
2023-01-17,19.360000610351562,3.5350000858306885,4.493000030517578,102.38999938964844,-0.9579999446868896,-1.5408151763244973
2023-01-18,20.34000015258789,3.375,4.53000020980835,102.36000061035156,-1.1550002098083496,-1.3053414123783862
2023-01-19,20.520000457763672,3.3970000743865967,4.525000095367432,102.05999755859375,-1.128000020980835,-1.256508961812547
2023-01-20,19.850000381469727,3.4839999675750732,4.538000106811523,102.01000213623047,-1.0540001392364502,-1.4106554095222879
2023-01-23,19.809999465942383,3.5250000953674316,4.534999847412109,102.13999938964844,-1.0099997520446777,-1.4091653932259203
2023-01-24,19.200000762939453,3.4690001010894775,4.572999954223633,101.91999816894531,-1.1039998531341553,-1.5417600485402185
2023-01-25,19.079999923706055,3.4619998931884766,4.545000076293945,101.63999938964844,-1.0830001831054688,-1.5560676792561925
2023-01-26,18.729999542236328,3.493000030517578,4.543000221252441,101.83999633789062,-1.0500001907348633,-1.6255059070819757
2023-01-27,18.510000228881836,3.5179998874664307,4.547999858856201,101.93000030517578,-1.0299999713897705,-1.6641565256945972
2023-01-30,19.940000534057617,3.5510001182556152,4.534999847412109,102.27999877929688,-0.9839997291564941,-1.3109696028692301
2023-01-31,19.399999618530273,3.5290000438690186,4.570000171661377,102.0999984741211,-1.0410001277923584,-1.427348637155811
2023-02-01,17.8700008392334,3.3970000743865967,4.519999980926514,101.22000122070312,-1.122999906539917,-1.7744646239573054
2023-02-02,18.729999542236328,3.3959999084472656,4.510000228881836,101.75,-1.1140003204345703,-1.5619544364881603
2023-02-03,18.329999923706055,3.5320000648498535,4.5229997634887695,102.91999816894531,-0.990999698638916,-1.6458604724812567
2023-02-06,19.43000030517578,3.634000062942505,4.5329999923706055,103.62000274658203,-0.8989999294281006,-1.37748809157663
2023-02-07,18.65999984741211,3.6740000247955322,4.570000171661377,103.43000030517578,-0.8960001468658447,-1.5469367690259346
2023-02-08,19.6299991607666,3.6530001163482666,4.585000038146973,103.41000366210938,-0.931999921798706,-1.3139595973131426
2023-02-09,20.709999084472656,3.683000087738037,4.61299991607666,103.22000122070312,-0.929999828338623,-1.0613584382787278
2023-02-10,20.530000686645508,3.74399995803833,4.635000228881836,103.62999725341797,-0.8910002708435059,-1.1044093415082044
2023-02-13,20.34000015258789,3.7170000076293945,4.644999980926514,103.3499984741211,-0.9279999732971191,-1.142546737056765
2023-02-14,18.90999984741211,3.760999917984009,4.659999847412109,103.2300033569336,-0.8989999294281006,-1.461007835715508
2023-02-15,18.229999542236328,3.809000015258789,4.64300012588501,103.91999816894531,-0.8340001106262207,-1.6022967620599669
2023-02-16,20.170000076293945,3.8429999351501465,4.664999961853027,103.86000061035156,-0.8220000267028809,-1.1476371160974472
2023-02-17,20.020000457763672,3.828000068664551,4.679999828338623,103.86000061035156,-0.8519997596740723,-1.175025297421758
2023-02-21,22.8700008392334,3.9549999237060547,4.688000202178955,104.18000030517578,-0.7330002784729004,-0.5178362852643746
2023-02-22,22.290000915527344,3.9230000972747803,4.695000171661377,104.58999633789062,-0.7720000743865967,-0.6456651808648859
2023-02-23,21.139999389648438,3.878999948501587,4.690000057220459,104.5999984741211,-0.8110001087188721,-0.9019331859256547
2023-02-24,21.670000076293945,3.9489998817443848,4.703000068664551,105.20999908447266,-0.754000186920166,-0.7740068844692031
2023-02-27,20.950000762939453,3.921999931335449,4.664999961853027,104.66999816894531,-0.7430000305175781,-0.9318957554978369
2023-02-28,20.700000762939453,3.9159998893737793,4.710000038146973,104.87000274658203,-0.7940001487731934,-0.9818735978507968
2023-03-01,20.579999923706055,3.99399995803833,4.724999904632568,104.4800033569336,-0.7309999465942383,-1.0015249011502418
2023-03-02,19.59000015258789,4.072999954223633,4.7230000495910645,105.02999877929688,-0.6500000953674316,-1.2219373257420343
2023-03-03,18.489999771118164,3.9639999866485596,4.7179999351501465,104.5199966430664,-0.7539999485015869,-1.4636673051409699
2023-03-06,18.610000610351562,3.9830000400543213,4.728000164031982,104.3499984741211,-0.7450001239776611,-1.4241670668481516
2023-03-07,19.59000015258789,3.9749999046325684,4.84499979019165,105.62000274658203,-0.869999885559082,-1.1901357304583264
2023-03-08,19.110000610351562,3.9760000705718994,4.882999897003174,105.66000366210938,-0.9069998264312744,-1.3000056899295578
2023-03-09,22.610000610351562,3.924999952316284,4.8480000495910645,105.30999755859375,-0.9230000972747803,-0.47564463678627733
2023-03-10,24.799999237060547,3.694999933242798,4.802999973297119,104.58000183105469,-1.1080000400543213,0.049872669210974635
2023-03-13,26.520000457763672,3.515000104904175,4.6579999923706055,103.5999984741211,-1.1429998874664307,0.46450198670341536
2023-03-14,23.729999542236328,3.638000011444092,4.679999828338623,103.5999984741211,-1.0419998168945312,-0.19628620931647695
2023-03-15,26.139999389648438,3.492000102996826,4.558000087738037,104.6500015258789,-1.065999984741211,0.3895928625496353
2023-03-16,22.989999771118164,3.5850000381469727,4.53000020980835,104.41999816894531,-0.945000171661377,-0.36516304009536354
2023-03-17,25.510000228881836,3.3949999809265137,4.293000221252441,103.70999908447266,-0.8980002403259277,0.24606174144722112
2023-03-20,24.149999618530273,3.4809999465942383,4.465000152587891,103.27999877929688,-0.9840002059936523,-0.08184066368919013
2023-03-21,21.3799991607666,3.6059999465942383,4.605000019073486,103.26000213623047,-0.999000072479248,-0.7495474440289939
2023-03-22,22.260000228881836,3.5,4.563000202178955,102.3499984741211,-1.063000202178955,-0.5351664335751037
2023-03-23,22.610000610351562,3.4059998989105225,4.502999782562256,102.52999877929688,-1.0969998836517334,-0.4501500287719923
2023-03-24,21.739999771118164,3.380000114440918,4.502999782562256,103.12000274658203,-1.122999668121338,-0.6582513809809358
2023-03-27,20.600000381469727,3.5280001163482666,4.583000183105469,102.86000061035156,-1.0550000667572021,-0.931892728014031
2023-03-28,19.969999313354492,3.563999891281128,4.627999782562256,102.43000030517578,-1.063999891281128,-1.0823200071252144
2023-03-29,19.1200008392334,3.565999984741211,4.630000114440918,102.63999938964844,-1.064000129699707,-1.2860975986261676
2023-03-30,19.020000457763672,3.5510001182556152,4.664999961853027,102.13999938964844,-1.113999843597412,-1.3105202970095762
2023-03-31,18.700000762939453,3.49399995803833,4.585000038146973,102.51000213623047,-1.0910000801086426,-1.3859743015670218
2023-04-03,18.549999237060547,3.430000066757202,4.570000171661377,102.08999633789062,-1.1400001049041748,-1.4169719013123652
2023-04-04,19.0,3.3369998931884766,4.728000164031982,101.58999633789062,-1.3910002708435059,-1.307229427414509
2023-04-05,19.079999923706055,3.2869999408721924,4.704999923706055,101.8499984741211,-1.4179999828338623,-1.2893492118512062
2023-04-06,18.399999618530273,3.2880001068115234,4.710000038146973,101.81999969482422,-1.4219999313354492,-1.4461534630006339
2023-04-10,18.969999313354492,3.4149999618530273,4.8379998207092285,102.58000183105469,-1.4229998588562012,-1.3029356595873705
2023-04-11,19.100000381469727,3.434000015258789,4.880000114440918,102.19999694824219,-1.446000099182129,-1.2666544284277372
2023-04-12,19.09000015258789,3.4210000038146973,4.860000133514404,101.5,-1.439000129699707,-1.264543149390825
2023-04-13,17.799999237060547,3.4519999027252197,4.855000019073486,101.01000213623047,-1.4030001163482666,-1.5577251346859697
2023-04-14,17.06999969482422,3.5220000743865967,4.9029998779296875,101.55000305175781,-1.3809998035430908,-1.713699950339284
2023-04-17,16.950000762939453,3.5910000801086426,4.922999858856201,102.0999984741211,-1.3319997787475586,-1.7282181737178748
2023-04-18,16.829999923706055,3.572000026702881,5.03000020980835,101.75,-1.4580001831054688,-1.7407300872305513
2023-04-19,16.459999084472656,3.6019999980926514,4.994999885559082,101.97000122070312,-1.3929998874664307,-1.8105172644699492
2023-04-20,17.170000076293945,3.5450000762939453,4.945000171661377,101.83999633789062,-1.4000000953674316,-1.6350375328123004
2023-04-21,16.770000457763672,3.569999933242798,4.949999809265137,101.81999969482422,-1.3799998760223389,-1.7165971243400748
2023-04-24,16.889999389648438,3.515000104904175,4.873000144958496,101.3499984741211,-1.3580000400543213,-1.6747623558133642
2023-04-25,18.760000228881836,3.3959999084472656,4.953000068664551,101.86000061035156,-1.5570001602172852,-1.2377640841905793
2023-04-26,18.84000015258789,3.431999921798706,4.985000133514404,101.47000122070312,-1.5530002117156982,-1.2095926635608991
2023-04-27,17.030000686645508,3.5280001163482666,5.0,101.5,-1.4719998836517334,-1.6125500150835537
2023-04-28,15.779999732971191,3.4519999027252197,4.922999858856201,101.66999816894531,-1.4709999561309814,-1.8812421390697758
2023-05-01,16.079999923706055,3.5739998817443848,4.864999771118164,102.1500015258789,-1.2909998893737793,-1.7952590480637887
2023-05-02,17.780000686645508,3.438999891281128,5.039999961853027,101.95999908447266,-1.6010000705718994,-1.4021125422564304
2023-05-03,18.34000015258789,3.4030001163482666,5.09499979019165,101.33999633789062,-1.6919996738433838,-1.2667970166801403
2023-05-04,20.09000015258789,3.3510000705718994,5.054999828338623,101.4000015258789,-1.7039997577667236,-0.8581392653256005
2023-05-05,17.190000534057617,3.446000099182129,5.079999923706055,101.20999908447266,-1.6339998245239258,-1.5108067218203067
2023-05-08,16.979999542236328,3.5209999084472656,5.083000183105469,101.37000274658203,-1.5620002746582031,-1.5474695097628473
2023-05-09,17.709999084472656,3.5209999084472656,5.123000144958496,101.63999938964844,-1.6020002365112305,-1.3697172740623542
2023-05-10,16.940000534057617,3.438999891281128,5.065000057220459,101.4800033569336,-1.626000165939331,-1.5427475970438946
2023-05-11,16.93000030517578,3.3970000743865967,5.014999866485596,102.05999755859375,-1.617999792098999,-1.5375914661566783
2023-05-12,17.030000686645508,3.4630000591278076,5.0279998779296875,102.68000030517578,-1.5649998188018799,-1.5064806127245776
2023-05-15,17.1200008392334,3.507999897003174,5.0,102.43000030517578,-1.4920001029968262,-1.4765562287901246
2023-05-16,17.989999771118164,3.5490000247955322,5.058000087738037,102.55999755859375,-1.5090000629425049,-1.2629322861974004
2023-05-17,16.8700008392334,3.5810000896453857,5.0879998207092285,102.87999725341797,-1.5069997310638428,-1.511017035414903
2023-05-18,16.049999237060547,3.6480000019073486,5.125,103.58000183105469,-1.4769999980926514,-1.6848318287420898
2023-05-19,16.809999465942383,3.691999912261963,5.085000038146973,103.19999694824219,-1.3930001258850098,-1.4980638969232747
2023-05-22,17.209999084472656,3.7190001010894775,5.09499979019165,103.19999694824219,-1.3759996891021729,-1.39399024466534
2023-05-23,18.530000686645508,3.697999954223633,5.1529998779296875,103.48999786376953,-1.4549999237060547,-1.0787915686861609
2023-05-24,20.030000686645508,3.7190001010894775,5.184999942779541,103.88999938964844,-1.4659998416900635,-0.7227361117399256
2023-05-25,19.139999389648438,3.813999891281128,5.163000106811523,104.20999908447266,-1.3490002155303955,-0.9235704405344152
2023-05-26,17.950000762939453,3.809999942779541,5.114999771118164,104.20999908447266,-1.304999828338623,-1.192903030934399
2023-05-30,17.459999084472656,3.700000047683716,5.14300012588501,104.16999816894531,-1.443000078201294,-1.2968338163451067
2023-05-31,17.940000534057617,3.63700008392334,5.248000144958496,104.31999969482422,-1.6110000610351562,-1.1749752761296115
2023-06-01,15.649999618530273,3.6080000400543213,5.203000068664551,103.55999755859375,-1.5950000286102295,-1.6922141391062648
2023-06-02,14.600000381469727,3.690999984741211,5.215000152587891,104.0199966430664,-1.5240001678466797,-1.9135116913761743
2023-06-05,14.729999542236328,3.693000078201294,5.14300012588501,104.0,-1.4500000476837158,-1.8619580364362478
2023-06-06,13.960000038146973,3.6989998817443848,5.1579999923706055,104.12999725341797,-1.4590001106262207,-2.0130589686687625
2023-06-07,13.9399995803833,3.7839999198913574,5.1529998779296875,104.0999984741211,-1.36899995803833,-1.992614136076073
2023-06-08,13.649999618530273,3.7139999866485596,5.099999904632568,103.33999633789062,-1.3859999179840088,-2.0321843088363645
2023-06-09,13.829999923706055,3.744999885559082,5.09499979019165,103.55999755859375,-1.3499999046325684,-1.9677217994757967
2023-06-12,15.010000228881836,3.765000104904175,5.09499979019165,103.62999725341797,-1.3299996852874756,-1.6877416300244765
2023-06-13,14.609999656677246,3.8389999866485596,5.099999904632568,103.33999633789062,-1.2609999179840088,-1.7583343755990095
2023-06-14,13.880000114440918,3.7960000038146973,5.079999923706055,103.01000213623047,-1.2839999198913574,-1.912296738142373
2023-06-15,14.5,3.7279999256134033,5.054999828338623,102.12000274658203,-1.3269999027252197,-1.7658850124988075
2023-06-16,13.539999961853027,3.7690000534057617,5.065000057220459,102.30000305175781,-1.2960000038146973,-1.960409431116195
2023-06-20,13.880000114440918,3.7290000915527344,5.074999809265137,102.54000091552734,-1.3459997177124023,-1.875735723551694
2023-06-21,13.199999809265137,3.7230000495910645,5.135000228881836,102.06999969482422,-1.4120001792907715,-2.0109153439692213
2023-06-22,12.90999984741211,3.7990000247955322,5.135000228881836,102.38999938964844,-1.3360002040863037,-2.0558381124465748
2023-06-23,13.4399995803833,3.739000082015991,5.138000011444092,102.9000015258789,-1.3989999294281006,-1.9187988580504989
2023-06-26,14.25,3.7190001010894775,5.15500020980835,102.69000244140625,-1.436000108718872,-1.7239984581765415
2023-06-27,13.739999771118164,3.7679998874664307,5.179999828338623,102.48999786376953,-1.4119999408721924,-1.8178954498021713
2023-06-28,13.430000305175781,3.7100000381469727,5.170000076293945,102.91000366210938,-1.4600000381469727,-1.8658890397942602
2023-06-29,13.539999961853027,3.8540000915527344,5.175000190734863,103.33999633789062,-1.321000099182129,-1.823903615612441
2023-06-30,13.59000015258789,3.819000005722046,5.1529998779296875,102.91000366210938,-1.3339998722076416,-1.7954824938256857
2023-07-03,13.569999694824219,3.8580000400543213,5.144999980926514,102.98999786376953,-1.2869999408721924,-1.7834621708119984
2023-07-05,14.180000305175781,3.944999933242798,5.192999839782715,103.37000274658203,-1.247999906539917,-1.6345869783623452
2023-07-06,15.4399995803833,4.040999889373779,5.2129998207092285,103.16999816894531,-1.1719999313354492,-1.3495389946578162
2023-07-07,14.829999923706055,4.050000190734863,5.2129998207092285,102.2699966430664,-1.1629996299743652,-1.4691156333620181
2023-07-10,15.069999694824219,4.00600004196167,5.224999904632568,101.97000122070312,-1.2189998626708984,-1.4046475782840675
2023-07-11,14.84000015258789,3.9800000190734863,5.243000030517578,101.7300033569336,-1.2630000114440918,-1.441297968946172
2023-07-12,13.539999961853027,3.8610000610351562,5.230000019073486,100.5199966430664,-1.36899995803833,-1.7045416296387639
2023-07-13,13.609999656677246,3.760999917984009,5.2230000495910645,99.7699966430664,-1.4620001316070557,-1.6736469565778653
2023-07-14,13.34000015258789,3.819000005722046,5.215000152587891,99.91000366210938,-1.3960001468658447,-1.7145586367077013
2023-07-17,13.479999542236328,3.796999931335449,5.232999801635742,99.83999633789062,-1.435999870300293,-1.6682040039526291
2023-07-18,13.300000190734863,3.7890000343322754,5.248000144958496,99.94000244140625,-1.4590001106262207,-1.6889174622289271
2023-07-19,13.760000228881836,3.742000102996826,5.244999885559082,100.27999877929688,-1.5029997825622559,-1.5761003640411555
2023-07-20,13.989999771118164,3.8540000915527344,5.243000030517578,100.87999725341797,-1.3889999389648438,-1.5131749288104452
2023-07-21,13.600000381469727,3.8369998931884766,5.248000144958496,101.06999969482422,-1.4110002517700195,-1.5797754234005656
2023-07-24,13.90999984741211,3.8570001125335693,5.25,101.3499984741211,-1.3929998874664307,-1.50085292601001
2023-07-25,13.859999656677246,3.9119999408721924,5.264999866485596,101.3499984741211,-1.3529999256134033,-1.4974215737156094
2023-07-26,13.1899995803833,3.8510000705718994,5.26800012588501,100.88999938964844,-1.4170000553131104,-1.6204654432266048
2023-07-27,14.40999984741211,4.01200008392334,5.26800012588501,101.7699966430664,-1.25600004196167,-1.3562046839178914
2023-07-28,13.329999923706055,3.9690001010894775,5.255000114440918,101.62000274658203,-1.2860000133514404,-1.5639106825925835
2023-07-31,13.630000114440918,3.9590001106262207,5.248000144958496,101.86000061035156,-1.2890000343322754,-1.4887930824175226
2023-08-01,13.930000305175781,4.051000118255615,5.260000228881836,102.30000305175781,-1.2090001106262207,-1.4157377688810067
2023-08-02,16.09000015258789,4.078000068664551,5.260000228881836,102.58999633789062,-1.1820001602172852,-0.9687381738513331
2023-08-03,15.920000076293945,4.189000129699707,5.257999897003174,102.54000091552734,-1.0689997673034668,-0.9956529803164943
2023-08-04,17.100000381469727,4.059999942779541,5.252999782562256,102.0199966430664,-1.1929998397827148,-0.7512498291255779
2023-08-07,15.770000457763672,4.078000068664551,5.260000228881836,102.05000305175781,-1.1820001602172852,-1.014542065047439
2023-08-08,15.989999771118164,4.026000022888184,5.275000095367432,102.52999877929688,-1.249000072479248,-0.9640511798663447
2023-08-09,15.960000038146973,4.01200008392334,5.28000020980835,102.48999786376953,-1.2680001258850098,-0.9640653414712319
2023-08-10,15.850000381469727,4.079999923706055,5.26800012588501,102.5199966430664,-1.188000202178955,-0.9797206970511547
2023-08-11,14.84000015258789,4.168000221252441,5.264999866485596,102.83999633789062,-1.0969996452331543,-1.1760617069852601
2023-08-14,14.819999694824219,4.184000015258789,5.269999980926514,103.19000244140625,-1.0859999656677246,-1.1725762487708
2023-08-15,16.459999084472656,4.2210001945495605,5.28000020980835,103.20999908447266,-1.059000015258789,-0.8404969209990542
2023-08-16,16.780000686645508,4.257999897003174,5.284999847412109,103.41999816894531,-1.0269999504089355,-0.7730646705652822
2023-08-17,17.889999389648438,4.308000087738037,5.2779998779296875,103.44000244140625,-0.9699997901916504,-0.5495297778697569
2023-08-18,17.299999237060547,4.250999927520752,5.2779998779296875,103.37999725341797,-1.0269999504089355,-0.6647496073588476
2023-08-21,17.1299991607666,4.3420000076293945,5.28000020980835,103.33000183105469,-0.9380002021789551,-0.6961385241570502
2023-08-22,16.969999313354492,4.328000068664551,5.295000076293945,103.55999755859375,-0.9670000076293945,-0.7244065473731727
2023-08-23,15.979999542236328,4.197999954223633,5.295000076293945,103.36000061035156,-1.0970001220703125,-0.9146169176931043
2023-08-24,17.200000762939453,4.235000133514404,5.302999973297119,103.9800033569336,-1.0679998397827148,-0.6664434306245807
2023-08-25,15.680000305175781,4.238999843597412,5.315000057220459,104.08000183105469,-1.0760002136230469,-0.9619287608419441
2023-08-28,15.079999923706055,4.211999893188477,5.322999954223633,104.05999755859375,-1.1110000610351562,-1.0735383694559821
2023-08-29,14.449999809265137,4.122000217437744,5.320000171661377,103.55000305175781,-1.1979999542236328,-1.1887610306387788
2023-08-30,13.880000114440918,4.118000030517578,5.315000057220459,103.16000366210938,-1.1970000267028809,-1.2910606418132384
2023-08-31,13.569999694824219,4.0929999351501465,5.297999858856201,103.62000274658203,-1.2049999237060547,-1.3412232503133943
2023-09-01,13.09000015258789,4.172999858856201,5.26800012588501,104.23999786376953,-1.0950002670288086,-1.42374362503976
2023-09-05,14.010000228881836,4.26800012588501,5.2779998779296875,104.80999755859375,-1.0099997520446777,-1.231929411327501
2023-09-06,14.449999809265137,4.289999961853027,5.300000190734863,104.86000061035156,-1.010000228881836,-1.1359612753841581
2023-09-07,14.399999618530273,4.260000228881836,5.2829999923706055,105.05999755859375,-1.0229997634887695,-1.1370672891114386
2023-09-08,13.84000015258789,4.257999897003174,5.293000221252441,105.08999633789062,-1.0350003242492676,-1.2372816029257947
2023-09-11,13.800000190734863,4.288000106811523,5.293000221252441,104.56999969482422,-1.005000114440918,-1.2348834712670378
2023-09-12,14.229999542236328,4.263999938964844,5.304999828338623,104.70999908447266,-1.0409998893737793,-1.141298223531284
2023-09-13,13.479999542236328,4.249000072479248,5.304999828338623,104.7699966430664,-1.055999755859375,-1.2776658204903897
2023-09-14,12.819999694824219,4.288000106811523,5.295000076293945,105.41000366210938,-1.0069999694824219,-1.3959148485284472
2023-09-15,13.789999961853027,4.322000026702881,5.297999858856201,105.31999969482422,-0.9759998321533203,-1.1964124774707172
2023-09-18,14.0,4.318999767303467,5.300000190734863,105.19999694824219,-0.9810004234313965,-1.1462980478404352
2023-09-19,14.109999656677246,4.364999771118164,5.309999942779541,105.19999694824219,-0.945000171661377,-1.1160500201517474
2023-09-20,15.140000343322754,4.348999977111816,5.315000057220459,105.16000366210938,-0.9660000801086426,-0.9067510904933939
2023-09-21,17.540000915527344,4.480000019073486,5.304999828338623,105.36000061035156,-0.8249998092651367,-0.42966625249037804
2023-09-22,17.200000762939453,4.438000202178955,5.304999828338623,105.58000183105469,-0.866999626159668,-0.49062531946907706
2023-09-25,16.899999618530273,4.541999816894531,5.313000202178955,106.0,-0.7710003852844238,-0.5440330672314495
2023-09-26,18.940000534057617,4.558000087738037,5.324999809265137,106.2300033569336,-0.7669997215270996,-0.13074521266603858
2023-09-27,18.219999313354492,4.625999927520752,5.329999923706055,106.66999816894531,-0.7039999961853027,-0.2674110115824257
2023-09-28,17.34000015258789,4.5970001220703125,5.308000087738037,106.22000122070312,-0.7109999656677246,-0.4399727511833092
2023-09-29,17.520000457763672,4.572999954223633,5.300000190734863,106.16999816894531,-0.7270002365112305,-0.3962902022867791
2023-10-02,17.610000610351562,4.683000087738037,5.315000057220459,106.9000015258789,-0.6319999694824219,-0.3707028692137748
2023-10-03,19.780000686645508,4.802000045776367,5.340000152587891,107.0,-0.5380001068115234,0.09784922683952013
2023-10-04,18.579999923706055,4.735000133514404,5.335000038146973,106.80000305175781,-0.5999999046325684,-0.1503230969699631
2023-10-05,18.489999771118164,4.7170000076293945,5.324999809265137,106.33000183105469,-0.6079998016357422,-0.16213828525906748
2023-10-06,17.450000762939453,4.783999919891357,5.3480000495910645,106.04000091552734,-0.564000129699707,-0.3821623561314614
2023-10-09,17.700000762939453,4.796999931335449,5.3480000495910645,106.08000183105469,-0.5510001182556152,-0.320010294848662
2023-10-10,17.030000686645508,4.65500020980835,5.322999954223633,105.83000183105469,-0.6679997444152832,-0.4630227351267421
2023-10-11,16.09000015258789,4.59499979019165,5.335000038146973,105.81999969482422,-0.7400002479553223,-0.6721772228646649
2023-10-12,16.690000534057617,4.711999893188477,5.335000038146973,106.56999969482422,-0.6230001449584961,-0.5307740961394807
2023-10-13,19.31999969482422,4.629000186920166,5.328000068664551,106.6500015258789,-0.6989998817443848,0.10253237939667066
2023-10-16,17.209999084472656,4.711999893188477,5.328000068664551,106.23999786376953,-0.6160001754760742,-0.3987910346873552
2023-10-17,17.8799991607666,4.8470001220703125,5.340000152587891,106.25,-0.4930000305175781,-0.2253763074755232
2023-10-18,19.219999313354492,4.9039998054504395,5.329999923706055,106.56999969482422,-0.42600011825561523,0.12507688977077883
2023-10-19,21.399999618530273,4.98799991607666,5.309999942779541,106.25,-0.32200002670288086,0.7040992912457372
2023-10-20,21.709999084472656,4.923999786376953,5.300000190734863,106.16000366210938,-0.37600040435791016,0.8092150503078869
2023-10-23,20.3700008392334,4.8379998207092285,5.293000221252441,105.54000091552734,-0.4550004005432129,0.4723136993608441
2023-10-24,18.969999313354492,4.840000152587891,5.308000087738037,106.2699966430664,-0.4679999351501465,0.1077086247215408
2023-10-25,20.190000534057617,4.953000068664551,5.315000057220459,106.52999877929688,-0.3619999885559082,0.46249570843644106
2023-10-26,20.68000030517578,4.84499979019165,5.300000190734863,106.5999984741211,-0.4550004005432129,0.6176539662478457
2023-10-27,21.270000457763672,4.84499979019165,5.304999828338623,106.55999755859375,-0.46000003814697266,0.8013270976230682
2023-10-30,19.75,4.875,5.313000202178955,106.12000274658203,-0.4380002021789551,0.37754901762750925
2023-10-31,18.139999389648438,4.875,5.320000171661377,106.66000366210938,-0.44500017166137695,-0.08376403625736521
2023-11-01,16.8700008392334,4.789000034332275,5.300000190734863,106.87999725341797,-0.5110001564025879,-0.45105141630710965
2023-11-02,15.65999984741211,4.669000148773193,5.269999980926514,106.12000274658203,-0.6009998321533203,-0.8052187540112231
2023-11-03,14.90999984741211,4.558000087738037,5.252999782562256,105.0199966430664,-0.6949996948242188,-1.0251065212632107
2023-11-06,14.890000343322754,4.6620001792907715,5.260000228881836,105.22000122070312,-0.5980000495910645,-1.025717396720372
2023-11-07,14.8100004196167,4.571000099182129,5.2729997634887695,105.54000091552734,-0.7019996643066406,-1.0436748315673805
2023-11-08,14.449999809265137,4.5229997634887695,5.26800012588501,105.58999633789062,-0.7450003623962402,-1.1467380311583217
2023-11-09,15.289999961853027,4.630000114440918,5.263000011444092,105.91000366210938,-0.6329998970031738,-0.8841053084695081
2023-11-10,14.170000076293945,4.627999782562256,5.25,105.86000061035156,-0.6220002174377441,-1.2275262238913025
2023-11-13,14.760000228881836,4.631999969482422,5.260000228881836,105.66000366210938,-0.6280002593994141,-1.0360420054939228
2023-11-14,14.15999984741211,4.440999984741211,5.252999782562256,104.11000061035156,-0.8119997978210449,-1.214993476211211
2023-11-15,14.180000305175781,4.534999847412109,5.255000114440918,104.38999938964844,-0.7200002670288086,-1.2010758067325484
2023-11-16,14.319999694824219,4.445000171661377,5.243000030517578,104.37000274658203,-0.7979998588562012,-1.1509926646608863
2023-11-17,13.800000190734863,4.440999984741211,5.232999801635742,103.81999969482422,-0.7919998168945312,-1.308373105273363
2023-11-20,13.40999984741211,4.421999931335449,5.23799991607666,103.47000122070312,-0.8159999847412109,-1.4239427867402217
2023-11-21,13.350000381469727,4.418000221252441,5.255000114440918,103.58999633789062,-0.8369998931884766,-1.4329165805573385
2023-11-22,12.850000381469727,4.415999889373779,5.264999866485596,103.91999816894531,-0.8489999771118164,-1.5795022808468395
2023-11-24,12.460000038146973,4.4720001220703125,5.252999782562256,103.4000015258789,-0.7809996604919434,-1.687493529428034
2023-11-27,12.6899995803833,4.388999938964844,5.257999897003174,103.19999694824219,-0.8689999580383301,-1.5985048793157863
2023-11-28,12.6899995803833,4.335999965667725,5.260000228881836,102.75,-0.9240002632141113,-1.583140015304427
2023-11-29,12.979999542236328,4.270999908447266,5.239999771118164,102.7699966430664,-0.9689998626708984,-1.4793947966076555
2023-11-30,12.920000076293945,4.3520002365112305,5.23799991607666,103.5,-0.8859996795654297,-1.4858552124666533
2023-12-01,12.630000114440918,4.22599983215332,5.215000152587891,103.2699966430664,-0.9890003204345703,-1.5625513046241803
2023-12-04,13.079999923706055,4.288000106811523,5.2230000495910645,103.63999938964844,-0.934999942779541,-1.4082029836360233
2023-12-05,12.850000381469727,4.171000003814697,5.243000030517578,104.05000305175781,-1.0720000267028809,-1.4669694337569534
2023-12-06,12.970000267028809,4.120999813079834,5.243000030517578,104.1500015258789,-1.1220002174377441,-1.4169310052426685
2023-12-07,13.0600004196167,4.129000186920166,5.232999801635742,103.54000091552734,-1.1039996147155762,-1.3781587415253098
2023-12-08,12.350000381469727,4.244999885559082,5.232999801635742,104.01000213623047,-0.9879999160766602,-1.5874456565317843
2023-12-11,12.630000114440918,4.238999843597412,5.232999801635742,104.0999984741211,-0.9939999580383301,-1.488282987785403
2023-12-12,12.069999694824219,4.205999851226807,5.248000144958496,103.87000274658203,-1.0420002937316895,-1.6504067156079039
2023-12-13,12.1899995803833,4.0329999923706055,5.2230000495910645,102.87000274658203,-1.190000057220459,-1.6072189851284246
2023-12-14,12.479999542236328,3.930000066757202,5.215000152587891,101.95999908447266,-1.2850000858306885,-1.5048545884939124
2023-12-15,12.279999732971191,3.927999973297119,5.224999904632568,102.55000305175781,-1.2969999313354492,-1.5538449216967438
2023-12-18,12.5600004196167,3.9539999961853027,5.224999904632568,102.51000213623047,-1.2709999084472656,-1.455952961792819
2023-12-19,12.529999732971191,3.921999931335449,5.23799991607666,102.16999816894531,-1.315999984741211,-1.4551715070244358
2023-12-20,13.670000076293945,3.877000093460083,5.230000019073486,102.41000366210938,-1.3529999256134033,-1.0882282908808072
2023-12-21,13.649999618530273,3.8940000534057617,5.210000038146973,101.83999633789062,-1.315999984741211,-1.0863221659129978
2023-12-22,13.029999732971191,3.9010000228881836,5.208000183105469,101.69999694824219,-1.3070001602172852,-1.272037977373704
2023-12-26,12.989999771118164,3.885999917984009,5.203000068664551,101.47000122070312,-1.317000150680542,-1.27545959540508
2023-12-27,12.430000305175781,3.7890000343322754,5.235000133514404,100.98999786376953,-1.446000099182129,-1.4405815252037528
2023-12-28,12.470000267028809,3.8499999046325684,5.2179999351501465,101.2300033569336,-1.3680000305175781,-1.4168934584211166
2023-12-29,12.449999809265137,3.865999937057495,5.179999828338623,101.33000183105469,-1.313999891281128,-1.4130684212611437
