Date,Close,High,Low,Open,Volume
2015-01-02,39.767677307128906,40.32898316463045,39.580577517469216,39.68263224312552,27913900
2015-01-05,39.40199279785156,39.742176400533225,39.3339541307579,39.43600888713618,39673900
2015-01-06,38.823665618896484,39.75917430483516,38.73011410145037,39.444503673275605,36447900
2015-01-07,39.31694412231445,39.51255042211555,38.687602678478235,39.10432815588775,29114100
2015-01-08,40.473567962646484,40.60964202605233,39.733665445643595,39.75917831870044,29645200
2015-01-09,40.13338851928711,40.669181661267075,39.88675646470398,40.490585028694476,23944200
2015-01-12,39.631614685058594,40.43105279193998,39.42750517489556,40.32899479259629,23651900
2015-01-13,39.42750549316406,40.745723841503754,39.17236698126964,39.946288972431304,35270600
2015-01-14,39.08732223510742,39.325454346424465,38.79816436328583,39.08732223510742,29719600
2015-01-15,38.67909240722656,39.44451110855673,38.61956020204109,39.30843703323824,32750800
2015-01-16,39.3254508972168,39.35946698648214,38.41545156879696,38.53451923614339,35695300
2015-01-20,39.45301818847656,39.6741406102206,38.75563807853709,39.37647631083627,36161900
2015-01-21,39.05330276489258,39.240405870802014,38.6790997973362,39.070312433090024,39081100
2015-01-22,40.082359313964844,40.090862524385976,39.189372983698824,39.444511471737414,35898000
2015-01-23,40.1248779296875,40.30347452941849,39.80170081284459,40.2779616563888,26211600
2015-01-26,39.98029708862305,40.082355068438005,39.325442894915575,39.97179387910258,42525500
2015-01-27,36.280799865722656,36.740051277200166,35.8130452403718,36.52743524347131,169164000
2015-01-28,35.030616760253906,36.39136133087356,35.005103874216985,36.34883877272427,84507100
2015-01-29,35.72798156738281,35.82153310120963,34.69041797358257,34.80948238235786,63585300
2015-01-30,34.358741760253906,35.362289389740624,34.31621597120237,35.33677326745726,78004900
2015-02-02,35.10714340209961,35.18368527120205,34.21415709207899,34.52032456848876,50352500
2015-02-03,35.37929153442383,35.65994613577052,34.91153710977449,35.40480765362196,52082400
2015-02-04,35.58340835571289,35.89807907838063,35.17518608851258,35.6684534447813,41614800
2015-02-05,36.10218811035156,36.26377506061953,35.60041435037415,35.90658183026028,36548200
2015-02-06,36.06816482543945,36.39134193479895,35.84704569435864,36.297790410174244,34616600
2015-02-09,36.025657653808594,36.348834900993424,35.898086748685856,35.923602876268134,31381100
2015-02-10,36.22975158691406,36.374332099995414,35.87255839740981,36.34881922767696,29670700
2015-02-11,36.04264831542969,36.27227387698973,35.89806781625729,36.27227387698973,38262500
2015-02-12,36.646488189697266,36.646488189697266,36.15321758917554,36.280788467037965,33268800
2015-02-13,37.309837341308594,37.309837341308594,36.69750575347446,36.893111992780206,40264900
2015-02-17,37.32697677612305,37.68671200419879,36.99293272060279,37.66101756429336,33695700
2015-02-18,37.28415298461914,37.42976245265416,37.164241227031674,37.36980657386043,27111700
2015-02-19,37.258453369140625,37.28414780867083,36.87302043943816,36.98436845631885,27603400
2015-02-20,37.566802978515625,37.58393369547487,37.07858898090292,37.2670203327542,29721100
2015-02-23,37.8151969909668,37.849455160721796,37.38693882919979,37.42976399190639,32518800
2015-02-24,37.7638053894043,37.94367303582146,37.61819591324479,37.81519754581657,25271700
2015-02-25,37.67814254760742,37.76379284582785,37.515402406699394,37.64388112137947,29759800
2015-02-26,37.738101959228516,37.88370813336789,37.592492517739394,37.67814609136528,28957300
2015-02-27,37.55823516845703,37.8580178076901,37.39549826191344,37.79806193331351,33807700
2015-03-02,37.58393478393555,37.849452736117925,37.30128284694754,37.40406388432942,31924000
2015-03-03,37.07001876831055,37.5411052753888,36.90728187236071,37.3098455175549,31748600
2015-03-04,36.881591796875,37.01006727708477,36.72741860674306,36.8387633694548,25748700
2015-03-05,36.92442321777344,37.0357712667154,36.676032672960915,36.89016177696809,23193500
2015-03-06,36.28202819824219,36.924415373799306,36.102160573250224,36.83019806527491,36248800
2015-03-09,36.70172882080078,36.94155565020196,36.13642809071748,36.13642809071748,32108000
2015-03-10,35.99935531616211,36.5817862776681,35.99935531616211,36.27344009012396,39159700
2015-03-11,35.9565544128418,36.290595251998084,35.83664265184728,36.23920636434354,32215300
2015-03-12,35.1342887878418,35.67389481457991,34.9972463504392,35.39980993977471,59992500
2015-03-13,35.442649841308594,35.519736448643044,34.78313181574736,34.86021842308181,58007700
2015-03-16,35.596805572509766,35.665325152403035,35.35697887451035,35.51971900303659,35273500
2015-03-17,35.71672821044922,35.82807623759521,35.24564492731641,35.43407628015942,31673400
2015-03-18,36.401939392089844,36.684591313344704,35.399816981859175,35.485467297018175,44194800
2015-03-19,36.22206497192383,36.47901913652743,36.16210910909464,36.19636726831884,33879100
2015-03-20,36.72742462158203,36.8130749557488,36.39338374404048,36.45333963142738,71904500
2015-03-23,36.71028137207031,36.94154111621269,36.64175851424307,36.727412086527124,26246100
2015-03-24,36.74455261230469,36.975809150846175,36.6160738532478,36.64176829811895,25513300
2015-03-25,35.51115798950195,36.77023774700006,35.494027274808474,36.76167075597844,43469900
2015-03-26,35.297035217285156,35.63964303722164,35.04864471119872,35.30560220982624,37495600
2015-03-27,35.091468811035156,35.485465468221484,34.97155706905235,35.21994427715248,34401400
2015-03-30,35.08290100097656,35.57968194028548,35.040075846603344,35.20281274016152,35049700
2015-03-31,34.82594680786133,35.142856871047286,34.72316578389423,34.928727831828425,34887200
2015-04-01,34.877342224121094,34.91160039042277,34.52617069756526,34.77455792316562,36865300
2015-04-02,34.50904083251953,34.89447380224075,34.3634313695803,34.82595093324577,37487500
2015-04-06,35.5882453918457,35.78524371433467,34.41481918078109,34.55186163413645,39223700
2015-04-07,35.57111740112305,35.89659447802625,35.382686055421246,35.63964026672375,28809400
2015-04-08,35.4769172668457,35.70817714916202,35.151443299750134,35.51117871622997,24753400
2015-04-09,35.52829360961914,35.6482053616801,35.33129526446898,35.33129526446898,25723900
2015-04-10,35.73386764526367,35.93086603836692,35.46834636724573,35.65678103341014,28022000
2015-04-13,35.768123626708984,36.02508116202886,35.45121347179213,35.45978046555655,30276700
2015-04-14,35.67390441894531,35.99937825330932,35.45120835611698,35.802379900715216,24244400
2015-04-15,36.19636154174805,36.36766538016522,35.6995840044221,35.7681035793796,27343600
2015-04-16,36.11072540283203,36.26489859107097,35.819509743641845,35.93085777233669,22509700
2015-04-17,35.64821243286133,35.750996755602046,35.25421566440777,35.691037600327874,42387600
2015-04-20,36.75310516357422,36.97579790856706,35.69959076861469,35.742415919496054,46057700
2015-04-21,36.521854400634766,36.95867954205219,36.427637085138834,36.83020079049403,26013800
2015-04-22,36.821632385253906,36.941544128880956,36.44476317116894,36.54754419894213,25064300
2015-04-23,37.12141418457031,37.35267396277477,36.658894628161384,36.73598122089621,46309500
2015-04-24,41.001426696777344,41.23268644660199,39.09996308824659,39.10852681201056,130933700
2015-04-27,41.13847351074219,41.22412709421346,40.44469745505055,40.45326117972262,59248200
2015-04-28,42.1063346862793,42.14915984120738,40.855821865219895,40.92434145963485,60730800
2015-04-29,42.020687103271484,42.23481615915726,41.541036841841304,41.72947145657282,47804600
2015-04-30,41.660945892333984,42.43181175054036,41.626684461447056,41.71233803866437,64725500
2015-05-01,41.678070068359375,41.866504641321605,41.45537733723531,41.609550484686345,38937300
2015-05-04,41.3183479309082,41.8579508497833,41.266955776436596,41.42969269790442,34039500
2015-05-05,40.770179748535156,41.2498301136694,40.52179247319051,40.95861440400768,50369200
2015-05-06,39.63957214355469,40.91578283036274,39.41687934978934,40.74447892197,52433000
2015-05-07,39.99932098388672,40.333361894276756,39.53680129226153,39.63101862952049,32971700
2015-05-08,40.89864730834961,41.095645636286896,40.70164898041232,40.72734342008026,35364900
2015-05-11,40.57316970825195,41.03568922022845,40.57316970825195,40.72734287891078,24609400
2015-05-12,40.55604553222656,40.83869747979287,39.759485111167464,40.12778738186577,29928300
2015-05-13,40.79586410522461,41.38685905749756,40.74447196128141,41.27551104596217,34184600
2015-05-14,41.72946548461914,41.815115787775895,41.13846728384878,41.13846728384878,32980900
2015-05-15,41.3697395324707,41.892215034820794,41.15561044248136,41.85795359625835,28642700
2015-05-18,41.12134552001953,41.30121642355795,40.77874096547324,41.095651076949906,24136500
2015-05-19,41.01789855957031,41.216177196164224,40.67306414635544,41.0006565100511,28574800
2015-05-20,41.01789855957031,41.31962620469481,40.750651724899555,40.854100733430144,25047900
2015-05-21,40.87995910644531,41.03513425192966,40.52650533919417,40.75926805742069,22410700
2015-05-22,40.431671142578125,40.81960564224872,40.36270296307343,40.776502174350185,25720600
2015-05-26,40.1644287109375,40.41443345572515,39.819594353396994,40.37132998317863,29581900
2015-05-27,41.04374694824219,41.1816800119841,40.19028385543787,40.362701007261165,27335600
2015-05-28,40.90581512451172,41.397201884524556,40.854088990821616,40.948918591628264,19283700
2015-05-29,40.397193908691406,41.00927180704507,40.16443119623628,40.88858076101301,36519600
2015-06-01,40.7161750793457,41.18170063582927,40.190303982790404,40.56962256448159,28837300
2015-06-02,40.448909759521484,40.81960550162264,40.19028566443747,40.45753242622177,21498300
2015-06-03,40.38856887817383,41.155825161871846,40.362707452275124,40.836852229061684,28002200
2015-06-04,39.966148376464844,40.655813773110275,39.828215297135756,40.336844143771266,27745500
2015-06-05,39.77649688720703,40.10408924747941,39.5178727242908,39.923052662296506,25438100
2015-06-08,39.42303466796875,40.02649311146772,39.37130853101148,39.91442145901895,22121600
2015-06-09,39.354068756103516,39.60407019013781,39.19027097093389,39.448895071863355,24406100
2015-06-10,40.181663513183594,40.371322704494986,39.38854594926798,39.47475616740205,28417400
2015-06-11,40.035118103027344,40.44891739094934,39.76787457940646,40.22477734321075,27347800
2015-06-12,39.629940032958984,40.06098135317447,39.569594511215556,39.84546069306673,23931000
2015-06-15,39.2075080871582,39.354063808697056,38.81095096301404,39.18164666689159,33254500
2015-06-16,39.50925064086914,39.86270440667603,39.05234458610577,39.095448062212085,27070300
2015-06-17,39.629940032958984,39.716146981568365,39.1040690961226,39.42303875227846,28704100
2015-06-18,40.27649688720703,40.34546177960037,39.80234886444838,39.84545562185108,32658300
2015-06-19,39.742000579833984,40.37132367733521,39.647174270476796,40.33683958925061,63837000
2015-06-22,39.854087829589844,40.276509852597236,39.79374229610092,39.940298083563256,20318100
2015-06-23,39.57821273803711,39.897182384903864,39.328207990332594,39.7678719657556,25896500
2015-06-24,39.345455169677734,39.8713261597967,39.267867592634204,39.37131659916403,34890900
2015-06-25,39.354068756103516,39.70752246137669,39.22475506134685,39.68165774927504,20616000
2015-06-26,39.01785659790039,39.89718123481451,38.81957799672134,39.354071570596105,49835300
2015-06-29,38.2506103515625,38.9920020360465,38.241990971117545,38.828207498914914,34081700
2015-06-30,38.06095504760742,38.5523419561478,37.87991516926249,38.543719286967935,35945400
2015-07-01,38.319576263427734,38.99199970989857,38.0178453484998,38.328195643358484,28343900
2015-07-02,38.27647399902344,38.578201634924206,37.98336574332644,38.34543890640736,21752000
2015-07-06,38.26784896850586,38.34543653988976,37.88853377984253,37.89715315951435,23034000
2015-07-07,38.19026184082031,38.35405965374735,37.34542121403811,38.224745937076996,36435800
2015-07-08,38.13853454589844,38.70750891357045,37.95749470591513,38.31094842994496,39785900
2015-07-09,38.379920959472656,38.98337948770593,38.3626789113992,38.57819957944077,32424700
2015-07-10,38.45750045776367,38.91440312574288,38.42301636885633,38.802331481085886,25465800
2015-07-13,39.259246826171875,39.328211731895216,38.75061790319727,38.77647933177047,28178300
2015-07-14,39.32821273803711,39.6213209941751,39.06096919971852,39.181660254260414,22880300
2015-07-15,39.44890594482422,39.56097762526375,39.164420341966654,39.379941033573964,26629600
2015-07-16,40.224769592285156,40.25063101511441,39.62993384712599,39.66441464803706,26271700
2015-07-17,40.19028854370117,40.3282216235332,39.879938291933094,40.12994302681116,29467100
2015-07-20,40.448909759521484,40.62994958580571,40.03511054967029,40.21615037595452,30631900
2015-07-21,40.759254455566406,40.80236120604805,40.0695891994436,40.32821325941673,42781900
2015-07-22,39.259246826171875,40.45754124930242,38.96613857753254,39.173036583287065,59152400
2015-07-23,39.750648498535156,39.85409753992337,38.879942808475946,39.02649863164617,33934000
2015-07-24,39.60408401489258,39.931676411001945,39.48339294490098,39.57822258234724,32333200
2015-07-27,39.095455169677734,39.66442970803894,39.009248201792865,39.60408417280252,39701400
2015-07-28,39.08682632446289,39.345450454083405,38.61268153872791,39.29372760130984,34328900
2015-07-29,39.90580749511719,40.32822616087371,39.01786011074775,39.13855444669115,40945900
2015-07-30,40.41443634033203,40.862719721697545,39.59545714915628,39.879942719136004,39777900
2015-07-31,40.25926971435547,40.83686364478426,40.08685248680274,40.76789872691422,31201500
2015-08-03,40.354095458984375,40.51789000062831,40.043745137061315,40.50064795067872,24125900
2015-08-04,40.98340606689453,41.12995852491602,40.24201453233309,40.30236004899888,33403900
2015-08-05,41.01789855957031,41.73342552740185,40.98341446053189,41.3627296842005,26959700
2015-08-06,40.19028854370117,41.18168481589541,39.940287097407136,41.12995867773939,27368000
2015-08-07,40.293739318847656,40.32822012108304,39.87993680618398,39.99200845705472,19163000
2015-08-10,40.80237579345703,40.94030889399457,40.379953823232036,40.47478344646119,23079900
2015-08-11,40.00926208496094,40.46616491054413,39.56960130977889,40.36271589672215,29237400
2015-08-12,40.293739318847656,40.431672393540914,39.4057920674624,39.819591291542174,30181400
2015-08-13,40.285125732421875,40.60409542293873,40.07822771803757,40.569614612931105,22627200
2015-08-14,40.517887115478516,40.604094070503166,40.10408781190803,40.11270719197668,21473400
2015-08-17,40.79375457763672,40.90582625349735,40.14719252923134,40.3540938316983,21099700
2015-08-18,41.01936721801758,41.158209875776556,40.524740042859335,40.64622695461468,23574100
2015-08-19,40.446632385253906,40.85448405539909,40.17762334384143,40.59415123003956,31485500
2015-08-20,39.622257232666016,40.32514998077382,39.622257232666016,39.97804171522854,36238200
2015-08-21,37.3747444152832,39.46606387142714,37.3747444152832,39.30986546306202,70053100
2015-08-24,36.16854476928711,37.04498836913857,34.46772149396415,35.10119128598944,88753700
2015-08-25,35.118560791015625,37.52227777972058,35.04913778428121,36.94087168426893,70616600
2015-08-26,37.06235885620117,37.175169587679925,35.63054409163573,36.45492078474712,63408000
2015-08-27,38.09500503540039,38.13839276026106,37.25326926996433,37.51359892939955,50943200
2015-08-28,38.121036529541016,38.31194648885598,37.65244116227948,37.66112069330534,28246700
2015-08-31,37.76524353027344,38.12102808730533,37.40077944413783,37.799955026147394,34441700
2015-09-01,36.290042877197266,36.95822436527995,36.15120018553534,36.59376023074809,49688900
2015-09-02,37.62640380859375,37.643759557892174,36.34210815294693,36.75863620529692,37671500
2015-09-03,37.74789047241211,38.164418521771765,37.55698054177076,37.669791256265256,28285200
2015-09-04,36.9755744934082,37.34871479118968,36.6197899432294,37.14912865916453,37138800
2015-09-08,38.086307525634766,38.18176246143149,37.4875492605503,37.574324669309334,32469800
2015-09-09,37.3747444152832,38.52887673150658,37.23590175343312,38.36399879474886,33469500
2015-09-10,37.56565475463867,37.99953849176242,37.09705952408018,37.41813256267609,31366600
2015-09-11,37.73052215576172,37.82597708928777,37.26192701496269,37.43548113862191,27132500
2015-09-14,37.348716735839844,37.695821775154975,37.19251830955334,37.68714555603708,23656000
2015-09-15,38.16440963745117,38.43341872161655,37.38342096806025,37.478872600889986,28882200
2015-09-16,38.44209671020508,38.511519693937885,38.04292448455163,38.15573517798241,23372200
2015-09-17,38.39870834350586,39.04953390865003,38.25118947100279,38.43341983477835,32768200
2015-09-18,37.73052215576172,38.17308533660621,37.60035904571948,37.747877899154595,63143700
2015-09-21,38.27722930908203,38.58962617426372,37.83466597998441,37.85202172919125,26177200
2015-09-22,38.09500503540039,38.22516820998239,37.583021937393596,37.64376541425277,28085900
2015-09-23,38.06897735595703,38.32930706738909,37.756580378129804,38.121044622352194,17145200
2015-09-24,38.10365676879883,38.29456660782227,37.54828630284238,37.70448466017627,27905600
2015-09-25,38.12969207763672,38.81522900507301,37.97349370656847,38.598287190841475,29384600
2015-09-28,37.56565475463867,38.25986807198262,37.496231767769174,38.03424998519717,27613800
2015-09-29,37.69581604003906,37.80862673303175,37.35738727133105,37.63507258464378,32763600
2015-09-30,38.407386779785156,38.44209827306275,37.886727621702036,38.0776375244586,34958900
2015-10-01,38.711097717285156,38.83258460316032,37.964817349458414,38.83258460316032,28657900
2015-10-02,39.54418182373047,39.54418182373047,38.112363504973736,38.416084247577274,41839000
2015-10-05,40.46400833129883,40.68962647428955,39.65698411438379,39.70037183685073,34369300
2015-10-06,40.5681266784668,40.941266931988736,40.10821100749464,40.20366595285188,27017200
2015-10-07,40.61151123046875,41.088782609886756,39.87391030866544,40.87184077285405,27711500
2015-10-08,41.17555618286133,41.236299624814414,40.351176643151675,40.40324386922689,33772700
2015-10-09,40.880531311035156,41.2536716360563,40.715653351908685,41.17557242127814,28600600
2015-10-12,40.78506851196289,40.84581196620166,40.351184804388815,40.76771276642753,19769100
2015-10-13,40.68963623046875,40.89790198262553,40.40327454530899,40.40327454530899,19987800
2015-10-14,40.50738525390625,40.871845997783254,40.377218810938665,40.481353289420795,24697800
2015-10-15,40.79374694824219,40.81110269472148,40.3772189635498,40.79374694824219,27189400
2015-10-16,41.227630615234375,41.253665890047856,40.69829524465589,40.80242641309934,26450300
2015-10-19,41.323089599609375,41.548711015244216,40.802430396294405,41.149535428414225,29387600
2015-10-20,41.4532585144043,41.487970012756364,40.80243281652113,41.16689361840577,30802200
2015-10-21,40.95863342285156,41.644170655473985,40.88053420254938,41.58342387499819,25144300
2015-10-22,41.67887878417969,42.47722673612618,40.863178392432296,41.24499496319836,56637100
2015-10-23,45.878875732421875,46.920197597259445,45.34086070452633,45.38424842592145,135227100
2015-10-26,47.07638168334961,47.13712513682911,45.557788725822206,45.583820688664865,64633300
2015-10-27,46.590423583984375,47.18050559303136,46.49497196480953,46.85075641347585,50999900
2015-10-28,46.84208297729492,46.84208297729492,45.87018443437666,46.4602665201445,47000800
2015-10-29,46.304080963134766,46.71193280584984,46.182594025373874,46.46027940033327,30202100
2015-10-30,45.67928695678711,46.85077522917071,45.661931207166155,46.269369202816456,46619800
2015-11-02,46.199947357177734,46.30407853977002,45.66192907486463,45.86151522077926,30285000
2015-11-03,46.9896125793457,47.197874930603646,45.90490317825527,45.93093514459492,36596900
2015-11-04,47.20655822753906,47.623086273572156,46.911517114481796,47.015648298422406,37087800
2015-11-05,47.18918991088867,47.466875200956466,46.859437387582005,47.28464485002506,31468500
2015-11-06,47.65779495239258,47.709862200034664,46.82473885174338,46.93754956649922,32851200
2015-11-09,46.99828338623047,47.61439746064003,46.47762425776859,47.33671215075769,32513100
2015-11-10,46.434234619140625,46.97225281952088,46.22597228567159,46.920185581018565,55283700
2015-11-11,46.55573272705078,47.03300424154126,46.390854765671236,46.59912044468253,36516300
2015-11-12,46.26936721801758,46.842093689857954,46.15655650545596,46.408209898758564,35361100
2015-11-13,45.85283279418945,46.24332881388543,45.583823689449964,46.05241891308514,36848200
2015-11-16,46.65986251831055,46.76399369957184,45.861514634585774,46.06110408821989,32165200
2015-11-17,46.27547073364258,46.76469387950665,46.1706343458865,46.4501913814039,31551300
2015-11-18,47.04426193237305,47.15783304608144,46.28421627235059,46.30168900773523,29710000
2015-11-19,47.12287521362305,47.75188019212984,46.983096699797386,47.16655870691696,28149200
2015-11-20,47.34128189086914,47.43738024914174,46.537556226376196,47.39370008608587,37147600
2015-11-23,47.34128189086914,47.5771587704702,46.95689179036158,47.39370008608587,28235900
2015-11-24,47.393707275390625,47.55969325321499,46.8083856699705,47.105412156840416,24600000
2015-11-25,46.904483795166016,47.37623765695746,46.904483795166016,47.25393184077083,21005100
2015-11-27,47.1141471862793,47.245191019552685,46.99184138593513,47.000576086281235,9009100
2015-11-30,47.481056213378906,48.01396282025009,47.175291766444225,47.64704548392847,56241400
2015-12-01,48.241111755371094,48.24984645540346,47.43738271649116,47.5334810797621,39952800
2015-12-02,48.23237609863281,48.88758860857376,48.101335596194524,48.32847446663746,47274900
2015-12-03,47.35002136230469,48.721599185963505,47.1141444755338,48.476987599349066,38627800
2015-12-04,48.84389877319336,49.123455788827485,47.26265169578956,47.2801244258395,43963700
2015-12-07,48.75653839111328,48.89631689874568,48.30225740816236,48.73906566108642,30709800
2015-12-08,48.73907470703125,49.009893741255226,48.04018203915516,48.459517639880815,32878000
2015-12-09,48.031436920166016,48.80895510675759,47.62083608035952,48.37214683720433,36373200
2015-12-10,48.284793853759766,48.6255038225729,48.057651652828916,48.38962692126001,31775800
2015-12-11,47.22772216796875,48.13628104487922,47.18403866489849,47.79557104946487,39549500
2015-12-14,48.17122268676758,48.23237558710686,46.89574314742953,47.46359531638928,46768900
2015-12-15,48.223636627197266,48.83516890915725,48.12753826870005,48.62549946038306,39843000
2015-12-16,49.03609848022461,49.140931534374786,47.83924139272784,48.52066457616075,37503300
2015-12-17,48.66045379638672,49.61269619022073,48.51193721547066,49.23704071991847,41280900
2015-12-18,47.28886032104492,48.92252218222103,47.20149667474155,48.72159079459679,84684200
2015-12-21,47.9004020690918,48.35467979015055,47.376230084466826,47.94408223466479,37246300
2015-12-22,48.354671478271484,48.46824255530549,47.612098793425346,48.04017234065664,28322200
2015-12-23,48.76527404785156,48.817692238961925,48.433298835984374,48.660440998213396,27279800
2015-12-24,48.634239196777344,48.88758883494761,48.42457305887196,48.80022849958422,9558500
2015-12-28,48.87884521484375,48.87884521484375,48.03143611960808,48.35467330056684,22458300
2015-12-29,49.40300750732422,49.665091764806945,48.97493733103827,49.17586870619443,27731400
2015-12-30,49.19334411621094,49.603941586704686,49.175871387081926,49.333122616660745,21704500
2015-12-31,48.46826171875,49.08852887322421,48.41584350879779,48.95748834721933,27334100
2016-01-04,47.87418746948242,47.87418746948242,46.642388236512765,47.45485191491645,53778000
2016-01-05,48.09258270263672,48.38961241533168,47.647039799885334,47.98774966656265,34079700
2016-01-06,47.2189826965332,47.52475054579765,46.86079997731386,47.454859609080074,39518900
2016-01-07,45.576568603515625,46.72974538365971,45.48920829153578,46.039587588239186,56564900
2016-01-08,45.71635818481445,46.54629128706302,45.559106930527115,45.75130031598054,48754000
2016-01-11,45.69014358520508,46.1706320073778,44.95630557099458,45.873602255612056,36943800
2016-01-12,46.10947799682617,46.38903501139124,45.480476380346005,46.092005266843046,36095500
2016-01-13,45.113563537597656,47.23645227616539,44.816533741550806,47.00057537937086,66883600
2016-01-14,46.397769927978516,46.668588893080624,45.05239980283513,45.428055140798314,52381900
2016-01-15,44.54571533203125,45.40185926607658,43.977863165252145,44.825272398961026,71820700
2016-01-19,44.170066833496094,45.14851672137382,43.73325843126344,44.97379269396403,43564500
2016-01-20,44.37099075317383,44.886424713460386,42.894576471843244,43.66336006216184,63273000
2016-01-21,44.10017013549805,45.06115049457548,43.942918864605076,44.5544512144574,40191200
2016-01-22,45.68141174316406,45.716357206164915,44.78158440009738,44.91262822005919,37555800
2016-01-25,45.24461364746094,45.99592460834318,45.12230783198402,45.3756541643647,34707700
2016-01-26,45.576568603515625,45.81244544495994,45.03492733755957,45.244596751926395,28900800
2016-01-27,44.74664306640625,45.60278692967437,44.571919080873755,45.43679764375622,36775200
2016-01-28,45.48047637939453,45.611516855391514,44.77284581171384,45.305752412149396,62513800
2016-01-29,48.12753677368164,48.12753677368164,47.17529458305373,47.81303427658138,83611700
2016-02-01,47.795562744140625,48.12753798080439,47.61210406042492,47.94407929708868,44208500
2016-02-02,46.301673889160156,47.40242919830204,45.99590945122698,47.32380358103601,56313800
2016-02-03,45.56785583496094,46.64240418583624,44.78159931842589,46.520098357171655,57559800
2016-02-04,45.42806625366211,46.135696946958674,44.877686825542554,45.515426586501306,46987100
2016-02-05,43.82060241699219,45.42805687032227,43.29643386305989,45.375638681896085,62009000
2016-02-08,43.1653938293457,43.30517234477795,42.09958056631063,43.28769961377609,59290500
2016-02-09,43.05183029174805,43.890504863956295,42.51892356680408,42.82469141406834,46740500
2016-02-10,43.42747497558594,44.021534456179175,43.26148904199582,43.58472621060076,38237000
2016-02-11,43.41001510620117,43.7769358741313,42.37914707463175,42.52766365506977,48878600
2016-02-12,44.11763381958008,44.27488505821687,43.46242143612097,43.899229691760375,34243300
2016-02-16,44.953521728515625,44.953521728515625,44.10882923342252,44.7863440544377,37291200
2016-02-17,46.123783111572266,46.43174629779717,45.270293002144776,45.30548937025798,40789000
2016-02-18,45.921409606933594,46.590127183448786,45.84221945593865,46.0445968968783,27176000
2016-02-19,45.595855712890625,46.00060391835562,45.34068705254978,45.727840428656094,33559100
2016-02-22,46.326168060302734,46.63412793994326,46.00060663724166,46.00060663724166,25008300
2016-02-23,45.03272247314453,46.079789248847334,44.85674398939766,46.05339365106394,28895300
2016-02-24,45.19110107421875,45.3142850012582,44.17042993466441,44.601573679302476,33014500
2016-02-25,45.84223175048828,45.84223175048828,44.531198557030834,45.51667364531253,26939500
2016-02-26,45.13831329345703,46.3525612756069,44.96233478993359,46.28216853159322,35975900
2016-02-29,44.76875686645508,45.44627185381783,44.575180196777026,45.182302447343965,31654000
2016-03-01,46.26457595825195,46.27337337342729,44.80395665733598,44.8479538027455,33024500
2016-03-02,46.59013366699219,46.59893108210013,45.895020395582634,46.11499269490129,29289900
2016-03-03,46.06218338012695,46.607716924380284,45.560646966852964,46.607716924380284,24427800
2016-03-04,45.78063201904297,46.15018721242229,45.49906775575909,46.106193425629954,33034200
2016-03-07,44.900753021240234,45.57826823204434,44.504805493968654,45.36709666503437,38407800
2016-03-08,45.44626998901367,45.868616322927046,44.52238381728598,44.69836229554412,33835100
2016-03-09,46.493343353271484,46.50214076800762,45.63105237916726,45.65744797988643,28251600
2016-03-10,45.79822540283203,46.58132613775923,45.015124667904836,46.57252872392753,38387800
2016-03-11,46.695716857910156,46.695716857910156,46.08859455358702,46.63412488601552,32275700
2016-03-14,46.78371810913086,47.153273405062514,46.30858038080689,46.37896978790567,24083600
2016-03-15,47.15325927734375,47.15325927734375,46.40535484887842,46.414152263438055,21104800
2016-03-16,47.82197189331055,48.041944171304635,46.986079922141485,47.03007370643819,31691700
2016-03-17,48.09475326538086,48.39391578814989,47.514026410183526,47.69880237399368,28223900
2016-03-18,47.06527328491211,48.36750885662904,47.03007691247119,48.32351171282247,67625500
2016-03-21,47.39082717895508,47.452419147065015,46.57253005233955,46.85409429413086,23925700
2016-03-22,47.57560729980469,47.73398761941301,47.03887436741103,47.17085908592157,23124100
2016-03-23,47.48761749267578,47.72518796091972,47.28524339524812,47.61080143402212,20129000
2016-03-24,47.69878387451172,47.80437297560439,47.27643753967193,47.37322587075173,19950000
2016-03-28,47.1092643737793,47.76918121494782,46.92448846381466,47.69878847409807,17025100
2016-03-29,48.13874435424805,48.27072909612097,47.030085277258905,47.21486123067186,23924300
2016-03-30,48.437889099121094,48.95702374681565,48.30590776215412,48.332303358245476,23008300
2016-03-31,48.596275329589844,48.9130359474509,48.27071729745957,48.349907451924835,26360500
2016-04-01,48.89543914794922,48.9306355190446,48.01555000962872,48.437896393241274,24399200
2016-04-04,48.77225875854492,48.974632872319724,48.39390613298435,48.77225875854492,18928800
2016-04-05,48.006744384765625,48.65786035611982,47.91875347207579,48.561072030416064,19272300
2016-04-06,48.499481201171875,48.56987393296584,47.69878233782152,47.83076703168012,21188700
2016-04-07,47.91876220703125,48.3147129950368,47.71638810571969,48.279516623545035,19225100
2016-04-08,47.88357162475586,48.64027692076232,47.7955840418993,48.10354393840838,22167200
2016-04-11,47.786773681640625,48.52588058956278,47.77797291183226,47.94515397308896,21414200
2016-04-12,48.085941314697266,48.20032448257272,47.30283718552731,47.839570080903435,24944300
2016-04-13,48.70185470581055,48.781044849905776,48.29710657221724,48.49948063901389,20818000
2016-04-14,48.71065902709961,48.90423569489343,48.455490393464196,48.587475095416416,20877100
2016-04-15,48.965824127197266,49.20339120315099,48.490683262269506,48.65786096370254,28793800
2016-04-18,49.678531646728516,49.792918155428396,48.57867040752618,48.825041607534395,23786000
2016-04-19,49.61695098876953,49.95130982147799,48.99223046815151,49.82812587166721,29596800
2016-04-20,48.913028717041016,49.71372755760217,48.82504116131302,49.52895167666731,36195700
2016-04-21,49.0802116394043,49.4761623953437,48.76345103465277,49.09780982372499,38909100
2016-04-22,45.56064987182617,46.13257904592577,44.67196348744362,45.6750363779481,126834100
2016-04-25,45.85102081298828,45.86861899749126,45.42867445444821,45.560655803454836,33226900
2016-04-26,45.261497497558594,46.062196504479566,44.95353763201622,45.98300634526713,33532600
2016-04-27,44.8215446472168,45.31428369771032,44.4783884727612,45.29668551485232,43369300
2016-04-28,43.906471252441406,44.671973896216734,43.60730879815403,44.539989177129925,43134800
2016-04-29,43.88007736206055,44.21443622758483,43.42253453463554,43.42253453463554,48411700
2016-05-02,44.53119659423828,44.65438055528002,43.80088688733197,43.9944636012611,33114500
2016-05-03,43.800872802734375,44.35520380568286,43.64249251617767,44.293611844967494,26460200
2016-05-04,43.88007736206055,44.0472584730783,43.51932289227503,43.853681757799315,24257600
2016-05-05,43.9416618347168,44.25842245777176,43.75688592343829,43.88006986429063,25390700
2016-05-06,44.33760452270508,44.33760452270508,43.6952859793935,43.92405563401419,24787300
2016-05-09,44.05604934692383,44.51359210640636,43.99445737511952,44.42560453426041,17951600
2016-05-10,44.89194107055664,44.962330451267285,44.16163152618479,44.28481881632171,22891000
2016-05-11,44.9183349609375,45.56065355936164,44.874341180102206,44.988727695482225,24039100
2016-05-12,45.32307815551758,45.58704752466487,44.80394354284317,45.05031473027998,24102800
2016-05-13,44.94473648071289,45.66624526843837,44.909540111431035,45.26149373471805,22592300
2016-05-16,45.604652404785156,45.71903556793896,44.654370591901454,44.69836437438448,20032000
2016-05-17,44.7540397644043,45.83501353115045,44.621135314713776,45.826154586499015,27803500
2016-05-18,45.019866943359375,45.31225951148461,44.56798291081939,44.727470995246755,24907500
2016-05-19,44.585697174072266,44.851509479659576,44.14267553809779,44.71860501685934,23842400
2016-05-20,44.85151672363281,45.3831448006576,44.656589470712376,44.72747118632324,23905800
2016-05-23,44.32874298095703,44.90467244889536,44.284441494189494,44.83378736607788,26118700
2016-05-24,45.71098327636719,45.81730754758918,44.65659275177895,44.92240511982776,34757900
2016-05-25,46.180580139160156,46.50841862420256,45.88818758059402,46.00337078670239,24040200
2016-05-26,45.97679901123047,46.05654306548342,45.507197013956386,46.012241564229086,24335200
2016-05-27,46.357784271240234,46.357784271240234,45.87046114184958,46.003365606236,17721400
2016-05-31,46.960296630859375,46.960296630859375,46.145138387208064,46.30462307749834,37653100
2016-06-01,46.8273811340332,46.91598748082555,46.464103562150896,46.464103562150896,25324800
2016-06-02,46.49954605102539,46.72991917245203,45.93247895210831,46.64131282575466,22840800
2016-06-03,45.88819885253906,46.4464038869153,45.71984840535643,46.4109647117083,23368300
2016-06-06,46.18944549560547,46.384372754106856,45.97679358270965,46.06539995474436,18243300
2016-06-07,46.16285705566406,46.72106531102064,46.16285705566406,46.286905963511074,20866800
2016-06-08,46.10969924926758,46.464114580522455,45.95907011399407,46.09197797570673,21149400
2016-06-09,45.7375602722168,46.07425771731674,45.622377061514435,46.07425771731674,20305700
2016-06-10,45.61351776123047,46.11856227239891,45.223659848394995,45.23251879596478,25833200
2016-06-13,44.42620086669922,44.94010749141307,43.46927606824705,43.930018889718916,83217800
2016-06-14,44.151546478271484,44.390775233986574,43.92117328982269,44.21356924901058,42577100
2016-06-15,44.027496337890625,44.40849527901844,44.027496337890625,44.107240380917084,33757600
2016-06-16,44.64772033691406,44.718605421705405,43.868001304143725,43.87686362973608,31188600
2016-06-17,44.41735076904297,44.68316307822001,44.142676134234115,44.66544180694329,45710500
2016-06-20,44.364192962646484,45.037587842399944,44.3287504152937,44.869237432467905,35607900
2016-06-21,45.35655975341797,45.56921165344401,44.443936146611485,44.47937869328037,34097800
2016-06-22,45.179344177246094,45.595782182136745,45.143901638110464,45.25908820030797,28816800
2016-06-23,45.994510650634766,46.12741850653784,45.3211191846942,45.43630238782388,29028800
2016-06-24,44.151546478271484,45.13505186284325,43.876871793578694,44.13382520377638,133503000
2016-06-27,42.911075592041016,43.549027824402486,42.5655192595075,43.50472295716541,50216300
2016-06-28,43.80597686767578,43.832560463448125,43.123723162622625,43.345233974133905,38140700
2016-06-29,44.7806396484375,44.94012775007323,44.12496596615865,44.22243129271245,31304000
2016-06-30,45.33884048461914,45.454027076392045,44.745193011611526,44.94012364692146,28527800
2016-07-01,45.329978942871094,45.82616444980957,45.25023490389861,45.30339872320934,21400400
2016-07-05,45.33884048461914,45.436305802274106,44.9578449210394,45.03758896457642,24806400
2016-07-06,45.52490234375,45.66666912609776,44.64771805423237,44.99327437495587,28167500
2016-07-07,45.52490234375,45.72869188212574,45.25022772420703,45.56034150434691,19585200
2016-07-08,46.340065002441406,46.393228818485426,45.67553251183282,45.835020579977844,28391000
2016-07-11,46.59701919555664,46.80967108348277,46.49069494158712,46.51727516008273,22269200
2016-07-12,47.146366119384766,47.31471652006594,46.774229532591534,46.90713400788033,27317600
2016-07-13,47.41218566894531,47.72230291847873,47.11979307480042,47.456490547441284,25356800
2016-07-14,47.61597442626953,47.8374852791681,47.47420761561395,47.70457741543401,24545500
2016-07-15,47.58052444458008,47.84633675053009,47.14636175353846,47.802035262869566,32024400
2016-07-18,47.8109016418457,48.14759908439036,47.447623978569524,47.580531842201914,31433900
2016-07-19,47.040042877197266,47.75773922718194,46.89827607250752,47.58938882287164,53336500
2016-07-20,49.538673400878906,50.36269381773736,49.20197605055299,49.7513252484496,89893300
2016-07-21,49.44121170043945,49.82221056083602,49.40576915994054,49.600699752697864,32776700
2016-07-22,50.12346267700195,50.17662648486735,49.423487750046895,49.68930340938736,32157200
2016-07-25,50.2652473449707,50.274109672763046,49.84880581841134,50.0348775221856,25610600
2016-07-26,50.291812896728516,50.761418113080715,50.07030208636945,50.07916441157638,28079000
2016-07-27,49.78678894042969,50.327276080193926,49.71590720963451,50.15892901206577,32327500
2016-07-28,49.80449676513672,49.94626356842173,49.370337408820795,49.61842846957275,37550400
2016-07-29,50.2209358215332,50.29181752978487,49.662727581607996,49.84879586825405,30558700
2016-08-01,50.13233184814453,50.28295758768746,49.7424706305285,50.15004973986619,26003400
2016-08-02,50.13233184814453,50.41586543550874,49.89309975005842,50.371560566243666,35122000
2016-08-03,50.4778938293457,50.60193936516147,50.05259340083992,50.22094043087741,22075600
2016-08-04,50.85002136230469,50.96520793071532,50.2120691433987,50.32725571180934,26587700
2016-08-05,51.355072021484375,51.57658286013466,50.90319139783215,51.08040074474981,29335200
2016-08-08,51.44368362426758,51.470263846016806,51.19558916132058,51.44368362426758,19473500
2016-08-09,51.56772994995117,51.83354231144827,51.40824185705541,51.54114634781018,16920700
2016-08-10,51.408233642578125,51.6740459616013,51.231024303233674,51.53227916612314,15756900
2016-08-11,51.65633010864258,51.78923797209029,51.41709798242913,51.41709798242913,18162300
2016-08-12,51.33734893798828,51.558859768825286,51.05381534491588,51.41709297228908,21655200
2016-08-15,51.49683380126953,51.83353118958107,51.35506701355733,51.399368500969864,19283900
2016-08-16,51.21152877807617,51.37201086423495,51.05996425284453,51.36309670436079,20523500
2016-08-17,51.31853485107422,51.42552180766032,51.024316469144914,51.30070312480087,18856400
2016-08-18,51.35419464111328,51.44335327202613,51.0599796617359,51.19371250652416,14214300
2016-08-19,51.372013092041016,51.47008586017475,50.99755714213379,51.202616838662,17271000
2016-08-22,51.416595458984375,51.487922351890916,51.05105363547196,51.354186128217876,15221900
2016-08-23,51.61273956298828,51.871294440928345,51.57707611753724,51.62165712487772,18732400
2016-08-24,51.666229248046875,51.74647029126942,51.4611695600455,51.53249304232498,18151500
2016-08-25,51.86237716674805,51.96936750369473,51.514667074304775,51.60382568842701,18552600
2016-08-26,51.737552642822266,52.33490338603597,51.43442019127792,51.96044405127979,20971200
2016-08-29,51.79997253417969,52.24575544205061,51.79997253417969,51.8712994319448,16417200
2016-08-30,51.61273956298828,51.88020860176444,51.36310224693766,51.692980614726466,16930200
2016-08-31,51.2293586730957,51.53249111380852,51.086708312822196,51.39875831414434,20860300
2016-09-01,51.34526824951172,51.55032795019065,50.82815851654061,50.82815851654061,26075400
2016-09-02,51.416595458984375,51.88021005971656,51.1937040202316,51.416595458984375,18900500
2016-09-06,51.363101959228516,51.532498222592096,51.00647430882239,51.51466649996645,16278400
2016-09-07,51.40768051147461,51.56816261700586,51.18478907613158,51.238284244993125,17493400
2016-09-08,51.20262145996094,51.52358567516615,50.979730021741034,51.38093529074755,20146100
2016-09-09,50.11491775512695,51.28287029294718,50.11491775512695,50.632027602744046,35113900
2016-09-12,50.863826751708984,51.00647713957757,49.57997326089168,49.927683368755524,29303000
2016-09-13,50.40021896362305,50.50720931979807,49.9722677420849,50.37347307510628,30130200
2016-09-14,50.15947723388672,50.489358941980434,49.954417561885414,50.27538170973188,24062500
2016-09-15,50.98863983154297,51.13129020378808,49.90984617887343,50.06141411247627,26847000
2016-09-16,51.04214096069336,51.38093690975802,50.59635807020695,51.38093690975802,44607000
2016-09-19,50.7568359375,51.48791954466466,50.685509048482345,51.059968413718515,20937100
2016-09-20,50.64985656738281,51.131299535921535,50.59636139263239,51.131299535921535,17384000
2016-09-21,51.4968376159668,51.57707867167858,50.89057601854316,51.27394617244,33707300
2016-09-22,51.55032730102539,51.710809395371136,51.380931046350725,51.63948250852718,19822200
2016-09-23,51.20262145996094,51.63057261321674,51.15804385252764,51.59490916684873,19955300
2016-09-26,50.73008728027344,50.94406113351789,50.66767795632272,50.89056937073332,21688700
2016-09-27,51.666229248046875,51.76430201210253,50.53394048304128,50.75683189187577,28065100
2016-09-28,51.737552642822266,51.7643019245532,51.41658847047496,51.60381983837954,20536400
2016-09-29,51.17586898803711,51.86237153645653,51.006469340121946,51.54141076362082,25463500
2016-09-30,51.35419464111328,51.50576261313812,51.122389002847896,51.32744875236643,29910800
2016-10-03,51.193695068359375,51.3095995485384,50.87273430956437,51.184780908831534,19189500
2016-10-04,51.033226013183594,51.35418683250444,50.79250284790283,51.05997189786362,20085900
2016-10-05,51.38984680175781,51.67514755588272,51.05105088083951,51.07780016476284,16726400
2016-10-06,51.47901153564453,51.585998480902354,51.06888867689114,51.47901153564453,16212600
2016-10-07,51.532493591308594,51.69297567946331,51.19369769397608,51.57707119333979,20089000
2016-10-10,51.74647521972656,52.05852186139373,51.59490727873586,51.63057072379877,18196500
2016-10-11,50.98863983154297,51.72864097578856,50.721170808715016,51.61273648551029,26497400
2016-10-12,50.91731643676758,51.05996680926714,50.28430562136659,50.91731643676758,22177500
2016-10-13,50.74790954589844,51.086705407676554,50.21297157555629,50.551767437334405,25313700
2016-10-14,51.193695068359375,51.47899918904302,50.92622606883711,50.92622606883711,27402500
2016-10-17,51.01538848876953,51.22936234398587,50.703338465087135,51.14020713782124,23830000
2016-10-18,51.40768051147461,51.66623539272534,51.18478907613158,51.29177601280128,19149500
2016-10-19,51.29178237915039,51.56816901766015,51.17588126714479,51.238290604702826,22878400
2016-10-20,51.04214096069336,51.282864129682444,50.51611701387726,51.265032405936566,49455600
2016-10-21,53.19080352783203,53.89514116765932,53.03923900842894,53.74357324720337,80032200
2016-10-24,54.38551330566406,54.38551330566406,53.43153818041949,53.44045234187487,54067000
2016-10-25,54.3765983581543,54.715390905418744,54.20719868346853,54.25177629220822,35137200
2016-10-26,54.05562973022461,54.56382191077799,53.91297935324565,54.2161118294576,29911600
2016-10-27,53.58309555053711,54.233941484312446,53.574181390276536,54.03779594804847,28479900
2016-10-28,53.37803649902344,53.95755555350445,53.119485035704884,53.50285515049857,33574700
2016-10-31,53.422630310058594,53.8684132868824,53.422630310058594,53.63660763539787,26434700
2016-11-01,53.31562042236328,53.51176593616113,52.82526003892139,53.46718833785782,24533000
2016-11-02,52.985748291015625,53.43153112812593,52.869843801072065,53.33345835979316,22147000
2016-11-03,52.78960037231445,53.17297386701453,52.70044516933661,53.074901103107116,21600400
2016-11-04,52.34382629394531,52.85201851807655,52.17443001958609,52.290334523649534,28697000
2016-11-07,53.8683967590332,53.95755536767493,53.2977952679388,53.2977952679388,31664800
2016-11-08,53.91297912597656,54.18936231711575,53.62767837322132,53.984302613638754,22935400
2016-11-09,53.645503997802734,54.0199633426297,52.78068762244505,53.493939468480846,49632500
2016-11-10,52.33491134643555,53.930814889988945,51.38093624521726,53.92189732770456,57822400
2016-11-11,52.62021255493164,52.70936777219035,51.71972921577248,51.91587477500587,38767800
2016-11-14,51.81780242919922,52.67370816689453,51.0688870343743,52.62021299545933,41328400
2016-11-15,52.841064453125,53.397572108767434,52.34739117875799,52.35636898638178,35904100
2016-11-16,53.541175842285156,53.55015022414003,52.78720107737686,52.90388516163871,27332500
2016-11-17,54.429771423339844,54.70802511824393,53.82838871297038,54.22332645900277,32132700
2016-11-18,54.16948318481445,54.87857916479194,54.124604429227304,54.555446646117154,27686300
2016-11-21,54.627262115478516,54.72599744433612,54.23232080004807,54.30412955704633,19652600
2016-11-22,54.860626220703125,54.9862881042249,54.58237588548477,54.73496433718135,23206700
2016-11-23,54.21435546875,54.84266478034467,54.0797158025346,54.76188166542122,21848900
2016-11-25,54.33103942871094,54.33103942871094,53.97200602616877,54.12459445184268,8409600
2016-11-28,54.402862548828125,54.77087385255994,54.04382562732057,54.160513140415,20732600
2016-11-29,54.83369827270508,55.12092640610697,54.32207294608112,54.438760445284835,22366700
2016-11-30,54.08869934082031,54.91448281364228,54.05279839124246,54.62725467284234,34655400
2016-12-01,53.13725662231445,53.98996665071213,52.90388162134862,53.95406227763592,34542100
2016-12-02,53.18213653564453,53.37960716783765,52.77822088980841,53.029548082789525,25515700
2016-12-05,54.052799224853516,54.38490612576972,53.46039074731373,53.586052632847995,23552700
2016-12-06,53.810455322265625,54.268224155393945,53.675815617447334,54.24129758404226,19907000
2016-12-07,55.085025787353516,55.0940035931507,53.6758115918063,53.864304425191165,30809000
2016-12-08,54.76189041137695,55.27351917028972,54.6093019610568,55.022191981483736,21220800
2016-12-09,55.62358093261719,55.64153312011425,54.869606177889025,54.914484934616844,27349400
2016-12-12,55.8030891418457,55.919776634305585,55.39917695661323,55.488934459102836,20198100
2016-12-13,56.5301513671875,56.92508927049017,55.8659374650862,56.09930908430366,35718900
2016-12-14,56.2608757019043,56.952019604803645,56.126235989691786,56.548103892196224,30352700
2016-12-15,56.171104431152344,56.68272973391492,55.9197772581251,56.27881412014728,27669900
2016-12-16,55.91977310180664,56.50320710322079,55.75820686830823,56.50320710322079,42453100
2016-12-19,57.10459518432617,57.239234866126814,56.02748800200906,56.15315330290335,34338200
2016-12-20,57.03278732299805,57.26615888048438,56.57501516450255,57.16742357476852,26028400
2016-12-21,57.03278732299805,57.17640137930407,56.65579828517651,56.93405201728219,17096300
2016-12-22,57.04176712036133,57.53544027179212,56.91610523716398,57.30206869214412,22176600
2016-12-23,56.76350402832031,57.032779920942204,56.3685628567147,56.95199681075276,12403800
2016-12-27,56.799415588378906,57.508511529937586,56.73658464915516,56.73658464915516,11763200
2016-12-28,56.53910446166992,56.90711563144937,56.39549043014693,56.90711563144937,14653300
2016-12-29,56.458335876464844,56.72761182682677,56.30574400270775,56.42243150334206,10250600
2016-12-30,55.77616500854492,56.5391175090992,55.67742969708254,56.512187517954395,25579900
2017-01-03,56.171104431152344,56.40447599464626,55.76718881738471,56.35959724290081,20694100
2017-01-04,55.91977310180664,56.32368868555266,55.75820686830823,56.08133933530505,21340000
2017-01-05,55.91977310180664,56.24290556880346,55.677423751559026,55.82103780088772,24876000
2017-01-06,56.404476165771484,56.68272990588433,55.686405863577846,55.91977742777979,19922900
2017-01-09,56.224952697753906,56.61989389660473,56.13519520203089,56.332662377427326,20382700
2017-01-10,56.20700454711914,56.61092015491494,55.90182424612111,56.30573985391692,18593000
2017-01-11,56.7186279296875,56.75453229895399,56.03646203376977,56.19802827143986,21517300
2017-01-12,56.198036193847656,56.90713217869322,55.605627713553424,56.60195184496409,20968200
2017-01-13,56.2788200378418,56.43140849462681,55.964661894531474,56.20701128827499,19422300
2017-01-17,56.1262321472168,56.27882403887968,55.67743770260696,56.2608718502117,20664000
2017-01-18,56.09929656982422,56.27881500365352,55.75821188795147,56.25188501296006,19670100
2017-01-19,55.91977310180664,56.530133667460845,55.83001560498709,55.86591997332652,18451700
2017-01-20,56.314720153808594,56.38652547391547,55.9826098482225,56.251885790674685,30213500
2017-01-23,56.512184143066406,56.65579819915437,56.162125095353815,56.2788125859344,23097600
2017-01-24,57.01485061645508,57.21232128149651,56.49424738099317,56.72762242586579,24672900
2017-01-25,57.15846252441406,57.53544822612475,56.95201748433012,57.400811942955215,23672700
2017-01-26,57.68801498413086,57.9303677354778,57.04175353531091,57.55338217566855,43554600
2017-01-27,59.04338073730469,59.16007164542345,58.244527380750355,58.693321709064385,44818000
2017-01-30,58.459957122802734,59.052369028451665,58.16375801803748,58.9626115164604,31651400
2017-01-31,58.029117584228516,58.47791198650707,57.67905849829598,58.21761041141841,25270500
2017-02-01,57.06869888305664,58.00219207866935,56.96996356490131,57.768817067751364,39671500
2017-02-02,56.700687408447266,56.91611024432979,56.32370172569011,56.77249616175138,45827000
2017-02-03,57.15846252441406,57.176414713642664,56.61093273704665,56.99689624538663,30301800
2017-02-06,57.122562408447266,57.13154021574648,56.67376791633309,56.99690049850013,19796400
2017-02-07,56.93404769897461,57.24820235330704,56.75452928620082,57.21230140997543,20277200
2017-02-08,56.853267669677734,57.27513544898525,56.74555798577996,57.059712657160595,18096400
2017-02-09,57.499534606933594,57.84062272343087,56.835320832370854,57.01483927177654,22644400
2017-02-10,57.44568634033203,57.71496573427612,57.42773415246711,57.67008355259895,18170700
2017-02-13,58.091941833496094,58.217603703811086,57.562360938832924,57.66109624380304,22920100
2017-02-14,58.30867385864258,58.444129799359786,57.81200437253795,58.164192574232814,23108400
2017-02-15,58.27254867553711,58.3086707170872,57.938431847954945,58.24545886676828,17005200
2017-02-16,58.26352310180664,58.91370614486905,58.19128590002529,58.4621909082508,20546300
2017-02-17,58.353824615478516,58.4170364653902,58.064855174514406,58.21836868293207,21248800
2017-02-21,58.236427307128906,58.65182045539396,58.20030526516129,58.34479343303177,20655900
2017-02-22,58.1190299987793,58.14611980513958,57.83909281362395,58.091940192419024,19292700
2017-02-23,58.353824615478516,58.453158506707574,57.96552128328534,58.17321440889162,20273100
2017-02-24,58.353824615478516,58.51637035661926,57.920367009244885,58.27254830012068,21796800
2017-02-27,58.00164794921875,58.28158517977988,57.83910219511783,58.28158517977988,15871500
2017-02-28,57.775882720947266,57.97454706010401,57.577214937003035,57.86618782491623,23239800
2017-03-01,58.64278793334961,58.68793531310116,57.81199484894567,57.911328729802946,26937500
2017-03-02,57.802978515625,58.4712190904346,57.68558359769826,58.4170394704589,24539600
2017-03-03,58.01971435546875,58.04680417034528,57.45080412954367,57.78492792203283,18135900
2017-03-06,58.03776550292969,58.299645167005046,57.622375756638775,57.76686049461348,18750300
2017-03-07,58.1551628112793,58.4983119047072,57.96552724205001,57.96552724205001,18521000
2017-03-08,58.687931060791016,58.76920736177353,58.01969063854829,58.02872286967384,21510900
2017-03-09,58.453155517578125,58.877573979810194,58.227397938070304,58.86854863712357,19846800
2017-03-10,58.63375473022461,58.93175636785964,58.4712090087486,58.79630045170062,19538200
2017-03-13,58.43510055541992,58.868558209974026,58.30867684150324,58.706012450713196,20100000
2017-03-14,58.164188385009766,58.290612083353516,57.92939856398217,58.272547618118786,14280200
2017-03-15,58.47121810913086,58.62473162286915,58.01970291137695,58.29061478585936,24833800
2017-03-16,58.371883392333984,58.48024951851572,58.064856369181655,58.47121728560681,20674300
2017-03-17,58.579586029052734,58.91370287628467,58.40800804399286,58.6157080727272,49219700
2017-03-20,58.63375473022461,58.859512293964954,58.44411920343161,58.61569715653798,14598100
2017-03-21,57.983585357666016,59.14849548480282,57.91134126693451,58.86855824518782,26640500
2017-03-22,58.72406005859375,58.823393944031615,57.90230605765039,57.90230605765039,20680000
2017-03-23,58.579586029052734,58.91370287628467,58.48927747507888,58.64279788308921,19269200
2017-03-24,58.67891311645508,59.10333157882724,58.48024534409068,59.022062157173394,22617100
2017-03-27,58.78728103637695,58.89564717084406,58.110008197502616,58.36285562168361,18614700
2017-03-28,58.95885467529297,59.121400420208765,58.38091577994239,58.66085299468484,20080400
2017-03-29,59.12141036987305,59.1485001836555,58.651830632389725,58.80535105978403,13618400
2017-03-30,59.3381233215332,59.58194537357785,59.02206407774829,59.07624369394719,15122800
2017-03-31,59.47358322143555,59.77158490957055,59.10333744716323,59.28394766250653,21040300
2017-04-03,59.193641662597656,59.54582294474425,58.868550188373916,59.428424590978885,20400900
2017-04-04,59.356197357177734,59.42843456056545,58.94982950143928,59.049163406870285,12997400
2017-04-05,59.202667236328125,59.91606203590174,59.09430800421426,59.87091465237923,21448600
2017-04-06,59.356197357177734,59.65419218389485,59.13043973384834,59.23879898371787,18103500
2017-04-07,59.3110466003418,59.5638940511602,59.094321198151206,59.46456013982778,14108500
2017-04-10,59.17557144165039,59.43745104205646,59.02205795196982,59.247815515467394,17952700
2017-04-11,59.130435943603516,59.24782741996271,58.561522359952065,59.23879518652724,18791500
2017-04-12,58.90468215942383,59.157529595430525,58.79631601988842,59.076253268384995,17108500
2017-04-13,58.65182113647461,59.4735820992366,58.65182113647461,58.95885505197721,17896500
2017-04-17,59.130435943603516,59.13946128746351,58.70601053661766,58.73310034734859,16689300
2017-04-18,59.04915237426758,59.338121802555804,58.84145925777192,58.9949727594556,15155600
2017-04-19,58.73310470581055,59.3742555357978,58.597648752528514,59.28395386346843,26992800
2017-04-20,59.148494720458984,59.374252333895846,58.82340320594385,59.11237267556001,22299500
2017-04-21,59.96121597290039,60.23212094124133,59.10333301588392,59.302000793078776,32522600
2017-04-24,60.981624603271484,61.09902293147484,60.59332136525098,60.936477229755255,29770000
2017-04-25,61.33382034301758,61.44218646636792,61.044850903658215,61.31576276724663,30242700
2017-04-26,61.25257110595703,61.686021963069955,61.06293549477298,61.47832877016335,26190800
2017-04-27,61.64986801147461,61.74920188349471,61.02678186557182,61.54150879805165,34971000
2017-04-28,61.82145690917969,62.43551782251365,61.12612657137459,62.227824700259774,39548800
2017-05-01,62.6793327331543,62.80575641653184,61.85757190162621,62.0201176216222,31954400
2017-05-02,62.580013275146484,62.95025217904509,62.42649286174891,62.95025217904509,23906100
2017-05-03,62.38132858276367,62.652233512116986,62.047204924696786,62.652233512116986,28928000
2017-05-04,62.13752746582031,62.38134956277133,61.98401393193327,62.33619528123934,21749400
2017-05-05,62.30910110473633,62.336190915928036,61.84855364575059,62.218799437572116,19128800
2017-05-08,62.254920959472656,62.35425485939165,61.78534127084183,62.282010770436834,18566100
2017-05-09,62.34523010253906,62.56195550581849,62.02013855283176,62.182684327685415,22858400
2017-05-10,62.58903884887695,62.81479646341144,62.2368575213692,62.300069377855834,17977800
2017-05-11,61.82145690917969,62.065278961742706,61.51442989730011,61.73115525213127,28789400
2017-05-12,61.74922561645508,61.95692567130006,61.44219854098781,61.95692567130006,18714100
2017-05-15,61.79436492919922,61.83951920092384,61.01775830464278,61.53248531026046,31530300
2017-05-16,63.03860092163086,63.06584600125134,61.90334307701769,61.96691723915347,34956000
2017-05-17,61.2857666015625,62.757056431269106,61.240353513137094,62.56633393219841,30548800
2017-05-18,61.494667053222656,61.87611215603581,60.97698957681442,61.213125229108144,25201300
2017-05-19,61.47649002075195,61.84885102096849,61.24035442972161,61.30392859703002,26961100
2017-05-22,62.1667366027832,62.2121497026598,61.30394313765747,61.658143143683084,16237600
2017-05-23,62.3756217956543,62.43919597257283,62.10315707796592,62.41195088661712,15425800
2017-05-24,62.45736312866211,62.55726640626092,62.16673730175635,62.548189329436504,14593900
2017-05-25,63.22935485839844,63.46548361860264,62.5845289134086,62.63901909975304,21854100
2017-05-26,63.538124084472656,63.77425970783212,63.13851101864364,63.392814651758336,19827900
2017-05-30,63.94681167602539,63.94681167602539,63.365553244134425,63.38372125119652,17072800
2017-05-31,63.42914962768555,64.24653700516951,63.4019045366139,64.05581443860108,30436400
2017-06-01,63.665279388427734,64.12846668084678,63.074943730100124,63.792427754336295,21603600
2017-06-02,65.17290496826172,65.26372423884219,63.792427110800325,63.97407258102746,34770300
2017-06-05,65.64517211914062,66.19917870098328,65.2183139073209,65.3636302896708,33316800
2017-06-06,65.86312103271484,65.95394721038663,65.63606944666444,65.66332145740468,31511100
2017-06-07,65.74507904052734,66.09019507412023,65.34546589600208,65.97213070372271,22301800
2017-06-08,65.3454818725586,65.86315951405028,64.93679155051147,65.85408243423133,24588300
2017-06-09,63.865074157714844,65.46351937153598,62.29387402740836,65.42719028382811,49187400
2017-06-12,63.37465286254883,63.519969238592196,61.87611064766595,62.89330449277099,47761700
2017-06-13,64.16477966308594,64.31917307876772,63.53811506770577,63.59260523110768,25258600
2017-06-14,63.81968307495117,64.57349631445652,63.056792757187246,64.40094174966745,25510700
2017-06-15,63.48366165161133,63.76520356424355,62.484635479594175,62.91148688843161,26068700
2017-06-16,63.57445526123047,63.60170034769191,62.86605529697013,63.32924255401179,48345100
2017-06-19,64.36458587646484,64.42816004316765,63.892314698902986,64.028547035856,23798300
2017-06-20,63.492713928222656,64.3645912569148,63.456384840060686,64.31917816444607,21512200
2017-06-21,63.81968307495117,64.13756096975352,63.51998012386813,63.76519288913014,19891100
2017-06-22,63.81059265136719,64.11029553977048,63.31107628891851,64.06488937077164,22965700
2017-06-23,64.6733627319336,64.70969181145571,63.50177590133331,63.65616929250472,27617300
2017-06-26,64.05580139160156,65.12748530622763,63.9740661350346,64.84594351707632,19607000
2017-06-27,62.85694122314453,63.7379022189928,62.82969614971622,63.674328071305936,25215100
2017-06-28,63.39279556274414,63.429117713186166,62.4755053601561,62.85695030136812,25806200
2017-06-29,62.20305252075195,63.11125889337409,61.839768585890155,63.01135563806048,28918700
2017-06-30,62.602657318115234,63.011347360481125,62.4300959126851,62.46642499430533,24161100
2017-07-03,61.91241455078125,63.21114968470881,61.77618223593728,62.96593706124035,16165500
2017-07-05,62.738887786865234,63.065842582716094,61.95782987778413,61.99415895833018,21176300
2017-07-06,62.27570724487305,62.46642974107422,61.86701717145115,62.003242576548885,21117600
2017-07-07,63.084041595458984,63.42915767459435,62.393802508120466,62.393802508120466,16878300
2017-07-10,63.5562744140625,63.801487045020515,62.84786774104958,63.08400329872055,15014500
2017-07-11,63.565364837646484,64.19202947924607,63.34739723889816,63.57444884190496,17460000
2017-07-12,64.618896484375,64.73696083970482,64.073973948064,64.20112230890103,17750900
2017-07-13,65.18197631835938,65.42719594935548,64.76420216714016,64.93676361642885,20269800
2017-07-14,66.09925842285156,66.54427760349436,65.3545294774828,65.60882615213583,25868100
2017-07-17,66.61695861816406,66.70777790038606,66.0447909040051,66.11744910140952,21803900
2017-07-18,66.57154846191406,66.65328373230757,65.99029677556021,66.38081897286254,26435300
2017-07-19,67.08013916015625,67.24361662319826,66.70777113303473,66.75318423407222,22416200
2017-07-20,67.40709686279297,67.47975505581924,66.55338041740092,67.37076776627984,42361000
2017-07-21,67.01654815673828,67.47065133687957,66.45345771889983,66.7077543911286,46717100
2017-07-24,66.84400177001953,66.98023414052537,66.41714357599881,66.78042758765898,21394800
2017-07-25,67.37985229492188,67.48883265623931,66.75318750107978,67.02565226250678,22018700
2017-07-26,67.25267791748047,67.55238072429027,67.03470342099183,67.51605164154216,16252200
2017-07-27,66.44439697265625,67.58873227890136,65.6814998394265,66.9893195369253,36844200
2017-07-28,66.33540344238281,66.58061614804272,65.88130019340352,65.99936454367449,18306700
2017-07-31,66.0265884399414,66.6986660216671,65.76321473763618,66.57151770708407,23600100
2017-08-01,65.91761016845703,66.68050007954979,65.83586800423213,66.38987436164821,22132300
2017-08-02,65.62701416015625,65.89947199643336,64.88228498782523,65.89039491890424,26499200
2017-08-03,65.52713012695312,65.79051096308353,65.25466528155785,65.56345923494375,18214400
2017-08-04,66.0084457397461,66.33540061942259,65.60883268034918,65.75414903979002,22579000
2017-08-07,65.75413513183594,66.20823826544107,65.62698680875161,66.11741902453284,18705700
2017-08-08,66.10836029052734,66.41714721345673,65.16382458010817,65.47261150303757,22044600
2017-08-09,65.81773376464844,65.85406286033181,65.4362886535728,65.61792720292316,22213400
2017-08-10,64.85505676269531,65.56345702192921,64.80055963801443,65.30007619468891,24734500
2017-08-11,65.844970703125,66.02660922999011,64.73695767367708,65.03666747916361,21443700
2017-08-14,66.83491516113281,66.95298644453676,66.25366353674177,66.3535668092839,20096600
2017-08-15,66.85319519042969,67.19101758016556,66.6888467154825,67.19101758016556,19181400
2017-08-16,67.24580383300781,67.65667152995299,66.80753891907975,66.96275498539374,18150400
2017-08-17,66.10446166992188,67.44663898070513,66.10446166992188,67.18185508566796,22977500
2017-08-18,66.18665313720703,66.50621760524218,65.67534998835079,65.98578205273266,18761500
2017-08-21,65.876220703125,66.1775273281456,65.46534613282883,66.16839492454358,17734800
2017-08-22,66.79841613769531,66.8714544879362,66.05884450138393,66.05884450138393,14343700
2017-08-23,66.39665985107422,66.78926963544377,66.22317900314853,66.61578878751808,13766500
2017-08-24,66.36927032470703,66.52448636612252,65.80317968627112,66.41491841372039,17098300
2017-08-25,66.48794555664062,66.97185835711653,66.17751355859248,66.52446819746655,12794300
2017-08-28,66.4970932006836,66.73447997149324,66.24144162228362,66.70708972609083,14569700
2017-08-29,66.69795227050781,66.7983877962087,65.7849071030319,65.96751335013437,11478400
2017-08-30,67.57450866699219,67.7571150056258,66.49711455068909,66.66146304185348,16897800
2017-08-31,68.26840209960938,68.4418829562657,67.3827539051656,67.59275044808085,27652800
2017-09-01,67.51058197021484,68.24101414162371,67.2366655521966,68.21362389301865,21736200
2017-09-05,67.20926666259766,67.46491823802121,66.63405061789464,66.96274052487995,21556000
2017-09-06,67.01753234863281,67.60188083510725,66.97187729319623,67.3279644344546,16535800
2017-09-07,67.87577056884766,68.11316424944425,67.20011913359117,67.27316441469495,17471200
2017-09-08,67.54707336425781,67.96707323579679,67.4192406532862,67.86663772673523,14703800
2017-09-11,68.25926208496094,68.42361050196575,67.8483875594578,67.8483875594578,17910400
2017-09-12,68.18623352050781,68.69753673616327,67.9031916641248,68.25927882731112,14394900
2017-09-13,68.6701431274414,68.68840793624042,68.06753679076046,68.41449153212321,13380800
2017-09-14,68.26840209960938,68.92579590800844,68.04014074758102,68.47840560850827,15733900
2017-09-15,68.76142883300781,68.83447411770985,67.62925478405326,68.3231710567591,38578400
2017-09-18,68.62450408935547,69.36406872564763,68.51493612005926,68.68841699661547,23307000
2017-09-19,68.88011169433594,69.12663076021155,68.48750209610441,68.6701082955693,16093300
2017-09-20,68.42362213134766,68.98058036330423,67.84839909107393,68.79796711004934,21587900
2017-09-21,67.757080078125,68.69751547268346,67.66577695587323,68.57882211035434,19186100
2017-09-22,67.93970489501953,68.03100803286898,67.42839478429342,67.55622057047923,14111400
2017-09-25,66.8896713256836,67.7935838262256,66.5792324373685,67.64749329855267,24149200
2017-09-26,66.8896713256836,67.3918418411048,66.64314530173047,67.26401611238089,18019600
2017-09-27,67.42840576171875,67.72058002999304,66.80753457088788,67.15449630357763,19565100
2017-09-28,67.4466552734375,67.53795840544161,66.93534519544606,67.14534866843972,10883800
2017-09-29,68.01273345947266,68.05838850483302,67.45577534278924,67.51056279041806,17079100
2017-10-02,68.12229919433594,68.48751864750845,67.83925742696853,68.21360231613365,15304800
2017-10-03,67.80277252197266,68.36885637177218,67.73885960454415,68.17711761948664,12190400
2017-10-04,68.19535827636719,68.22274852185029,67.30057078334819,67.6475255027727,13317700
2017-10-05,69.3640365600586,69.50099471667231,68.44185906923956,68.67925274297124,21195300
2017-10-06,69.3914566040039,69.41884685389539,68.97145651837147,69.09014992322926,13959800
2017-10-09,69.65621185302734,69.89360553065441,69.26360217948238,69.3640376982484,11386500
2017-10-10,69.65621185302734,69.96664384486316,69.5192536941663,69.69273449312237,13944500
2017-10-11,69.7749252319336,69.81144788250941,69.34579279514685,69.72014473906152,15388900
2017-10-12,70.41405487060547,70.56927089718359,69.72927090701445,69.8388318829601,16876500
2017-10-13,70.75188446044922,71.09884616266044,70.56927817106268,70.84318760514249,15335700
2017-10-16,70.89798736572266,71.04407102938107,70.62407091813424,70.68798382710692,12380100
2017-10-17,70.84317016601562,70.87056737206444,70.5327381572794,70.73360920574717,16824000
2017-10-18,70.8614501953125,71.08057912891307,70.64232126171193,70.91623068721684,13300700
2017-10-19,71.13536071777344,71.1536185582408,70.6240506269135,70.82492170196748,15092800
2017-10-20,71.95708465576172,72.10317522061773,71.41839137131362,71.50969449135786,22866400
2017-10-23,71.97535705566406,72.44100510682881,71.91144416828955,72.12144066995626,20627200
2017-10-24,72.00275421142578,72.31318627534222,71.63753469165476,72.03927686000117,17517200
2017-10-25,71.79273986816406,72.22187221655915,71.22665631579767,71.74709178883425,20410800
2017-10-26,71.91144561767578,72.5140518584979,71.90231321472899,72.31318078956305,32120700
2017-10-27,76.52232360839844,78.70450129657569,76.33971733659439,77.03363370821872,71066700
2017-10-30,76.59536743164062,76.99710958106886,75.8831932329143,76.4218866005725,31756700
2017-10-31,75.94709777832031,77.02449136123494,75.88318489484156,77.02449136123494,27086600
2017-11-01,75.94709777832031,76.4766656505625,75.67318143999317,76.40362036487767,22307400
2017-11-02,76.74144744873047,77.115792336968,75.89231518275064,76.10231166576686,23992900
2017-11-03,76.82362365722656,77.18884313558821,76.1479721501459,76.76884317356607,17633500
2017-11-06,77.12496185302734,77.33495843709821,76.76887463135499,76.8784356435711,19860900
2017-11-07,76.94232177734375,77.51754475522013,76.63188972945959,77.39884441198464,17939700
2017-11-08,77.20709991455078,77.25275496096233,76.54058081922737,76.82362260222921,18034200
2017-11-09,76.77798461914062,76.94233307037251,75.69146532609217,76.79624942815728,21178400
2017-11-10,76.57711029052734,76.78710680438613,75.99276186746764,76.50406499614921,19397800
2017-11-13,76.63189697265625,76.64102937668737,76.20276454097528,76.38537779168168,14196900
2017-11-14,76.74144744873047,76.78709552652538,75.76448941935425,76.2392698311149,18801300
2017-11-15,76.1449966430664,76.79651358349363,75.87888290667222,76.59463371443829,19383100
2017-11-16,76.34687805175781,76.54875794339661,76.10829908979127,76.25511637400398,20962800
2017-11-17,75.61279296875,76.27348838416421,75.465968653783,76.27348838416421,22079000
2017-11-20,75.73206329345703,75.78711889714153,75.47512780830685,75.612773818485,16315000
2017-11-21,76.82404327392578,76.93415447723514,75.92476210808843,75.92476210808843,21237500
2017-11-22,76.2643051147461,76.98923437019363,76.20007123140103,76.92500048684856,20553100
2017-11-24,76.40194702148438,76.557942586753,75.96148113023241,76.17253930751244,7425600
2017-11-27,76.96168518066406,77.06262511230014,76.43863598989813,76.44780725570776,18265200
2017-11-28,77.88848114013672,78.05365492463915,77.09931828095465,77.14520261035865,21926000
2017-11-29,76.47534942626953,77.9252078068022,76.32853213509668,77.73250617409357,27381100
2017-11-30,77.23698425292969,77.55815363896176,76.47534899393396,76.63135155369315,33054600
2017-12-01,77.31956481933594,77.82425750425898,76.36522805026874,76.7139251962683,29532100
2017-12-04,74.40150451660156,77.47556619610519,74.05280034336022,77.46638792813378,39094900
2017-12-05,74.86949157714844,75.86971276247303,74.30974324524819,74.640083883382,26152300
2017-12-06,75.96147155761719,76.291819184184,74.72267145847508,74.832789667653,26162100
2017-12-07,75.69535827636719,75.97982856828135,75.2457211711033,75.74124261405343,23184500
2017-12-08,77.22782897949219,77.6132323225485,76.4661935627602,76.74147866452799,24489100
2017-12-11,78.20967864990234,78.33814640590761,77.19110786945512,77.34710343018043,22857900
2017-12-12,78.53083801269531,78.96212556748726,78.07202265669821,78.2830737999155,23924100
2017-12-13,78.31977081298828,78.91623210701354,78.15459702388846,78.67764618921026,22062700
2017-12-14,77.71414947509766,78.79695402644404,77.5673251964901,78.39319426124023,19306000
2017-12-15,79.69623565673828,79.91646509420673,77.88850181347287,78.23720600717945,53936700
2017-12-18,79.26494598388672,80.29269500023803,79.12730696466024,79.94399781658527,22283800
2017-12-19,78.7602310180664,79.23739581898467,78.2463531544251,79.23739581898467,23524800
2017-12-20,78.47576904296875,79.19152682107041,77.73249046686131,79.09975815654234,23674900
2017-12-21,78.4574203491211,79.00799733734273,78.36565868457853,78.96212000555457,17990700
2017-12-22,78.46659851074219,78.57670970765925,77.92519278902377,78.36565857959073,14145800
2017-12-26,78.36566162109375,78.48495108937247,78.02613574850069,78.28307121923424,9891200
2017-12-27,78.65011596679688,78.89788014329226,78.20047894403861,78.59506037244934,14678000
2017-12-28,78.6593246459961,78.85202630168514,78.5033290677195,78.8244984938679,10594300
2017-12-29,78.494140625,78.96213430014454,78.4574345523448,78.57672403774859,18717400
2018-01-02,78.87034606933594,79.20069364038586,78.45741510600642,79.03551985486091,22483800
2018-01-03,79.23744201660156,79.38426634923471,78.88874472805212,78.97132816443113,26061400
2018-01-04,79.93482971191406,80.43952951647438,79.43930817679164,79.45765771469915,21912000
2018-01-05,80.92586517333984,81.1277450761828,80.22846378196444,80.43952195338234,23407100
2018-01-08,81.00843811035156,81.2837301242538,80.38444894634434,80.93502597318206,22113000
2018-01-09,80.95338439941406,81.42137803359573,80.62303677539958,81.34796589471098,19484300
2018-01-10,80.58633422851562,80.92586013497365,80.21010925197795,80.62304029956249,18652200
2018-01-11,80.82490539550781,80.87078272519352,80.05409204654923,80.87078272519352,17808900
2018-01-12,82.21971893310547,82.3848927584566,81.16444210452701,81.36632200228588,24271500
2018-01-16,81.07267761230469,83.31169894475336,80.76068650911022,82.67853146937172,36599700
2018-01-17,82.71524047851562,82.84370823156674,81.43973421538863,81.74255406228086,25621200
2018-01-18,82.67852783203125,83.20157707099777,82.27477506924615,82.40324281208235,24159700
2018-01-19,82.58677673339844,83.14653211355778,82.27478560398126,82.71524449268408,36875000
2018-01-22,84.06415557861328,84.07333384660362,82.34818351471458,82.58676947569296,23601600
2018-01-23,84.33026123046875,84.69731490413442,83.99991362426631,84.33026123046875,23412800
2018-01-24,84.2568588256836,85.73424495709853,84.03662939643829,84.92673238255419,33277500
2018-01-25,84.724853515625,85.55989390382558,84.35779979512222,84.85332126765586,26383200
2018-01-26,86.31233978271484,86.31233978271484,84.95425029273008,85.4497717015515,29172200
2018-01-29,86.18386840820312,87.58784217343296,86.00034507978118,87.3033789140891,31569900
2018-01-30,85.10106658935547,85.94529212861116,84.51378351915717,85.6149445265038,38635100
2018-01-31,87.18411254882812,87.54198803474097,85.80766621809624,86.02789567074228,48756300
2018-02-01,86.4958724975586,88.15678183875245,85.87188333607122,86.98221565265072,47227900
2018-02-02,84.22012329101562,86.22973625763144,83.96318787995266,85.92691652275086,47867800
2018-02-05,80.75149536132812,85.55987789757307,80.75149536132812,83.10062753153034,51031500
2018-02-06,83.80722045898438,83.94486647558878,78.22802366022806,79.7329375729105,67998600
2018-02-07,82.22889709472656,84.21097599540016,81.85266510376105,83.03640968374656,41107600
2018-02-08,78.00780487060547,82.47666287879102,77.77839714530747,82.32066730582073,55628700
2018-02-09,80.91668701171875,81.6049101354289,76.92499429439347,79.19154356863369,63499100
2018-02-12,81.78840637207031,82.38486761496586,80.68725253977496,81.43053102652605,35720300
2018-02-13,82.4307861328125,82.5867817069154,80.56799651002255,81.6049169155497,26407700
2018-02-14,83.72151184082031,83.88746160501232,81.50885769673485,81.60105044709574,34960900
2018-02-15,85.42707824707031,85.48239247036035,83.54631728282148,84.09025923544928,27823900
2018-02-16,84.81858825683594,86.20150002189304,84.63420283503618,85.23345897281187,30596900
2018-02-20,85.48239135742188,85.79584799712225,83.90587270950057,84.33918620990677,30911700
2018-02-21,84.34840393066406,86.07243661951622,84.34840393066406,85.72210147280906,26922500
2018-02-22,84.56966400146484,85.49160514292969,84.22854324693589,84.86468488537949,24392800
2018-02-23,86.7177963256836,86.72701770815189,85.15049893105932,86.29370417224236,26329200
2018-02-26,87.97161102294922,87.99926812831612,86.89294171052916,87.03123427121548,30199800
2018-02-27,86.84685516357422,88.35883811554189,86.84685516357422,88.26664540556393,25869100
2018-02-28,86.45043182373047,88.23900018037723,86.32136060560687,87.43690872444873,31167300
2018-03-01,85.60225677490234,87.18799709334523,84.67109400021585,86.65326939826944,37135600
2018-03-02,85.78665161132812,85.87884434619906,83.76759765853701,84.43139660377545,32830400
2018-03-05,86.3305892944336,86.91140982514646,85.05831273645828,85.13206270030356,23901600
2018-03-06,86.0355453491211,87.11421477530912,85.68521025443725,86.97592220003699,22175800
2018-03-07,86.53339385986328,86.60715083739522,85.21501778035308,85.88803789109012,26716100
2018-03-08,87.05891418457031,87.67661314576402,86.45042957167836,86.9114002054982,25887800
2018-03-09,89.00421142578125,89.00421142578125,87.58442101992217,87.85178483341384,36937300
2018-03-12,89.21623992919922,89.62189627665913,88.54322684420723,88.96731891934594,26073700
2018-03-13,87.04048156738281,89.64957010239641,86.63482514427864,89.42830615972773,35387800
2018-03-14,86.52420043945312,87.96243383068014,86.20152235079331,87.69506997611778,32132000
2018-03-15,86.82843780517578,87.19721575696182,85.58381837252045,86.22917451275525,27611000
2018-03-16,87.2156753540039,87.93478868813662,86.58875477458065,87.289432371314,49081300
2018-03-19,85.63912200927734,86.5702846397285,84.92000896087382,86.42277066372084,33344100
2018-03-20,85.86038970947266,86.45043157170436,85.7405398740941,85.78663975208407,23075200
2018-03-21,85.2611312866211,86.70857879139378,85.01220320609984,85.67600204235166,24457100
2018-03-22,82.78111267089844,84.58811682940414,82.66126283046661,84.1455818971447,38604700
2018-03-23,80.37483215332031,83.39879809076285,80.28263944232081,82.51373540423234,44068900
2018-03-26,86.45965576171875,86.66248397729503,83.34349663599922,83.53710346890728,56396800
2018-03-27,82.48609924316406,87.7135053601985,81.6010363318557,87.52911989137145,56569000
2018-03-28,82.41230010986328,84.10867509801217,81.93289391569037,82.80873499563847,52501100
2018-03-29,84.14556121826172,85.08594508051719,81.49959475927469,83.14064879412366,45867500
2018-04-02,81.61023712158203,83.7860190547251,80.67908151471123,83.40802679627886,48515400
2018-04-03,82.70732879638672,83.02079240358005,81.02939640640408,82.58747899490648,37213800
2018-04-04,85.12284088134766,85.51927591687797,80.88191235972218,80.99254081270955,35560000
2018-04-05,85.16893768310547,85.80507945275836,84.26543911707367,85.22425894602364,29771900
2018-04-06,83.1867446899414,85.24266930863641,82.49528889700908,84.34838535769426,38026000
2018-04-09,83.68458557128906,85.89724548636443,83.54630004160158,83.93351359243047,31533900
2018-04-10,85.6298828125,85.99866064194349,84.48667787169207,85.17813366420407,26812000
2018-04-11,84.68952178955078,86.00789802729926,84.33918665500383,84.82781438055862,24872100
2018-04-12,86.2752685546875,86.8099961968903,85.21503465276233,85.21503465276233,26758900
2018-04-13,85.81429290771484,86.82842687203943,85.22425107269495,86.70857704218815,23346100
2018-04-16,86.8192138671875,87.27097018591212,86.12775786563196,86.7270211404176,20288100
2018-04-17,88.57090759277344,89.00422116433192,87.47379510596403,87.584430603124,26771000
2018-04-18,88.91202545166016,89.17016790252129,88.06383406958957,88.70919723059663,21043300
2018-04-19,88.60778045654297,89.49284327597108,87.89788170415996,88.91202277899284,23552500
2018-04-20,87.58441925048828,88.60777460654438,86.70857787152482,88.42338916903215,31154400
2018-04-23,87.90708923339844,88.77371618482664,87.24329046497283,88.26664572732015,22331800
2018-04-24,85.8511734008789,88.93967524163949,85.19659594471828,88.72762565512232,34524800
2018-04-25,85.10437774658203,86.0171044683864,83.2328385037311,86.0171044683864,33729300
2018-04-26,86.90218353271484,87.72271067625822,85.8327283146091,86.24760609426191,42529000
2018-04-27,88.3404312133789,90.25807115561649,86.57952666648622,89.98148590157744,48272800
2018-04-30,86.21995544433594,88.8751511413941,85.87884163270608,88.81061552563808,41523600
2018-05-01,87.58441925048828,87.85178305857852,85.54692992040778,85.93414355949561,31408900
2018-05-02,86.21072387695312,87.74114261659477,85.9157029732961,87.57519291867187,27471000
2018-05-03,86.72700500488281,87.51987496852826,85.2334577872094,85.70364975026725,31142500
2018-05-04,87.7319564819336,87.92556335279521,85.66680245836548,86.03558046499232,22531300
2018-05-07,88.70919036865234,89.16093962271505,87.67661361122677,87.74114921895001,24242000
2018-05-08,88.33119201660156,88.65387709252711,87.63973605479616,88.36807051196031,23484600
2018-05-09,89.37300109863281,89.40065821507118,87.63053242446951,88.51559531977034,27327400
2018-05-10,90.26728057861328,90.30415204266787,89.47441045820877,89.85240275252947,22388100
2018-05-11,90.07367706298828,90.2304124555862,89.46519936216394,90.16587683528884,16778300
2018-05-14,90.37787628173828,90.98636072591245,89.71407762767616,90.27646220770924,19454100
2018-05-15,89.72332000732422,90.21194773263723,88.81981450919298,89.64956302097609,24594000
2018-05-16,89.9548110961914,90.1862954237347,89.4640654520942,90.14925708360686,17384700
2018-05-17,89.05665588378906,90.31593126301054,88.73257921950591,89.5937012499391,17246700
2018-05-18,89.22332000732422,89.75110399293281,88.89924336078228,88.89924336078228,17865800
2018-05-21,90.37149047851562,90.75112821033689,89.63074478358482,89.81592944123204,19422500
2018-05-22,90.2789077758789,90.8992842159222,90.00112369544684,90.44557681126962,15441200
2018-05-23,91.35297393798828,91.41778926395203,89.18627706485317,89.54739203298557,21251200
2018-05-24,91.0289077758789,91.61225288624485,89.64000161114794,91.41780687090355,26649300
2018-05-25,91.07520294189453,91.64928667124688,90.61223424335475,91.0196489586591,18363900
2018-05-29,90.75111389160156,91.55667479604148,90.02888395065236,90.59369918666229,28671000
2018-05-30,91.62147521972656,91.89925918152747,90.65850683131983,91.02887602793491,22158500
2018-05-31,91.5196304321289,92.5844596363412,91.30666882989061,91.93630641517213,34140900
2018-06-01,93.32521057128906,93.390025892254,91.82518977480603,91.9270434312281,28655600
2018-06-04,94.1400375366211,94.31596787288717,93.38076928206192,93.76040694151176,27281600
2018-06-05,94.6215591430664,94.75118983306672,94.010436977914,94.44562875049051,23514400
2018-06-06,94.89932250976562,95.00117618930126,94.35302283256702,94.8900682220564,21122900
2018-06-07,93.4085464477539,95.08449765984764,92.9455778266649,95.04745932243966,28232200
2018-06-08,94.1030044555664,94.39930410647297,93.0937361980331,93.60299747009765,22165100
2018-06-11,93.56597137451172,94.06597132331778,93.21411066284803,93.52893303305547,23490900
2018-06-12,93.80669403076172,93.93632467162368,93.28817146731386,93.61224806946878,18325200
2018-06-13,93.38079071044922,94.45488154667851,93.11226800139191,94.18635883762119,29492900
2018-06-14,93.90856170654297,94.47338403934172,93.51966972589696,94.1215303993774,25691800
2018-06-15,92.714111328125,94.01042512908688,92.6585573435104,93.99190948899597,65738600
2018-06-18,93.39005279541016,93.62153716044651,92.05670059221131,92.60300736715503,23586000
2018-06-19,93.39005279541016,93.51968347468313,92.13077728446507,92.26966931635532,28653100
2018-06-20,94.32522583007812,94.92707936321861,93.63077292475579,93.8622572265299,26180800
2018-06-21,93.64929962158203,94.87153659673513,93.40855394128701,94.51968295964326,23198200
2018-06-22,92.97337341308594,93.30670436243275,92.25113634053385,92.97337341308594,38923100
2018-06-25,91.10295867919922,92.69557176091426,90.09369054272868,92.59371810585063,35433300
2018-06-26,91.74188995361328,92.66782746126539,91.43632888064587,91.50114422360782,26897200
2018-06-27,90.31591033935547,92.61223051229025,90.18627970367397,92.20482297057978,31298400
2018-06-28,91.32520294189453,91.7696560008571,90.05667322892003,90.16778119540439,26650700
2018-06-29,91.30667114257812,92.51039237162696,91.04740984754372,91.60297077466609,28053200
2018-07-02,92.60298156738281,92.64927418888735,90.74184581299889,90.8344381203482,19564500
2018-07-03,91.71410369873047,93.17707944421058,91.61225001802502,93.03819448355938,14670300
2018-07-05,92.37150573730469,92.51965202978053,91.69556840942492,92.13076006464794,18977400
2018-07-06,93.66780853271484,93.91780846304,92.28815704799806,92.49186435792082,19234600
2018-07-09,94.30672454833984,94.67710092816436,93.751163510774,94.12153989059851,18212000
2018-07-10,94.55672454833984,94.91783954901724,94.31597885977446,94.44560952338475,19293100
2018-07-11,94.42709350585938,94.76042445070456,93.612264121474,93.65856381443818,19644600
2018-07-12,96.47340393066406,96.67711125509827,95.12153639909411,95.158567672318,24335900
2018-07-13,97.62158203125,97.77898969649539,96.38082222060902,96.64009063108253,24635200
2018-07-16,97.14006805419922,97.98266717212202,96.77894607298693,97.59377527154226,21786900
2018-07-17,98.10306549072266,98.61233389054198,96.59379005978633,96.86231275565999,25901700
2018-07-18,97.33455657958984,98.19567877287395,96.96418015136199,98.09382507850272,29493900
2018-07-19,96.66785430908203,97.51045356795767,96.19562431404485,97.15859994157478,40171600
2018-07-20,98.39934539794922,100.18640451760838,98.22342212965599,100.07529657223166,56004000
2018-07-23,99.97344970703125,100.13085734990607,98.26972143061766,98.42713613783334,29707000
2018-07-24,99.6864242553711,100.760507970013,99.31604788108908,100.52902361912945,26316600
2018-07-25,102.62163543701172,102.9179350984722,99.63085476860714,99.96419277079282,30702100
2018-07-26,101.50126647949219,102.77905762572998,101.39015144159849,102.53831190913138,31372100
2018-07-27,99.7049331665039,102.01977651912117,98.27898881357073,102.01977651912117,37005300
2018-07-30,97.56600189208984,99.56602250062684,97.00117965471293,99.25120725452952,34668300
2018-07-31,98.22344207763672,98.8160414544634,97.57528165249755,98.60307274200609,27655200
2018-08-01,98.40859985351562,98.56600747466464,97.61229333385134,98.17711556441182,23628700
2018-08-02,99.60307312011719,100.08455739834064,97.0752612325068,97.59379091406379,26104300
2018-08-03,100.03825378417969,100.04751513399576,98.90860929418072,99.81603083897433,18659600
2018-08-06,100.1216049194336,100.39012760350113,99.59382090298126,100.11235063209234,20265900
2018-08-07,100.8160629272461,101.01977028828554,100.158648212109,100.51976323782738,16080200
2018-08-08,101.38088989257812,101.62163560871024,100.70495950697548,101.23274357334908,15487500
2018-08-09,101.54755401611328,102.00126843314662,101.48273868001449,101.58459236021856,13677200
2018-08-10,100.92716217041016,101.56606114565591,100.35307852132405,101.31605412736812,18183700
2018-08-13,100.1956787109375,101.46421540986564,100.09382503839298,101.14939304081679,18472500
2018-08-14,101.44568634033203,101.62161668447509,100.03826478021008,100.51974905846893,16788300
2018-08-15,100.07003784179688,101.30626824828296,99.28925365143678,100.84151794901739,29982800
2018-08-16,100.05144500732422,101.18543688519658,99.73541820412798,100.66491881333131,21384300
2018-08-17,99.99567413330078,100.29311403534363,99.16841918413391,99.79118287098508,18061500
2018-08-20,99.33573913574219,100.29312369100401,98.97323444183775,99.93061899709959,17914200
2018-08-21,98.50846862792969,99.78187980689859,98.38762902126463,99.38219429802247,22881900
2018-08-22,99.5123062133789,99.77256517938079,98.3225468879275,98.38761162942798,18000600
2018-08-23,99.97708892822266,100.55338189157092,99.33573829372745,99.59599734442432,18167700
2018-08-24,100.75786590576172,100.90658231335225,99.97708171844951,100.07932735121095,17234000
2018-08-27,101.8732681274414,101.91044900380632,100.86011583972417,101.56653121607623,19662300
2018-08-28,102.48672485351562,102.7098029829645,102.04985849351408,102.18928498374183,19151500
2018-08-29,104.12265014648438,104.13194713775961,102.4960241581178,102.66333454343943,20818000
2018-08-30,104.05757904052734,104.6710527797784,103.58353888731635,103.79732003291517,22798700
2018-08-31,104.41079711914062,104.82906952456453,103.65789686124073,103.81591734223596,23222700
2018-09-04,103.83453369140625,104.06690889179653,102.44957948270816,103.03516243474145,22634600
2018-09-05,100.84151458740234,103.56495153397222,100.47900993338166,103.1838599888723,32872400
2018-09-06,101.0738754272461,101.30625053625123,99.93059386219514,100.61842219922318,23477600
2018-09-07,100.58126068115234,101.05530798034968,99.6703540498615,100.59985466470427,22498600
2018-09-10,101.66876220703125,101.91043432282488,100.72067481665012,101.16683108570264,20727900
2018-09-11,103.39763641357422,103.72296017901333,101.21331159816746,101.22260858904464,24301800
2018-09-12,103.83453369140625,103.96466323630254,102.71913556614427,103.57427460161368,18891100
2018-09-13,104.94991302490234,105.71210321054599,104.21560672178413,104.21560672178413,26055600
2018-09-14,105.37748718261719,105.71210797104439,104.51305132776805,105.36819019084784,19122300
2018-09-17,104.23416900634766,105.68418728757622,103.97391004218099,105.67489738994522,20736500
2018-09-18,105.22877502441406,105.68422838883441,103.84382094560985,104.2806874160147,22170900
2018-09-19,103.82520294189453,105.330996303807,103.21173629991051,105.08003428925127,21728400
2018-09-20,105.5633773803711,105.77716562754884,104.03899704279743,104.36432081761015,23714500
2018-09-21,106.20475006103516,107.16213463020374,105.50762454854998,105.96307789774595,71229700
2018-09-24,106.5858383178711,106.79962658861453,104.30856455163378,105.06145781226631,27334500
2018-09-25,106.38133239746094,106.98550915785572,105.73068486566733,106.70666325488398,22668000
2018-09-26,105.94446563720703,106.94832074526364,105.72138042072714,106.39991887735013,19352000
2018-09-27,106.34416961669922,106.80891992791662,106.14896824544418,106.68808030842284,19091300
2018-09-28,106.30699920654297,106.49289651272038,105.66564144463385,106.13968879437223,21647800
2018-10-01,107.45956420898438,107.52462896688472,106.64160623944751,106.66019313105043,18883100
2018-10-02,107.031982421875,107.67333293522107,106.37203792754734,107.17140891313316,20787200
2018-10-03,107.05058288574219,107.98938048162918,106.82750472635755,107.28295803679651,16648000
2018-10-04,104.8383560180664,106.66947302893317,103.76013209818575,106.53004654391059,34821700
2018-10-05,104.22489929199219,105.19158076295881,102.83994538937422,104.68964959006114,29068900
2018-10-08,103.03512573242188,104.13193657122822,101.63157803639683,103.78802593573376,29640600
2018-10-09,104.34571838378906,105.1079084390421,102.98864863133974,103.30467536793292,26198600
2018-10-10,98.67578125,103.63931075580736,98.33186349543931,103.39763862850724,61376300
2018-10-11,98.44342803955078,101.25051719007033,96.85397551322669,97.92290279623779,63904300
2018-10-12,101.84538269042969,103.3976470244834,99.56810900713062,101.32486461231034,47742100
2018-10-15,100.01427459716797,101.76174046389703,99.41009771966117,101.23192534487393,32068100
2018-10-16,103.17453002929688,103.55562854414755,101.26905163809204,101.81746048529985,31610200
2018-10-17,102.905029296875,103.9274787245873,101.82681209230525,103.80664617755349,26548200
2018-10-18,100.850830078125,102.73771544171643,100.22806628560004,102.338029840695,32506200
2018-10-19,100.99954986572266,103.04444857720601,100.58127029415043,101.25051193544392,32785500
2018-10-22,101.9011459350586,102.74699486598296,100.60914069741555,101.6130030248225,26545600
2018-10-23,100.47903442382812,101.28770266764468,97.69982903509914,100.17229745980856,43770400
2018-10-24,95.10650634765625,100.84152366362588,94.42796775200448,100.76716900109012,63897800
2018-10-25,100.6649169921875,101.566526609921,98.66648930024881,99.0382909555092,61646800
2018-10-26,99.41938018798828,101.08318706047258,97.37448176912268,98.23891758350779,55523100
2018-10-29,96.52864837646484,101.03672545122272,94.46515564293364,100.48832343022666,55162000
2018-10-30,96.41710662841797,97.02127638448658,93.05231168465076,96.35204186584778,65350900
2018-10-31,99.27996826171875,100.51620590419881,97.96007895952818,98.00655683149687,51062400
2018-11-01,98.45269775390625,99.75399995807089,98.09019310231041,99.50303792678396,33384200
2018-11-02,98.67578125,99.75399819448464,97.5789703233627,98.97322114070539,37680200
2018-11-05,99.93061828613281,100.14439946741327,98.43412165106052,98.87098809740833,27922100
2018-11-06,100.12580871582031,101.16684487990658,98.78732554310712,99.80977481491769,24340200
2018-11-07,104.06687927246094,104.32713828817903,101.68736016700822,101.72454103947172,37901700
2018-11-08,103.87168884277344,104.29925825458824,103.0909117668142,103.91816670794907,25644100
2018-11-09,101.84538269042969,103.59284130377816,101.0924894572175,103.03514234986072,32039200
2018-11-12,99.33573913574219,102.20789280152768,98.62001964873176,101.70596158884601,33621800
2018-11-13,99.40080261230469,101.07389954139273,99.12194957835973,99.9677985808728,35374600
2018-11-14,97.9911880493164,101.0624569322997,97.52442999030065,100.91309093477652,39495100
2018-11-15,100.1476058959961,100.63303825557124,97.00166120259762,98.00985317601787,38505200
2018-11-16,101.09046936035156,101.6412404953964,99.69953222745895,99.96091562186417,33502100
2018-11-19,97.66444396972656,101.34249207196964,96.66558216032752,101.07177158427959,44773900
2018-11-20,94.94793701171875,96.12416948190176,92.74483809011541,95.03195717781371,64052500
2018-11-21,96.25484466552734,97.48708562015588,95.44268310277755,96.71226555568725,28130600
2018-11-23,96.21747589111328,96.90827560807783,95.21861424228165,95.37731022336692,13823100
2018-11-26,99.3914566040039,99.5408154709154,97.6271118105025,97.82314932954017,32336200
2018-11-27,100.01689910888672,100.19426941988942,98.35524184421365,99.20473766194765,29124500
2018-11-28,103.7323226928711,103.92836024018294,100.68905788710858,100.71706223355835,46788500
2018-11-29,102.86415100097656,103.73232134041753,101.78126880461438,102.99484269748051,28123200
2018-11-30,103.5176010131836,103.59228401140729,102.08932250242822,103.34023067294298,33665600
2018-12-03,104.63782501220703,105.87940323872688,103.36824956204612,105.48732815314058,34732800
2018-12-04,101.30516815185547,105.15125720400866,101.0157804281966,104.49779875633932,45197000
2018-12-06,101.93063354492188,101.9773050804278,98.01919848806772,98.78468146756418,49107400
2018-12-07,97.85114288330078,102.17331922476725,97.36571771665636,101.17445742999372,45044900
2018-12-10,100.4369888305664,100.80106664401333,96.98298227965387,97.83248530742621,40801500
2018-12-11,101.37052917480469,103.57362815990635,100.29699115320204,102.5000901383037,42381900
2018-12-12,101.82795715332031,103.8723529558517,101.7906156475994,103.51761933474894,36183000
2018-12-13,102.17335510253906,103.49895364732524,101.40787202954394,102.29471677843704,31333400
2018-12-14,98.980712890625,101.99597308669344,98.48595048743795,101.05311981293988,47043100
2018-12-17,96.0494613647461,98.76599636302664,94.94791219189449,98.40192569016705,56957300
2018-12-18,97.05765533447266,97.56175480666845,95.70405292149462,96.85228068407864,49319200
2018-12-19,96.79627227783203,99.7741833504337,94.6118412255082,96.75893078473162,68198200
2018-12-20,94.76122283935547,97.37506368837504,92.21272071134459,96.19883851128947,70334200
2018-12-21,91.69929504394531,96.1521639697642,90.98048361614839,94.87324427337214,111242100
2018-12-24,87.87186431884766,91.4565696990963,87.73184260733048,91.18584918655921,43935200
2018-12-26,93.87437438964844,93.99573603779797,87.71316970813734,88.81471896348042,51634800
2018-12-27,94.45315551757812,94.46249267241144,89.99094987700683,92.69814788351881,49498500
2018-12-28,93.7156982421875,95.60140510538923,92.90353651926429,95.30267306022432,38196300
2018-12-31,94.81724548339844,95.59206568230795,93.7623746820317,94.55586207223952,33173800
2019-01-02,94.39716339111328,94.98527604985091,92.36209773238227,92.93154320034118,35329300
2019-01-03,90.92449951171875,93.52901114321148,90.73779195692636,93.44499096301365,42579100
2019-01-04,95.1532974243164,95.69473847770364,92.35274909292929,93.09022767485408,44060600
2019-01-07,95.27466583251953,96.40421963605164,94.26647369920936,94.88259071833426,35656100
2019-01-08,95.9654769897461,97.05768933436477,94.94794053511613,96.18951890404027,31514400
2019-01-09,97.33771514892578,97.9071605077314,96.37619475944942,96.9549772729364,32280800
2019-01-10,96.71227264404297,96.85230149231991,95.57338179056309,96.35753906761607,30067600
2019-01-11,95.9654769897461,96.56292684263994,94.88259468002349,96.32954777128565,28314200
2019-01-14,95.26531219482422,96.03079504235994,94.52783368819703,95.12528336811947,28437100
2019-01-15,98.02851104736328,98.06585253969645,95.10660159120468,95.69472119275044,31587600
2019-01-16,98.37393951416016,99.19543836944841,97.98186439986189,98.26192212273993,29853900
2019-01-17,99.06471252441406,99.54080051820523,97.7951302966484,98.01917212444195,28393000
2019-01-18,100.54902648925781,100.7263968418376,98.86870164530524,100.31564744519525,37427600
2019-01-22,98.65397644042969,99.97956752199711,97.88849356438179,99.65283832895757,32371300
2019-01-23,99.61549377441406,99.92355577075004,98.33657426130415,99.06472274050611,25874300
2019-01-24,99.13939666748047,99.88621231872824,98.33657233514577,99.75552064808416,23164800
2019-01-25,100.044921875,100.7077174721914,99.13941008996743,100.11026771916922,31225600
2019-01-28,98.09387969970703,99.4008037467752,97.70180462223551,99.19542905224351,29476700
2019-01-29,96.09614562988281,97.99118209478706,95.37733427426666,97.90716194574514,31490500
2019-01-30,99.30744934082031,99.30744934082031,97.3937454320837,97.66446598078723,49471900
2019-01-31,97.48707580566406,98.22455429760602,96.32018080996387,96.89896329180942,55636400
2019-02-01,95.94679260253906,97.17903368503482,95.54538035706587,96.8803087899499,35535700
2019-02-04,98.70999145507812,98.76600726473622,95.93744746945329,96.03080477816253,31315100
2019-02-05,100.09160614013672,100.13827767592316,98.91537375700409,99.00872395074025,27325400
2019-02-06,98.980712890625,99.88622466498445,98.51395483144283,99.88622466498445,20609800
2019-02-07,98.27123260498047,98.56995745960565,97.35639085363685,98.19655673294592,29760700
2019-02-08,98.6446533203125,98.74734067018643,97.32839920618072,97.44975374595752,21461100
2019-02-11,98.25257110595703,99.49414924825398,97.9911877332972,99.13940856636185,18914100
2019-02-12,99.78353118896484,100.01691020421121,98.46727724649973,99.08339414322573,25056600
2019-02-13,99.7088623046875,100.61437415152945,99.61551210981132,100.35299075701082,18394900
2019-02-14,99.7928695678711,100.15694026634826,98.63531163225558,99.24209138160923,21784700
2019-02-15,101.0251235961914,101.0998066009877,100.22229910003954,100.73573585530993,26606900
2019-02-19,100.97842407226562,101.43585204050115,100.61435340181654,100.62369055602755,18038500
2019-02-20,100.45343780517578,101.19406595920144,99.64718473383542,101.11906401010476,21607700
2019-02-21,102.57218170166016,102.63780660958672,100.19092380284445,100.21904774158747,29063200
2019-02-22,104.03469848632812,104.25032014897984,102.95656871533099,103.17219753056223,27763200
2019-02-25,104.6159439086914,105.16907433232286,104.30657339140473,104.77532483571842,23750600
2019-02-26,105.33782958984375,106.16282959177087,104.22219881640638,104.3065777992899,21536700
2019-02-27,105.15969848632812,105.33782632600104,103.95031888805423,104.709701100158,21487100
2019-02-28,105.0284652709961,105.82534143088519,104.74721864828379,105.03784230419402,29083900
2019-03-01,105.49720001220703,105.95657442969933,104.69094694737922,105.83470162783632,23501200
2019-03-04,105.24406433105469,106.17219008269798,103.87531112737084,105.95656129566035,26608000
2019-03-05,104.71904754638672,105.36592669090652,104.2784272905281,105.23467688659495,19538300
2019-03-06,104.76594543457031,105.61907647716369,104.46594480309798,104.87844835358966,17687000
2019-03-07,103.49095916748047,104.5784661182301,103.00346073780064,104.43783923286344,25339000
2019-03-08,103.60342407226562,103.79092174886824,102.00029533380618,102.3377968737532,22818400
2019-03-11,105.7784652709961,105.89096105341319,104.0440861504566,104.05345603060451,26491600
2019-03-12,106.51907348632812,106.86594495371561,105.60969460222127,105.76906836575492,26132700
2019-03-13,107.34406280517578,107.81281417113725,106.66905969377875,106.99718421943614,35513800
2019-03-14,107.42845916748047,108.00033653684577,107.1847135513358,107.38158831172028,30763400
2019-03-15,108.66596221923828,109.92221264479788,107.42845155155841,108.13157871133325,54681100
2019-03-18,110.22222137451172,110.25972235076316,108.79722003985614,108.90971581603061,31207600
2019-03-19,110.2972183227539,111.03784647681243,109.67846297154821,110.70971473764482,37588700
2019-03-20,110.17533111572266,111.328462761354,109.41595610065998,110.05345832089132,28113300
2019-03-21,112.70658874511719,113.26908899951594,109.77220037782938,109.81907837927045,29854400
2019-03-22,109.73471069335938,112.11596162159397,109.72533366220217,112.03158979891641,33624500
2019-03-25,110.30661010742188,110.63473473789476,109.0503523260079,109.27535105082066,27067100
2019-03-26,110.54097747802734,111.29097555469097,109.54721947639258,111.20660372150554,26097700
2019-03-27,109.47222900390625,110.82223569709535,108.30035018067423,110.51285797114274,22733400
2019-03-28,109.62222290039062,110.23160126325322,108.87221766108588,110.1003514192619,18334800
2019-03-29,110.569091796875,110.92534031583367,109.65033582866252,110.69096459617101,25399800
2019-04-01,111.58157348632812,111.66595245266105,110.71907267813776,111.51594858032621,22789100
2019-04-02,111.74095916748047,112.01283583328055,111.11282686593889,111.61907922785159,18142300
2019-04-03,112.47220611572266,112.90345652261958,111.703454146458,112.36908024096705,22860700
2019-04-04,111.90034484863281,112.71597493294888,110.98158887483152,112.59409498033213,20112800
2019-04-05,112.39723205566406,112.71598678921438,111.90973365165667,111.92848056418075,15826200
2019-04-08,112.43470764160156,112.51907945777599,111.22532820838516,112.3222047341238,15116200
2019-04-09,111.8253402709961,112.06909301791684,111.16909112841623,111.2159619799838,17612000
2019-04-10,112.67845153808594,112.8284482503943,112.06907335399667,112.27532509192639,16477200
2019-04-11,112.80972290039062,113.29722124927135,112.42534328760176,113.00659764624126,14209100
2019-04-12,113.39099884033203,113.41912994193582,112.84725246987128,113.10037516365635,19745100
2019-04-15,113.48473358154297,113.98160899460126,113.03472902386804,113.38160768608788,15792600
2019-04-16,113.22223663330078,114.04724386895327,112.59411132621476,114.0378668360262,14071800
2019-04-17,114.15971374511719,114.2347156863512,113.00658929710423,113.66283840145479,19300900
2019-04-18,115.65972137451172,115.80034107045917,113.71909089207197,114.55346780006045,27991000
2019-04-22,116.02536010742188,116.25035879914961,114.90972937528204,114.95660738099089,15648700
2019-04-23,117.60035705566406,117.73160687940288,116.09097693008871,116.34409954656245,24025500
2019-04-24,117.1972427368164,117.98474176111466,116.73786115339607,117.92849387440184,31257000
2019-04-25,121.07849884033203,123.15975650916229,120.77850533855845,121.93162994799371,38033900
2019-04-26,121.7722396850586,122.36287103430098,120.95661681622494,121.59411186194373,23654900
2019-04-29,121.65974426269531,122.04410954478234,121.26599479716084,121.7816099010927,16324200
2019-04-30,122.43789672851562,122.53163844481175,121.3035118115972,121.69726135242597,24166500
2019-05-01,119.88788604736328,122.48476631814893,119.71913521424713,122.37227053112521,26821700
2019-05-02,118.32221984863281,120.00035061000398,117.6753406698007,119.9816037023556,27350200
2019-05-03,120.84412384033203,121.34099925657146,119.29724970376166,119.400375599877,24911100
2019-05-06,120.1409912109375,120.52537083412908,118.22849158446364,118.49099125270203,24239800
2019-05-07,117.67536163330078,119.23161989075442,116.45661214684846,118.5566166539109,36017700
2019-05-08,117.66598510742188,118.47223813337725,116.95348093627034,117.60036019380128,28419000
2019-05-09,117.6565933227539,117.92846997439875,115.8472127568666,116.52221587093953,27235800
2019-05-10,119.18473052978516,119.93473564428773,116.08159849487404,117.10348028456933,30915100
2019-05-13,115.64099884033203,117.70350982499644,115.35037518603691,116.35350315522196,33944900
2019-05-14,116.93474578857422,118.01286845613316,115.96911174448408,116.12849268151946,25266300
2019-05-15,118.5814437866211,119.2307176153611,116.3983861709636,116.92533606374717,24722700
2019-05-16,121.3196792602539,121.74312872679907,118.99548126680494,119.26836438210482,30112200
2019-05-17,120.51045227050781,122.75937778703118,120.36929766667497,120.73627666366038,25770500
2019-05-20,118.7696304321289,120.05875903447827,118.33678365084577,119.05191806563253,23706900
2019-05-21,119.40948486328125,120.00229531711392,119.10837376591397,119.90819944525943,15293300
2019-05-22,120.13404083251953,120.6704024221227,119.05192026974974,119.1460233283818,15396500
2019-05-23,118.73199462890625,118.83550225171375,117.37699096964849,118.75081093348237,23603800
2019-05-24,118.7884750366211,119.8988238893345,118.5344153880343,119.4189326443309,14123400
2019-05-28,118.71317291259766,120.444560016894,118.60966529450872,119.48477058804367,23128400
2019-05-29,117.56520080566406,117.98863589889483,116.71832344014632,117.9792241562068,22763100
2019-05-30,118.30855560302734,118.33678364847161,117.41462681597886,117.86629708025303,16829600
2019-05-31,116.37956237792969,117.26407945825886,116.04081146116769,116.89710049494262,26646800
2019-06-03,112.76622009277344,117.02883453965536,111.98521782574865,116.53952447599198,37983600
2019-06-04,115.89025115966797,116.00316333777204,113.52840665390539,114.12121712611693,29382600
2019-06-05,118.40264129638672,118.44028108009323,116.87826236201899,117.57458041295278,24926100
2019-06-06,120.27519226074219,120.41633967435168,118.18623064067764,118.97665184945737,21459000
2019-06-07,123.64385223388672,124.44368506450148,120.68919745015789,121.56430984726303,33885600
2019-06-10,124.77304077148438,126.16567696118179,124.2084511593342,124.58483466202748,26477100
2019-06-11,124.30257415771484,126.31625637223944,123.5309691878506,125.9775054222207,23913700
2019-06-12,123.72857666015625,124.18023979568218,122.99461868063453,123.64387815627897,17092500
2019-06-13,124.50958251953125,125.1494374129066,123.79443368798024,124.1896407147318,17200800
2019-06-14,124.63188934326172,125.89278990311317,123.86970339824869,124.45310214961953,17821700
2019-06-17,125.0083236694336,125.83637050941604,124.70720528535647,124.80130836990928,14517800
2019-06-18,127.18196105957031,127.25724065032357,125.6858168833982,126.26921576409363,25934500
2019-06-19,127.68063354492188,127.90645788435931,125.91159964274695,127.03135985282113,23744400
2019-06-20,128.86627197265625,129.53436923684384,127.70887900089768,129.33675855478214,33042600
2019-06-21,128.88510131835938,129.60023578679758,128.4052101516838,128.51812234193414,36727900
2019-06-24,129.64730834960938,130.23070723802147,128.91335027769932,128.91335027769932,20628800
2019-06-25,125.5540771484375,129.46853004059497,124.89539862286172,129.1486025221889,33327400
2019-06-26,126.02452850341797,127.72770198486519,125.7140199955671,126.41974986599556,23657700
2019-06-27,126.23152160644531,126.75847854475045,125.6292994636336,126.22211704540909,16557500
2019-06-28,126.05281829833984,126.65504077319176,125.30003661524587,126.62681271641091,30043000
2019-07-01,127.67120361328125,128.6310000474317,127.00312085592456,128.56513940681288,22613500
2019-07-02,128.51812744140625,128.52753200492972,127.35131544944545,128.08527343141864,15237800
2019-07-03,129.34616088867188,129.60963219222674,128.2452097925421,128.72511523396,13629300
2019-07-05,128.9697723388672,129.2238390991918,127.70887181565809,127.91588704879513,18141100
2019-07-08,128.87570190429688,129.00743758422283,127.37954353314429,128.34874482648078,16779700
2019-07-09,128.40518188476562,128.88507294579873,127.7841362588815,127.97232798724104,19953100
2019-07-10,129.71315002441406,130.40005638009714,128.93214061371236,129.03564823098873,24204400
2019-07-11,130.23065185546875,131.0022565741737,129.7319373355674,130.04246013518468,22327900
2019-07-12,130.70114135742188,130.91757548095563,129.8636759784014,130.65410419484414,18936800
2019-07-15,130.70114135742188,131.30336349112076,130.2871253064668,131.20927480785707,16651500
2019-07-16,128.98861694335938,130.8423354248371,128.46167421203603,130.75765127689854,22726100
2019-07-17,128.22645568847656,129.78846069888334,128.1794041444868,129.57204082626882,20211000
2019-07-18,128.3675537109375,128.55574546683906,126.72085072010519,127.54891167580483,30381800
2019-07-19,128.55577087402344,132.36671570617833,128.39580713198706,131.94328058218633,48992400
2019-07-22,130.25889587402344,130.97404460017884,129.22383410643957,129.29911367540907,25074900
2019-07-23,131.06813049316406,131.72682311804994,129.88250961296632,131.51038897759457,18034600
2019-07-24,132.41372680664062,132.4325502876357,130.65411182348933,130.70114898881346,20738300
2019-07-25,131.91505432128906,132.31026139958567,131.0964121132542,132.1408787328222,18356900
2019-07-26,132.99713134765625,133.31705874810743,132.01852566447917,132.0843863136969,19037600
2019-07-29,132.70542907714844,133.1570921242279,131.14341035661647,133.1476875625775,16605900
2019-07-30,132.0655975341797,132.88423964323982,131.54805939013113,131.8679868398659,16846500
2019-07-31,128.22645568847656,132.19736478487528,127.10669498885065,132.04680558735416,38598800
2019-08-01,129.91073608398438,132.62074304376904,128.84743195026985,128.9133069552051,40557500
2019-08-02,128.8192138671875,130.15540832735604,127.27601853091214,129.9389741727862,30791600
2019-08-05,124.40606689453125,126.02452750847426,123.06046781931991,125.4317241855099,42749600
2019-08-06,126.73965454101562,127.67120861354785,125.34701853366178,125.90218915278217,32696700
2019-08-07,127.2948226928711,127.64297809843441,124.04846880626354,125.89276779358653,33414500
2019-08-08,130.69174194335938,130.78584498843722,127.90645549149569,128.53692004892136,27496500
2019-08-09,129.58140563964844,131.15282891753128,128.40518932164247,130.42827564536898,23466700
2019-08-12,127.77471923828125,129.72254026892156,127.25719556712986,128.9791779055179,20484300
2019-08-13,130.41888427734375,130.60707603564092,127.03137519555139,128.01939987425007,25154600
2019-08-14,126.49140167236328,129.26707745675358,126.19873092335628,128.7383800513314,32527300
2019-08-15,126.20814514160156,127.05784960241051,124.8580798134702,126.87846706937569,28074400
2019-08-16,128.52122497558594,128.83278185540715,127.19003132705593,127.34109182743995,24449100
2019-08-19,130.6737823486328,130.80595668060178,129.23873645445423,130.14508502075694,24355700
2019-08-20,129.58804321289062,130.95700905919645,129.56917145658028,130.48495584486227,21170800
2019-08-21,131.03256225585938,131.69344846909365,130.2867243031656,130.80598586816757,14970300
2019-08-22,130.0790252685547,131.4196551084157,128.67230104215923,130.90984380827018,18697000
2019-08-23,125.93438720703125,130.61716259432987,125.3773677332579,129.52199540777846,38508600
2019-08-26,127.87918853759766,127.98304080121767,126.41582097055866,127.44490773039988,20312600
2019-08-27,128.15301513671875,129.07823542714786,127.13337843860616,128.7666785688978,23102100
2019-08-28,127.98314666748047,128.17196519227326,126.08549672352835,127.34116080199897,17393300
2019-08-29,130.39999389648438,130.70211491154487,129.25763302235376,129.57862579641338,20168700
2019-08-30,130.15452575683594,131.40073887534862,128.65339984361205,131.37241683214987,23940100
2019-09-03,128.4362335205078,129.5314004462953,128.1152407889249,128.97438110515063,18869300
2019-09-04,129.9373779296875,129.9940220128763,128.85164684685714,129.62582106622773,17995900
2019-09-05,132.2221221923828,132.5336790754862,131.00421670334944,131.33465975068032,26101800
2019-09-06,131.3252410888672,132.34486359607237,130.4755364582972,132.20325336060617,20824500
2019-09-09,129.8335418701172,131.9388955253425,128.8327911929049,131.78783501400997,25773900
2019-09-10,128.47398376464844,129.23870754324872,126.99172999651226,129.1537414358306,28903400
2019-09-11,128.51181030273438,128.65343496331107,127.53938147166447,128.3135559462237,24726100
2019-09-12,129.8335418701172,130.68323203599695,129.21986394505,130.1450987725193,27010000
2019-09-13,129.64471435546875,130.34334396109406,128.9366344648449,130.07899528773493,23363100
2019-09-16,128.71002197265625,129.0593367164644,128.07747243925672,128.2379687919772,16731400
2019-09-17,129.7107696533203,129.833508087582,128.80442122707925,129.30481084140786,17814200
2019-09-18,130.7776641845703,130.91927442727277,128.89888666447607,129.68249695458798,23982100
2019-09-19,133.1851043701172,134.41243123548338,132.24099791619165,132.45813836693657,35772100
2019-09-20,131.64620971679688,133.73267696775522,130.52272070200934,133.12844939752347,39167300
2019-09-23,131.3629913330078,131.82560875167962,130.7021195962791,131.4479574693179,17139300
2019-09-24,129.7013702392578,132.8263608025091,129.22931693590448,132.51480389358508,29773200
2019-09-25,131.57070922851562,132.13717900632307,128.42683221412662,129.81467020442244,21382000
2019-09-26,131.7406463623047,132.34487409141798,130.70213760603906,131.64624433314893,17456600
2019-09-27,130.03176879882812,132.51477320941552,129.0121321709738,132.31650452931044,22477700
2019-09-30,131.25914001464844,131.43852257437396,130.07900675953152,130.33391957629536,17280900
2019-10-01,129.40870666503906,132.41095892584008,129.34261228406484,131.85393945444736,21466600
2019-10-02,127.12396240234375,128.7478270917157,126.11377571640108,128.6345388967119,30521700
2019-10-03,128.662841796875,129.10657303583397,125.77387800683437,127.40717833406802,24132900
2019-10-04,130.39999389648438,130.52273235959305,128.79501562026346,129.1065725148235,22897700
2019-10-07,129.4558868408203,130.456637489036,129.36148482841523,129.47477300567047,15303700
2019-10-08,128.08694458007812,130.06012397653248,128.0397363674609,129.41813838389473,25550500
2019-10-09,130.51332092285156,130.94760195593028,129.31430132940048,129.77691881813058,19749900
2019-10-10,131.3252410888672,131.86337438956303,130.522744672094,130.7493354547642,17654600
2019-10-11,131.872802734375,133.14735240443656,131.70287046152598,132.28821194257057,25446000
2019-10-14,131.75006103515625,132.4486906045742,131.7217389934729,131.88223536498572,13304300
2019-10-15,133.65716552734375,133.8648557060827,131.99552885005554,132.23155547754106,19695700
2019-10-16,132.56198120117188,133.10956463411543,131.7311629710616,132.9207318320575,20751600
2019-10-17,131.88223266601562,133.51553279532317,131.24968307149675,133.0718016101363,21460600
2019-10-18,129.72970581054688,132.1749387194344,128.92720934880884,131.94834792406806,32273500
2019-10-21,130.69264221191406,130.75873657484425,129.3520128508319,130.71152837359705,20078200
2019-10-22,128.74781799316406,132.18436558936338,128.6439656864414,131.2025010215596,27431000
2019-10-23,129.56919860839844,129.7674529326482,128.0303001972911,129.2293196466178,29844600
2019-10-24,132.1182861328125,132.57145328850186,130.9192666606702,131.5990245971663,37029300
2019-10-25,132.86410522460938,133.2511923514394,131.41962341563107,131.55179775089962,25959700
2019-10-28,136.13075256347656,137.5280264990429,135.48875249194035,136.32900691071055,35280100
2019-10-29,134.8467254638672,136.42338150059607,134.67677881244143,136.0268585218308,20589500
2019-10-30,136.5272674560547,136.8954684847076,134.80898638505795,135.4981946331433,18496600
2019-10-31,135.35655212402344,136.82935604426177,134.9978014293005,136.80103400009742,24605100
2019-11-01,135.68699645996094,136.34786817323254,134.97891653732933,136.19680766564963,33128400
2019-11-04,136.4706268310547,136.89547196631688,136.10242579303747,136.73497555548116,16912000
2019-11-05,136.38568115234375,136.9143786805374,135.8664195064653,136.86717045710714,18250200
2019-11-06,136.00794982910156,136.44224506109512,135.19601784348484,136.30062047404735,16575800
2019-11-07,136.1968536376953,136.7822097006801,135.73425048521904,135.80033047588947,17786700
2019-11-08,137.80181884765625,137.8301408958898,135.72477260436398,135.9324772286932,16732700
2019-11-11,137.9434051513672,138.2360758696096,136.64053353501333,137.21643909236604,14362600
2019-11-12,138.84979248046875,139.32184587533385,137.89623540304834,138.10394004926312,18641600
2019-11-13,139.07632446289062,139.2179490796646,138.10389593258063,138.5381912557304,16919200
2019-11-14,139.78439331054688,140.1148363177174,138.7836428169502,138.80252897888238,19729800
2019-11-15,141.58763122558594,141.6065173863453,139.9826533031139,140.60575254897546,23485700
2019-11-18,141.93695068359375,142.1352193633561,140.65296542176574,141.682052331511,21534000
2019-11-19,141.98419189453125,142.8716544090842,141.8048093344505,142.44680931758558,23935700
2019-11-20,141.73789978027344,142.89363040716188,140.63902044982487,142.3915523673597,25696800
2019-11-21,141.60523986816406,141.90838888609795,140.6768712968879,141.5294526136806,18576100
2019-11-22,141.70947265625,142.38207563417407,140.98004729526477,142.1641962701748,15901800
2019-11-25,143.26307678222656,143.37676491417076,142.0220909584918,142.09787822814005,22420900
2019-11-26,144.0209197998047,144.39037366594638,143.34833134205698,143.38621774540442,24620100
2019-11-27,144.29563903808594,144.466149522101,143.53778093649,144.30510702443976,15184400
2019-11-29,143.40521240234375,144.27674449754684,143.31047468234374,144.0872835124934,11977300
2019-12-02,141.6715850830078,143.83147163906838,140.50638654867225,143.81252120824163,27418400
2019-12-03,141.44418334960938,141.5578569925941,138.92431159389267,139.72007045960382,24066000
2019-12-04,141.95578002929688,142.26838262760975,141.34001391048014,142.2304962218862,17574700
2019-12-05,142.0315704345703,142.4010388245932,141.60527965639483,142.14525857571,17869100
2019-12-06,143.7556915283203,143.86936520905383,142.3536631311451,143.0357341254345,16403500
2019-12-09,143.3861846923828,144.19141151358306,142.9598940920163,143.1114685803498,16687400
2019-12-10,143.16831970214844,143.88827691124754,142.8178018559934,143.31987975068387,16476100
2019-12-11,143.70828247070312,143.86932495833503,142.4104601289437,143.55670796883544,18856600
2019-12-12,145.1671600341797,145.35662093179835,143.0641108242509,143.66091192900262,24612100
2019-12-13,146.38917541503906,146.73021076684506,144.77873631954225,144.93977878359811,23845400
2019-12-16,147.33653259277344,147.68703602021847,146.66394415335506,146.9386603212284,24144200
2019-12-17,146.5408172607422,147.50708694421763,146.31345543670542,147.26077468777498,25425600
2019-12-18,146.23765563964844,147.289180496491,146.05766268456694,146.1713508143225,24129200
2019-12-19,147.50706481933594,147.56390165308392,145.6503130055619,145.8871427828067,24958900
2019-12-20,149.1174774169922,150.14058360405707,148.05647037766204,149.06064059353412,53477500
2019-12-23,149.1174774169922,149.79006576783252,148.9848533439434,149.79006576783252,17718200
2019-12-24,149.089111328125,149.4017284217973,148.84279906677688,149.18383458215166,8989200
2019-12-26,150.31112670898438,150.3679635447825,149.1080273498001,149.2596018818904,14520600
2019-12-27,150.58583068847656,151.1447454147721,149.88480944290797,151.05000773525674,18412800
2019-12-30,149.28802490234375,150.64269883538293,148.47332983592014,150.61428041660776,16348400
2019-12-31,149.39222717285156,149.45854645177255,148.20807823448885,148.51122730108239,18369400
2020-01-02,152.15843200683594,152.26263771533866,149.9890770179385,150.41536784183276,22622100
2020-01-03,150.26377868652344,151.52371505612567,149.73328220562672,149.97959446814662,21116200
2020-01-06,150.6521759033203,150.7184951877552,148.26492739771743,148.80490629687822,20813700
2020-01-07,149.27850341796875,151.25839630947817,149.03220572520078,150.92684339093725,21634100
2020-01-08,151.65634155273438,152.32894460830389,149.62907885185848,150.55744770797486,27746500
2020-01-09,153.55093383789062,153.67408993395057,152.54677800677655,153.31410408696973,21385000
2020-01-10,152.8404541015625,154.62141856495847,152.68887958234973,154.24249672186824,20725900
2020-01-13,154.6782684326172,154.70668685049705,152.7646797173632,153.23833928861814,21626500
2020-01-14,153.58883666992188,154.98139677965818,153.20043240422595,154.7824534261497,23477400
2020-01-15,154.5835418701172,155.30351372144347,154.00569102831227,154.05304542489407,21417900
2020-01-16,157.416015625,157.48233490143087,155.38875329683958,155.6919023520506,23865400
2020-01-17,158.2970428466797,158.64754632231816,156.71500707487465,158.60017747170502,34371700
2020-01-21,157.7286834716797,159.3296556046943,157.6623641738875,157.8991940289501,29517200
2020-01-22,156.9707489013672,158.66645793583385,156.9517984747694,158.58118824361392,24138800
2020-01-23,157.9370880126953,158.0128752976038,156.56347780422664,157.43500989825466,19680800
2020-01-24,156.3455352783203,158.7043650014878,155.7866204878923,158.6854145724222,24918100
2020-01-27,153.73095703125,154.77301392246096,151.76053138101526,152.66048172072817,32078100
2020-01-28,156.74343872070312,157.02762291226713,154.47934644660026,155.15193497322656,24899900
2020-01-29,159.18753051757812,159.8601335879613,156.96133881169087,158.99806954653704,34754500
2020-01-30,163.6777801513672,164.88087936173753,161.7926100859004,164.88087936173753,51597500
2020-01-31,161.2621307373047,163.31781150569444,160.6463790875127,163.1378330139446,36142700
2020-02-03,165.1935272216797,165.30720090044179,161.423186386706,161.45160480639652,30107000
2020-02-04,170.63111877441406,171.1237287743186,167.0218351658526,167.80811178619967,36433300
2020-02-05,170.42269897460938,174.49617396372633,169.01120277781624,174.33513145257945,39186300
2020-02-06,173.95620727539062,174.1362002133704,170.57427122162437,171.43633505355797,27751400
2020-02-07,174.2025604248047,175.85090135181798,172.8668366281705,173.21735462856637,33529100
2020-02-10,178.75912475585938,178.89174886166035,173.5962381626121,173.90885522377374,35844300
2020-02-11,174.72352600097656,180.65373798592051,173.83304379083776,180.60636914294562,53159900
2020-02-12,174.97935485839844,176.05929828587423,172.27002107298435,175.80351802661943,47062900
2020-02-13,174.0320281982422,176.41926233388548,173.23626903141627,173.43521243685896,35295800
2020-02-14,175.58560180664062,175.64243864012167,173.0278286604553,173.59622590515036,23149500
2020-02-18,177.36656188964844,177.81180305026547,175.727703793834,175.83190947940273,27792200
2020-02-19,177.89845275878906,178.75336264089347,177.12903096601107,178.63937852179157,29997500
2020-02-20,175.18177795410156,177.87001544081576,172.02809549780588,177.5850405545757,36862400
2020-02-21,169.643798828125,174.3078432347574,168.3709275932466,173.99437234955488,48572600
2020-02-24,162.3295135498047,165.80617465450774,155.053226624291,159.3658100477875,68311100
2020-02-25,159.6508026123047,166.08165959218329,159.25182910172236,165.47371997311936,68073300
2020-02-26,161.6455841064453,164.5807916536019,159.78377552086138,161.20863524213226,56206100
2020-02-27,150.25624084472656,158.66292127296975,150.06626239603057,155.13877539221548,93174900
2020-02-28,153.89439392089844,155.5092470603951,144.3858321653702,144.77529742816304,97012700
2020-03-02,164.13436889648438,164.25786140312832,154.17935094628967,157.02907098692916,71030800
2020-03-03,156.2691192626953,166.2336440588436,154.13182955336734,165.09375911275336,71677000
2020-03-04,162.006591796875,162.1490720051714,157.32354419371018,160.049786299332,49814400
2020-03-05,157.9409942626953,162.310556474439,157.39004662621815,157.7320136249134,47817300
2020-03-06,153.47642517089844,154.93927504171984,148.18543814642317,154.46432171432747,72821100
2020-03-09,143.07493591308594,149.84777500974567,142.48599842448084,143.43590508064403,70419300
2020-03-10,152.85894775390625,152.96343804561613,144.9367312551031,150.23721110885253,65354400
2020-03-11,145.93418884277344,149.80030204844616,143.57840950209692,149.25886270019677,56371600
2020-03-12,132.09400939941406,145.7821669760473,131.63805829012034,138.0214317979302,93226400
2020-03-13,150.87367248535156,153.79938665871734,133.68035660445514,140.11122857796408,92727400
2020-03-16,128.63633728027344,141.86854244359614,128.23737828715525,132.98691081630918,87905900
2020-03-17,139.22779846191406,140.11120452293932,128.2373736311648,132.9869059878746,81059800
2020-03-18,133.36688232421875,138.68636514109926,128.25639461563904,131.08711225665544,81593200
2020-03-19,135.56118774414062,142.62848121921525,132.03702760813172,135.61817982543892,85922700
2020-03-20,130.46966552734375,139.7312540410922,129.05429960314783,138.6863510776693,84866200
2020-03-23,129.16827392578125,133.52835551035776,125.88160575331062,130.1466764014955,78975200
2020-03-24,140.9091033935547,142.10599466175267,134.19327308795033,136.54903675934335,82516700
2020-03-25,139.5602569580078,146.59906738567054,137.20449296873716,141.45057605299218,75638200
2020-03-26,148.28993225097656,148.81238382335576,140.9376493369031,140.96614537772146,64568100
2020-03-27,142.2010498046875,147.13106858025253,141.7260963888439,144.14836170853184,57042300
2020-03-30,152.20350646972656,152.55498171253677,142.49546138832392,144.8037415996008,63420300
2020-03-31,149.80975341796875,156.52558451872216,148.71735229790227,151.41508315184382,77927200
2020-04-01,144.49029541015625,149.84776812499067,143.2649222575526,145.33571171552185,57969900
2020-04-02,147.4824981689453,147.69147878711792,142.82796147930063,144.25282142442757,49630700
2020-04-03,146.12413024902344,149.49630149094543,144.56628404497476,147.33051565835152,41243300
2020-04-06,156.9910430908203,158.15942396618635,149.68626016931051,152.28900906098028,67111700
2020-04-07,155.3002471923828,161.48413441584339,155.0817582215985,161.09466920123717,62769000
2020-04-08,156.85809326171875,158.3209431578964,155.30974074936518,157.3710364866465,48318200
2020-04-09,156.86758422851562,158.98587200804732,155.14825550424828,158.02647150570388,51385100
2020-04-13,157.2190399169922,157.2760464896753,154.1698477747721,156.11715925033957,41905300
2020-04-14,164.99879455566406,165.04629279060418,159.58432914429642,160.5342358653934,52874300
2020-04-15,163.2699432373047,164.8752876336318,160.76219051302303,162.62399924309832,40940800
2020-04-16,168.17144775390625,168.39943054189166,164.23883525130512,165.56871310625135,50479600
2020-04-17,169.65330505371094,170.98316834305447,167.06004989785689,170.50821509765711,52765600
2020-04-20,166.29063415527344,169.795791556013,166.22414823554044,167.781994358711,36669600
2020-04-21,159.41331481933594,164.9702591139394,157.78896833665317,164.80877674925068,56203700
2020-04-22,164.82778930664062,165.2837403941168,162.2630445097546,162.80448370842808,34620200
2020-04-23,162.83297729492188,166.29063651962912,162.34853017767068,165.38822820580504,32790800
2020-04-24,165.80618286132812,165.81567670835807,162.1585453714661,163.44091045280888,34277600
2020-04-27,165.33123779296875,168.03846276162992,164.61880788104367,167.74399405047532,33194400
2020-04-28,161.3035888671875,166.8700404472098,160.90462995462318,166.79404620275656,34392700
2020-04-29,168.54190063476562,168.7793772559572,163.26993123985068,164.54280245077612,51286600
2020-04-30,170.2327880859375,171.36316489690927,167.4020556506705,170.9832080102126,53875900
2020-05-01,165.82521057128906,169.69132309324073,165.29325067285902,166.9935916904016,39370500
2020-05-04,169.8813018798828,170.03329042260975,165.09377873938547,165.74921664727339,30372900
2020-05-05,171.70509338378906,174.45032258360467,170.8881732156213,171.57210705382792,36839200
2020-05-06,173.3959197998047,174.9727680108776,172.53151593213528,172.95897094263947,32139300
2020-05-07,174.40283203125,175.3052402702839,173.43392338262575,174.9442711769014,28316000
2020-05-08,175.42874145507812,175.73271852011223,174.17487229787307,175.71371632994155,30877800
2020-05-11,177.3855743408203,178.11699203070202,173.69043802497885,173.97539842652998,30892700
2020-05-12,173.367431640625,177.6705069643846,173.16795939072577,177.4425386787855,32038200
2020-05-13,170.74569702148438,174.83029795760064,167.69649071381875,173.405438177171,44711500
2020-05-14,171.48666381835938,171.63865237649037,166.8796102991968,168.64643742779634,41873900
2020-05-15,173.98492431640625,177.68955485444684,168.1334952406675,170.0903008322698,46610400
2020-05-18,175.64723205566406,176.87260518633394,174.74482368880803,176.44515011723627,35264500
2020-05-19,174.4313507080078,177.25257442284837,174.29836436598677,175.76121412821837,26799100
2020-05-20,176.85086059570312,177.03184785529155,175.21246950388453,176.0411853401111,31261300
2020-05-21,174.72662353515625,177.8128975506415,174.59326682345701,176.6031523221469,29119500
2020-05-22,174.80282592773438,175.7077620261806,173.87884925285118,174.49801682204026,20826900
2020-05-26,172.95492553710938,177.65100133015423,172.5072247999281,177.49858947605117,36073600
2020-05-27,173.18345642089844,173.35492331881767,168.22066922420984,171.6498472999227,39517100
2020-05-28,172.79293823242188,175.4124564029149,171.821345594234,172.1642649179447,33810200
2020-05-29,174.55517578125,175.52678301222977,171.84993125203522,174.05984460970063,42130400
2020-06-01,174.15512084960938,174.317052979787,172.85012898389996,173.87887257152337,22622400
2020-06-02,176.1364288330078,176.22215504170484,172.74534536425864,175.50774089964386,30794600
2020-06-03,176.56509399414062,177.11757606945213,174.8695520717133,176.0507221501166,27311000
2020-06-04,174.2408447265625,177.0222953752069,173.65026702031676,175.5553713989603,28761800
2020-06-05,178.3177490234375,178.82260047028618,173.37400133185187,173.95505869036717,39893600
2020-06-08,179.4227294921875,179.60371673224284,175.68872668481072,177.11755495708823,33211600
2020-06-09,180.79440307617188,181.651694207209,178.37491244759534,179.07980627930513,29783900
2020-06-10,187.50035095214844,189.10064603035806,181.9469704923257,182.0612866274209,43872300
2020-06-11,177.43190002441406,186.4716109809636,177.2413924938844,183.96640861165238,52854700
2020-06-12,178.83213806152344,182.623291383171,176.39359245482194,181.49927233718,43373600
2020-06-15,179.97520446777344,181.7660071501727,175.27911483833037,175.8220765372761,32770200
2020-06-16,184.38551330566406,186.3001377560509,182.37562783325563,183.73777033245818,42556700
2020-06-17,185.02374267578125,187.0050529757738,184.4998360641594,185.77625251080684,25687800
2020-06-18,187.00503540039062,187.166967513347,184.79510754989806,184.79510754989806,23061600
2020-06-19,185.89056396484375,189.8341296600806,185.14757437985665,189.16734599852728,44441100
2020-06-22,191.0533905029297,191.23436320106813,185.96675100741712,186.50017788250193,32818900
2020-06-23,192.3297576904297,194.2729571718611,191.8725223132082,192.50121005579635,30917400
2020-06-24,188.45294189453125,193.60625328078626,187.2336761239844,192.03454781345783,36740600
2020-06-25,190.8342742919922,191.09146741534593,186.19535045759932,188.4147984792435,27803900
2020-06-26,187.01454162597656,190.405624524162,185.63334409067616,190.25321271114927,54675800
2020-06-29,189.02444458007812,189.1101707823293,184.3664653054702,186.49065245840316,26701600
2020-06-30,193.85391235351562,194.7016833148076,188.35769607555034,188.4910528154796,34310300
2020-07-01,194.98744201660156,196.55916194472687,192.19647091012706,193.50146283713315,32061200
2020-07-02,196.47344970703125,198.14995120698134,195.2732389344,195.92096757952916,29315800
2020-07-06,200.7027130126953,201.11231795021436,198.21655159338107,198.92144533933973,31897600
2020-07-07,198.36900329589844,204.4843869114335,198.12134494687825,200.46461530971268,33600700
2020-07-08,202.73171997070312,203.1413105076855,198.78815379243784,200.10268069679142,33600000
2020-07-09,204.1510009765625,206.11325624543244,201.43622130626395,206.06562572695827,33121700
2020-07-10,203.53182983398438,203.9223797300993,201.06472308791984,203.48419931632273,26177600
2020-07-13,197.24501037597656,205.56078782782424,196.7020485920236,204.3034118238034,38135600
2020-07-14,198.46424865722656,198.94052473796404,192.44411202000435,196.34958169596874,37591800
2020-07-15,198.16893005371094,201.30283456368667,195.30175350046605,199.61681329766185,32179400
2020-07-16,194.24441528320312,195.93995679553132,192.7108058776938,195.65418826917232,29940700
2020-07-17,193.25381469726562,195.31131661266934,191.8345065419836,194.76836936138608,31635300
2020-07-20,201.56005859375,202.22684225080772,193.37762385459058,195.27320803339165,36884800
2020-07-21,198.8452606201172,203.78900858696974,198.1594219117219,203.52229514868182,37990400
2020-07-22,201.70291137695312,202.22681794982566,198.50233567288583,199.27390056439273,49605700
2020-07-23,192.92991638183594,200.91230847679552,192.55842160486344,197.35929283705426,67457000
2020-07-24,191.74871826171875,193.23469703875259,188.13853808450892,190.91046786040124,39827000
2020-07-27,194.17774963378906,194.29205123361672,191.3296136481544,191.9106710052641,30160900
2020-07-28,192.4345703125,194.98740284441632,192.16785689975623,193.94912459232157,23251400
2020-07-29,194.3777618408203,194.9397640412787,192.42502730325805,192.8917830230977,19632600
2020-07-30,194.2253875732422,194.75882901393874,190.10084934195524,191.4629920099021,25079600
2020-07-31,195.28273010253906,195.36847085085128,189.5674166446083,194.70167265292434,51044000
2020-08-03,206.26564025878906,207.3134534584986,200.45508074936077,201.48383883595034,78983000
2020-08-04,203.1698455810547,204.57963325518696,200.3312441892674,204.0080961402909,49280100
2020-08-05,202.83644104003906,204.79869598765652,201.5314493492974,204.70343496630394,28806400
2020-08-06,206.0846710205078,206.10371159915528,201.5124176259521,202.26492745672695,32656800
2020-08-07,202.39828491210938,205.46550412139865,200.92182611319922,204.65584348217192,27820400
2020-08-10,198.36900329589844,201.82677256630785,196.55915986005738,201.6267302012885,36716500
2020-08-11,193.7300567626953,197.7974438909009,193.50143901907384,197.3307026496794,36446500
2020-08-12,199.26438903808594,200.30266740602258,195.03505511443325,195.54942688645932,28013100
2020-08-13,198.797607421875,201.32187904342692,198.27370089402152,199.50250116251334,22588900
2020-08-14,198.9881591796875,199.64542255765082,197.66411213378817,198.8548024461003,17958900
2020-08-17,200.30270385742188,201.16952997069373,199.007232100324,199.6549752462705,20184800
2020-08-18,201.45530700683594,202.28402292189188,199.28348875477528,200.54085033159134,21336200
2020-08-19,200.2330322265625,202.5246923005992,199.8033505157827,201.94223033756498,27627600
2020-08-20,204.89279174804688,205.29382910767941,199.47876553811054,200.08031429259367,26981500
2020-08-21,203.40316772460938,206.487344560312,203.24084416167003,204.20524223675469,36249300
2020-08-24,204.04293823242188,205.79032438204533,202.83981177895026,205.0932698409318,25460100
2020-08-25,206.69740295410156,206.83108203246027,203.4795472015141,203.4795472015141,23043700
2020-08-26,211.16612243652344,212.0636882339954,207.54722933961594,208.04375788990563,39600800
2020-08-27,216.3509979248047,220.71467669554357,209.49513302411248,212.82758145339662,57602200
2020-08-28,218.57582092285156,220.22771568625402,216.35100743795786,217.87876641205395,26292900
2020-08-31,215.34840393066406,218.37529192711878,214.18347989796817,216.7520416656349,28774200
2020-09-01,217.0098419189453,217.18170877943533,214.29804337071027,215.3292882434317,25725500
2020-09-02,221.1920623779297,222.34744285530206,217.08619925171826,217.67820444165247,34080800
2020-09-03,207.4899444580078,218.95774500180633,205.2555877927425,218.9195572217702,58400300
2020-09-04,204.57762145996094,208.5020748978359,195.92664012521107,205.38925379080658,59664100
2020-09-08,193.5108642578125,200.54813899842011,193.07162466856798,197.17750294657407,52924300
2020-09-09,201.75125122070312,205.14098845525137,197.3684714692086,198.22784947553285,45679000
2020-09-10,196.09854125976562,205.04554135717223,194.89542936094682,203.766024749938,35461500
2020-09-11,194.81900024414062,199.21133762376908,192.15496208335907,197.8458878476529,33620100
2020-09-14,196.13674926757812,199.75564294186492,194.81904483808273,195.01957077863054,30375800
2020-09-15,199.35459899902344,200.30945387096816,197.58811165795407,199.01085066232616,21823900
2020-09-16,195.79296875,201.14014659025136,195.40147480702015,201.11150211344088,26328100
2020-09-17,193.74960327148438,195.10549542521738,190.9327843465496,191.01871778722526,34011300
2020-09-18,191.3433380126953,194.4561591751333,187.3902400287708,193.64454139976738,55225300
2020-09-21,193.3962860107422,193.55862414931087,187.5143914784935,188.2878215402221,39839700
2020-09-22,198.05601501464844,198.705323966959,192.9570930003208,195.80255671533027,33517100
2020-09-23,191.53433227539062,198.70530157646007,190.99961588664098,198.51431894911047,30803800
2020-09-24,194.0169677734375,196.28952707803427,190.2070915104246,190.82775593197994,31202500
2020-09-25,198.4379425048828,199.60285202097856,193.39629547770284,194.360708203797,29437300
2020-09-28,199.98477172851562,202.973471617275,198.6670675733569,201.35976483478098,32004900
2020-09-29,197.90318298339844,200.5863369712553,197.47350127563882,199.89884041086924,24221900
2020-09-30,200.8345947265625,202.41009918439974,197.21568718363864,198.35196663004595,33829100
2020-10-01,202.8684844970703,204.32941137191665,201.77995046149988,203.85198390772032,27158400
2020-10-02,196.88153076171875,201.46483711654338,196.26086634548096,198.6098157696797,33154800
2020-10-05,200.88235473632812,200.91099921434176,197.63583971881565,197.86501011285242,21331600
2020-10-06,196.61416625976562,200.6913859913485,195.57337796687514,199.39279737852067,28554300
2020-10-07,200.35716247558594,200.62452062469237,197.38756379022215,197.71221088986192,25681100
2020-10-08,201.07334899902344,201.65581107779784,198.91538214434803,201.00650216165653,19925800
2020-10-09,206.06724548339844,206.11499114512895,201.69400804161535,201.69400804161535,26458000
2020-10-12,211.40480041503906,213.75374911739496,207.02202134336838,208.91262935214155,40461400
2020-10-13,212.79891967773438,215.04283405759003,210.47861517325316,212.66524060212126,28950800
2020-10-14,210.88926696777344,214.0975802149441,209.23737196718548,212.932655998595,23421700
2020-10-15,209.74339294433594,210.41178833961618,206.25816444692333,207.29896717306707,22733100
2020-10-16,209.74339294433594,212.25465097016937,209.4187458337608,210.21126243606867,26057900
2020-10-19,204.54901123046875,212.2642403214248,204.0715837959041,210.46910850508448,27625800
2020-10-20,204.95953369140625,207.55673936430378,203.4699628492878,206.05762522137556,22753500
2020-10-21,205.10281372070312,207.12710123202376,203.49865008216514,203.49865008216514,22724900
2020-10-22,205.18875122070312,206.3059296091729,202.14276202063672,204.27208418481786,22351500
2020-10-23,206.4682159423828,206.51596158864882,203.53681975669713,205.32239328162643,18879600
2020-10-26,200.59588623046875,206.57327167863946,198.70527791822374,204.19569269246188,37111600
2020-10-27,203.6227569580078,204.97864883156453,200.83458308943582,202.03769472007534,36700300
2020-10-28,193.5299835205078,199.41189318251043,192.97618050181404,198.29471470146902,51195600
2020-10-29,195.4779052734375,197.99872174244132,194.188845271249,194.85725538789796,31432600
2020-10-30,193.32943725585938,195.06726527827394,190.60809546277156,194.3129364566058,36953700
2020-11-02,193.19578552246094,196.01260444475008,191.0855498716354,195.06729288841902,30842200
2020-11-03,197.1106719970703,198.72437896176254,193.95010489814203,194.6853471835195,27512000
2020-11-04,206.6210174560547,208.46389468820024,202.83024295706136,204.35801637531904,42311800
2020-11-05,213.20948791503906,214.00201902117308,211.16609955136636,212.01591960518525,36080100
2020-11-06,213.62014770507812,214.23125428205773,208.18702078149855,212.22605308606802,25231900
2020-11-09,208.53076171875,217.8214958469359,208.04379096331203,214.30763679686595,44395000
2020-11-10,201.48388671875,206.72604431159402,200.25213055602137,204.81633489532064,44045100
2020-11-11,206.77377319335938,208.196497268359,202.6201497218183,202.8015744328405,29440800
2020-11-12,205.7139129638672,209.21822820406635,204.77815937346904,207.40400997799867,21593900
2020-11-13,206.73558044433594,207.6045016953903,204.4916806999845,206.59235807105273,18621100
2020-11-16,207.42311096191406,207.91009625072095,204.8354625277745,205.16965297683396,24953300
2020-11-17,204.77813720703125,207.85275581409536,204.41528777312377,206.3440982697899,24154100
2020-11-18,202.07843017578125,205.9940073608106,201.93481820711207,204.53882413845477,28372800
2020-11-19,203.3612518310547,203.94523869108724,200.9774337417931,202.36560952624848,24792700
2020-11-20,201.41783142089844,204.1941538861214,201.04446371546402,203.15064088991645,22843100
2020-11-23,201.14979553222656,203.23682175525894,199.28295679876337,201.9539699700148,25683500
2020-11-24,204.73983764648438,205.11320532389465,199.95306506016246,200.65192976750566,33979700
2020-11-25,204.74940490722656,206.1088465619645,203.39954614677848,205.9365297615939,21012900
2020-11-27,206.0514373779297,207.04709439516884,204.91218300631596,205.68765254415658,14512200
2020-11-30,204.94093322753906,205.60149571776424,201.84866694443141,204.96965270067608,33064800
2020-12-01,206.9896697998047,208.05233412004736,204.25163472473366,205.36215509436963,30904500
2020-12-02,206.18548583984375,206.28122715714795,203.7250917523255,205.7163913660457,23724500
2020-12-03,205.10366821289062,207.15240660691688,204.53881785971507,205.4578847635359,25120900
2020-12-04,205.21853637695312,206.19504217699352,204.08885033218635,205.08450731483558,24666000
2020-12-07,205.15151977539062,206.3482130777084,203.90697042743815,205.22810989970768,24620000
2020-12-08,206.7981719970703,207.69808770235701,203.8112301736273,204.84517494514358,23284100
2020-12-09,202.7677459716797,206.05146586566656,202.2029101556179,205.98445862705185,32440600
2020-12-10,201.54226684570312,203.99309194834134,201.38908662477075,202.73895993160616,26733300
2020-12-11,204.1654510498047,204.22290460061276,200.19243502451116,201.09235074888988,30979400
2020-12-14,205.0653533935547,206.98964549805916,203.8016529116194,204.0122720932873,28798400
2020-12-15,204.99835205078125,206.23333309866626,203.1889523803943,205.99399444063587,27000600
2020-12-16,209.9287109375,210.72331699112576,205.56317639407263,205.59189586280007,35023300
2020-12-17,210.0627899169922,211.47010265137897,208.6267577070526,210.49359665835905,32515800
2020-12-18,209.26817321777344,210.3212692956712,206.80777908388407,209.26817321777344,63354900
2020-12-21,213.0975799560547,214.44745359399022,208.01402881752463,208.27251867774226,37181900
2020-12-22,214.39002990722656,216.00796180865703,212.38916194035403,213.19333644262701,22612200
2020-12-23,211.5945281982422,214.0262025743925,211.38390900722848,213.59539590479994,18699600
2020-12-24,213.25074768066406,214.0740732616441,211.7668450557722,211.97746424681867,10550600
2020-12-28,215.36648559570312,216.3908473661043,213.50921543485993,214.87822542694408,17933500
2020-12-29,214.59104919433594,217.49183275361256,214.04536461399422,216.65893884295096,17403200
2020-12-30,212.22637939453125,216.00794208381058,212.02534309135797,215.62499144526328,20272300
2020-12-31,212.934814453125,213.49008188993298,210.311657515392,212.24551795281667,20942100
2021-01-04,208.40652465820312,213.4900752334204,205.64933874293737,213.04011740396882,37130100
2021-01-05,208.60757446289062,209.2011442852732,206.5013971335944,207.9948680651304,23823000
2021-01-06,203.1985626220703,207.25775235926994,202.90178496212872,203.12197248271838,35930700
2021-01-07,208.98092651367188,209.98615175233365,204.59625535727284,204.9121695160989,27694500
2021-01-08,210.2542266845703,211.17329358978736,207.77468161014076,209.35431096289832,22956200
2021-01-11,208.21510314941406,209.57454522836616,207.48750414372483,209.15330677414084,23031300
2021-01-12,205.76425170898438,207.84172439484524,204.22292456798172,207.26730569518543,23249300
2021-01-13,207.11407470703125,207.5161618550956,204.8068467927867,204.8930198022847,20087100
2021-01-14,203.93572998046875,208.186387763036,203.66767179671004,206.70248485489466,29480800
2021-01-15,203.58148193359375,205.3621623545727,202.9879266626255,204.41439050035876,31746500
2021-01-19,207.2098388671875,207.7268039408653,203.5623200569144,204.63455257006677,30480900
2021-01-20,214.77291870117188,216.1610798929583,208.02356612474742,208.4160850006806,37777300
2021-01-21,215.37608337402344,216.64936685048048,212.93482602015692,215.11759352034807,30709400
2021-01-22,216.3142547607422,220.25856538753118,216.1706574233892,217.39607006237097,30172700
2021-01-25,219.7416229248047,219.98096159958953,214.6580718096666,219.34910399221997,33152100
2021-01-26,222.42222595214844,224.1933234360386,220.26817781179568,221.97226806085106,49169600
2021-01-27,222.96786499023438,230.1863263527391,220.32557173690137,227.85037895390354,69870600
2021-01-28,228.74075317382812,232.29254556500564,225.06451460420766,225.56234314220006,49111200
2021-01-29,222.06797790527344,227.86954440379412,221.48399101899585,225.92611574790212,42503100
2021-02-01,229.43003845214844,232.15850507669126,222.51793663750792,225.0357840681807,33314200
2021-02-02,229.29600524902344,231.9766011706054,228.51098203808783,231.00967824023755,25916300
2021-02-03,232.63714599609375,234.63801341662528,229.0566348687711,229.35342703773466,27158100
2021-02-04,231.68936157226562,232.86691814686066,230.11930074754287,232.31165077361996,25296100
2021-02-05,231.87130737304688,232.9052522107318,230.16721716132736,231.9000268456431,18054800
2021-02-08,232.1297607421875,233.28815157632502,230.54054867068731,232.78075482945962,22211900
2021-02-09,233.3743438720703,234.32211561321034,231.0862668747444,231.55536129754788,23565000
2021-02-10,232.4648895263672,235.4326805135814,230.61718724582224,234.55191588851997,22186700
2021-02-11,234.0636444091797,234.69548737812784,231.82342341865782,234.34127083104315,15751100
2021-02-12,234.5422821044922,234.83905965953178,232.37865160478628,233.52747407284002,16561100
2021-02-16,233.3073272705078,235.6337066860198,232.56059180579354,234.5806107188213,26728500
2021-02-17,234.32447814941406,234.43003030313588,231.19631876722457,231.56095614221252,21653500
2021-02-18,233.93099975585938,234.0653374977175,231.11949750064423,232.02148575671274,16925600
2021-02-19,231.22508239746094,233.9982091087317,230.46702209962763,233.89265696504796,25262600
2021-02-22,225.02630615234375,228.30799807606732,223.0016349040027,227.81862797364326,36446900
2021-02-23,223.8364715576172,225.33338218803956,219.48006278270333,221.01536399641307,30228700
2021-02-24,225.06472778320312,225.68843572381107,219.73916858564397,220.70831859965355,26339700
2021-02-25,219.7295379638672,225.10306244701493,218.6644263196848,222.69457334247465,39542200
2021-02-26,222.9824676513672,225.8515415247869,220.2573072215553,222.166836123275,37819200
2021-03-01,227.35806274414062,227.86662818043706,223.72132352037755,226.36011252225157,25324000
2021-03-02,224.41221618652344,227.7035134807684,224.00920288060502,227.42523297605322,22812500
2021-03-03,218.35740661621094,224.13396020584003,218.06953577308565,222.77138716621417,34029500
2021-03-04,217.56094360351562,223.08801625993092,215.19083022458815,217.57054857019696,44727800
2021-03-05,222.23402404785156,223.83648692978852,217.30188796036578,220.23813818964663,41872800
2021-03-08,218.19424438476562,223.93240636504976,217.94476417404604,222.01328727476053,35267400
2021-03-09,224.32582092285156,225.8611219944867,222.30114977246933,223.4622232211294,33080500
2021-03-10,223.0208282470703,227.41561273111648,222.65619093371328,227.41561273111648,29746800
2021-03-11,227.54034423828125,229.49783913564707,224.83437947593785,225.4581019231332,29907600
2021-03-12,226.21620178222656,226.28337798999624,223.7981072117447,224.54656261470257,22653700
2021-03-15,225.31419372558594,225.67883106928048,222.4355148439166,225.4581364547002,26034900
2021-03-16,228.096923828125,230.3518801512368,226.39849920018347,226.7247459571365,28092200
2021-03-17,227.45399475097656,228.90293907696545,223.79807512037002,226.5999873166399,29562100
2021-03-18,221.38958740234375,224.71926031527957,221.01535975192502,223.15517351500054,34833000
2021-03-19,221.03457641601562,223.06883823635602,220.07501674352017,221.67747963958135,46430700
2021-03-22,226.4464874267578,227.31967558191016,220.83305760883877,220.95780504888268,30127000
2021-03-23,227.97216796875,231.30184090014612,227.48279785140227,227.88581112010934,31638400
2021-03-24,225.93792724609375,228.37520237530592,225.80358947742405,228.2312742809165,25620100
2021-03-25,222.94406127929688,227.35804104512198,222.20521097132493,225.78436397622824,34061900
2021-03-26,226.91664123535156,227.13735047675794,222.18601962035427,222.18601962035427,25479900
2021-03-29,225.72677612304688,227.2236865610609,222.50265570204917,227.02217262899796,25227500
2021-03-30,222.47389221191406,224.39301135235166,221.75422253424998,224.08594526185743,24792000
2021-03-31,226.23538208007812,229.4307174616961,222.99206578776494,223.49104090390196,43623500
2021-04-01,232.5492706298828,233.01944545451641,228.42316149759984,228.8261747651646,30338000
2021-04-05,238.99752807617188,239.85153557551078,232.88512317429942,232.94269441038907,36910600
2021-04-06,237.83641052246094,239.31412566205827,236.8960463427172,237.59652065526092,22931900
2021-04-07,239.7938995361328,240.7822445935055,237.1935016385964,237.78842380936416,22719800
2021-04-08,243.00848388671875,243.8624913984209,241.80903431175963,242.54789934961562,23625200
2021-04-09,245.5033416748047,245.63767943978883,242.23123976274744,242.64384338315648,24326800
2021-04-12,245.56089782714844,247.24973207374578,244.32305775852038,244.40942924919764,27148700
2021-04-13,248.03659057617188,248.7082941150064,246.44371787607142,246.8563508242673,23837500
2021-04-14,245.25384521484375,248.36280908207007,244.84124159709435,247.06742699301665,23070900
2021-04-15,249.00570678710938,249.41831037148776,247.30729690134913,247.4991912440341,25627500
2021-04-16,250.19554138183594,250.4450362292379,247.1825396982639,248.97691132612795,24878600
2021-04-19,248.2764892578125,250.90570297994432,247.39371065484556,249.66786265864081,23209300
2021-04-20,247.81585693359375,249.67740478959612,246.45326949789063,247.39364839202,19722900
2021-04-21,250.04200744628906,250.13796925520947,246.8466871216118,248.4683450570387,24030400
2021-04-22,246.76995849609375,251.19351425483057,245.30181881820317,249.6869986347857,25606200
2021-04-23,250.58901977539062,250.93447650853264,246.86592330580729,247.4512699735004,21462600
2021-04-26,250.9727783203125,251.82680034091737,249.64861079357635,251.07834509387854,19763300
2021-04-27,251.37579345703125,252.5464571721275,249.60060259546464,251.0015512107664,31014200
2021-04-28,244.26553344726562,246.1654723396502,242.72064162722455,245.7240537600382,46903100
2021-04-29,242.2983856201172,245.7432156591493,238.93033674663465,245.1290981102082,40589000
2021-04-30,241.98171997070312,242.84533234959014,239.5060692196905,239.64040697084403,30945100
2021-05-03,241.67471313476562,244.0640221231167,240.96463366662786,243.15242867019677,19626600
2021-05-04,237.76925659179688,241.05096316703924,235.8213518591053,240.82066360194878,32756100
2021-05-05,236.50267028808594,239.41013488306382,235.87896236652082,238.9879262904949,21901300
2021-05-06,239.6308135986328,239.75556103135267,234.79463968140215,236.48345929785845,26491100
2021-05-07,242.2504425048828,244.01602879660211,241.01260232215404,241.9529667059604,27032900
2021-05-10,237.1839141845703,241.5499129115919,237.12634295627333,240.72469114199723,29299900
2021-05-11,236.27235412597656,236.62740113121535,232.76037714863403,234.6603010402085,33641600
2021-05-12,229.3347625732422,234.4971983156802,228.4423791025512,232.37656498927853,36684400
2021-05-13,233.20181274414062,235.66788841292177,231.65692090881572,232.02155831147635,29624300
2021-05-14,238.11468505859375,239.10303017636681,235.56226790568283,235.6486247470301,23901100
2021-05-17,235.26483154296875,236.6178141840923,233.67197362740927,236.57943823986372,24970200
2021-05-18,233.24974060058594,236.44507570607448,233.07701226535352,236.3107379527679,20168000
2021-05-19,233.8268280029297,233.93262388279754,229.47961380869796,230.16246611695865,25739800
2021-05-20,237.05838012695312,238.47219104144915,234.5385334489795,234.63471685255448,21800700
2021-05-21,235.7984619140625,238.83767555656837,235.38490555585892,238.10673157029987,21863100
2021-05-24,241.19403076171875,241.55951010552934,238.04902113207515,238.31831706682158,21411500
2021-05-25,242.0980682373047,243.08869557539978,241.2324763784631,242.14615993513493,17704300
2021-05-26,241.87689208984375,243.2714634355035,241.16517303578058,241.819173240438,17771600
2021-05-27,239.7801971435547,241.86724777869244,239.72249297377158,241.56909978446225,24426200
2021-05-28,240.13604736328125,242.44431686460024,240.0206390246495,241.40559779033563,18270200
2021-06-01,237.94325256347656,241.68455866726802,237.52008367139496,241.62685448541734,23213300
2021-06-02,237.84703063964844,239.74172912294227,236.4428322679461,238.64530588633542,19406700
2021-06-03,236.3178253173828,236.9237338024007,233.71140768799265,235.846550117456,25307700
2021-06-04,241.20358276367188,242.03070997747213,238.04896145418354,238.28940524103797,25281100
2021-06-07,244.10818481445312,244.37748072250199,240.2610836417249,240.42458368050268,23079200
2021-06-08,242.9156036376953,246.22411314134618,242.85788479009744,245.40659823560296,22455000
2021-06-09,243.8966064453125,245.76245296444787,243.531141793228,244.10819819545324,17937600
2021-06-10,247.40707397460938,247.6186657190944,243.97354371278735,244.56983971513966,24563600
2021-06-11,248.0322723388672,248.6093140988236,246.80117164814428,248.12842639815597,18999700
2021-06-14,249.95579528808594,250.0134994576514,246.98388380020114,248.04184249398912,19150500
2021-06-15,248.48426818847656,250.05196672313224,247.83026798722594,249.84037496966238,18038900
2021-06-16,247.54171752929688,250.6193807060856,244.69485634370264,249.48449295997696,27220000
2021-06-17,250.92715454101562,251.74466936618765,246.22408887442882,246.2817930408126,27565500
2021-06-18,249.5133514404297,252.2736417712476,248.85935130058786,249.70571823499586,37202200
2021-06-21,252.59109497070312,253.44705987166952,248.06114075061433,249.88850826319074,26696100
2021-06-22,255.36099243164062,255.63028836599736,252.36985571508916,252.67763088322698,24694100
2021-06-23,255.13018798828125,256.6305554888234,254.3223000534555,255.82266755399766,19518700
2021-06-24,256.4958190917969,257.61148179657937,255.3224522256505,255.9860794323836,21446900
2021-06-25,254.8896484375,257.03441766201166,254.6396068486284,256.05341754170934,25611100
2021-06-28,258.44830322265625,258.62141576149537,255.74571652356687,256.0150124787803,19590000
2021-06-29,261.0257568359375,261.266200611459,257.7365024233895,258.5924670017017,19937800
2021-06-30,260.544921875,260.9873302929651,259.2946257303389,260.3429572810892,21656500
2021-07-01,261.2181396484375,261.4489562947867,259.2945893260647,259.30418711896345,16725300
2021-07-02,267.0368957519531,267.3735229640247,262.0837590204918,262.3915341487316,26458000
2021-07-06,267.0466003417969,268.69122829926044,263.8150192602076,267.402452595938,31565600
2021-07-07,269.2297668457031,269.960725504487,266.5560325451121,268.7200270839339,23260000
2021-07-08,266.8157653808594,268.07568890593086,264.36322030721055,266.31562334882244,24618600
2021-07-09,267.3158264160156,267.4216076093967,264.79597985271084,265.18068409845046,23916700
2021-07-12,266.7195739746094,269.075906208845,266.00784018519494,268.48923727475227,18931700
2021-07-13,270.2396545410156,272.03816979015454,266.7868844783001,266.9118906217508,26120100
2021-07-14,271.7112121582031,272.817248138477,269.82611100200353,271.55732455253013,23113700
2021-07-15,270.2876892089844,271.71112710257626,269.1335472032558,271.22061234748406,22604200
2021-07-16,270.0184326171875,273.24038594694457,268.77773418312665,271.28798313803793,26186800
2021-07-19,266.4214172363281,269.6529685438566,263.9592745207665,268.2680095974711,32935600
2021-07-20,268.64306640625,270.2299896780536,265.70003652732663,267.4023681314722,26259700
2021-07-21,270.6435546875,270.75896302355244,266.69067242244347,268.23911651623393,24364300
2021-07-22,275.2024230957031,275.4717190297968,272.5863928711976,272.9903220968104,23384100
2021-07-23,278.59747314453125,278.90521894376,275.5486324297109,276.3853722718105,22768100
2021-07-26,278.00115966796875,278.616709994847,275.6833068492784,277.95308263976796,23176100
2021-07-27,275.5870361328125,278.51081120603476,272.1342671616975,278.36655081608063,33604100
2021-07-28,275.27935791015625,279.0591282119056,272.9807006010522,277.9434652186941,33566900
2021-07-29,275.5486755371094,277.58763486236643,275.1447169202856,275.2986045195014,18168300
2021-07-30,274.0193786621094,275.70248527997103,273.0576034519027,274.2694496090991,20944800
2021-08-02,273.932861328125,275.8083056438092,272.89412751695914,275.41397422948273,16267400
2021-08-03,276.1449279785156,276.2507385273349,273.1441936458983,274.50992752859145,17879000
2021-08-04,275.5582580566406,276.59696249430243,273.76934068765456,275.27933499379344,16191300
2021-08-05,278.4532165527344,278.5590271143416,275.16396096408687,275.9141446379062,13900200
2021-08-06,278.3954772949219,278.4339565262084,276.62581421943787,277.48180834700514,16589300
2021-08-09,277.3087158203125,280.4056340911744,276.8086031288222,278.6744499389659,16117600
2021-08-10,275.4908752441406,278.1934610570605,274.2982834551078,277.7606505008222,18616600
2021-08-11,275.9813537597656,277.62598082585407,274.93299315893137,276.231395306283,13955900
2021-08-12,278.73211669921875,278.8860042800306,275.3947550024405,275.67367807710286,14561300
2021-08-13,281.65582275390625,281.7038997648772,278.24150379468085,278.4146456064741,18249000
2021-08-16,283.33905029296875,283.55064206366075,278.9341023443054,281.98294340140507,22507600
2021-08-17,281.8771057128906,282.2137329544662,279.9535550193779,281.21350772659866,20075300
2021-08-18,280.15228271484375,284.09347133334273,279.70899787712983,281.4146181894163,21813000
2021-08-19,285.9725036621094,286.64704708243323,278.13832497152845,278.1864940413031,29850500
2021-08-20,293.2863464355469,294.7125096493585,287.21557336643235,288.8151805177053,40817600
2021-08-23,293.5657653808594,294.2884777670295,290.8676509020545,292.21670814145693,22830200
2021-08-24,291.6096496582031,294.5294067686128,291.0122120736746,293.92232360780326,18175800
2021-08-25,291.0218200683594,293.5079376265004,289.48967340701506,293.2284806156416,20006100
2021-08-26,288.2080383300781,291.42651371995913,288.0731473198594,290.0389036898351,17666100
2021-08-27,288.8151550292969,289.9233081860537,286.0302890699818,288.1117043575675,22605700
2021-08-30,292.5443420410156,293.15142516677145,290.10639336951124,290.1642080093696,16348100
2021-08-31,290.89654541015625,293.42121586283224,290.53036644546444,293.3441394842218,26285300
2021-09-01,290.848388671875,294.08615577563324,290.5207625531025,291.85055818104365,18983800
2021-09-02,290.1930847167969,292.3226688129112,289.2583755946985,291.2048996220678,16285600
2021-09-03,290.18353271484375,291.5904047928127,289.3355453558773,290.03896669123856,14747900
2021-09-07,289.2584228515625,290.13531748316177,287.3504808113143,290.05824109463697,17180400
2021-09-08,289.287353515625,289.6727943038397,286.64705323874495,288.8730054034754,15046800
2021-09-09,286.43499755859375,291.1470962428215,286.1940934395369,289.87511543646343,19927000
2021-09-10,284.9510192871094,289.007865815786,284.6330387898814,287.5624411048134,19633400
2021-09-13,286.18450927734375,287.67813278036044,283.3803812009098,286.7241322672505,23652900
2021-09-14,288.8826599121094,290.42445251988386,287.25414532984894,288.6610174835909,21853400
2021-09-15,293.7295837402344,294.211391982283,290.8387342879429,292.2263443776221,28356300
2021-09-16,294.11505126953125,294.20177323213824,289.81732959262365,292.70817930849984,19550800
2021-09-17,288.9596862792969,293.4212355512948,288.6320601855472,293.103255033234,41372500
2021-09-20,283.5923156738281,287.8515134151559,278.98623011838976,285.5484559338163,38278700
2021-09-21,284.0741271972656,286.7144563554884,283.37070598587525,284.93175998192237,22364100
2021-09-22,287.7166748046875,289.29702038208677,283.7947770017501,285.934007352102,26626300
2021-09-23,288.6609802246094,289.9522229123692,286.70483974436394,287.9768206871402,18604600
2021-09-24,288.4585876464844,288.89219740081836,286.1266229188525,287.37934193715523,14999000
2021-09-27,283.4670104980469,285.6833161515632,282.28175190179695,285.365335722305,23571700
2021-09-28,273.2044982910156,280.2003624362763,272.4625242845209,279.2560078220888,43186200
2021-09-29,273.6670837402344,276.3362908365867,272.713112823429,274.72706776293006,26353700
2021-09-30,271.6628112792969,277.3577596425143,271.3737086480666,275.3148971070343,32343600
2021-10-01,278.58160400390625,279.4295914359694,271.0557596552188,271.85554860617674,30086300
2021-10-04,272.8094787597656,277.28067385415983,270.0535494270314,276.9434021661116,31350700
2021-10-05,278.2539367675781,279.83425268811834,273.7152814419423,273.7152814419423,24993000
2021-10-06,282.44561767578125,282.94671707548684,275.1221558151547,275.38232168306524,28002600
2021-10-07,284.122314453125,285.84719612226604,283.22615821775884,284.44029494052455,20430500
2021-10-08,284.122314453125,285.84719612226604,283.0719760578184,285.44246427651734,17685700
2021-10-11,283.52496337890625,287.1288805683323,282.0988000202047,282.2626278048373,19298600
2021-10-12,282.2239685058594,284.690824072325,281.71325300359666,284.5944565534147,17974100
2021-10-13,285.5292053222656,286.46391451193523,282.81179971016536,284.18014809161934,23416300
2021-10-14,291.7348937988281,292.2359637895139,286.9938877052562,288.32368317323034,27262900
2021-10-15,293.1418151855469,293.37310318030734,289.5860673662888,291.3398567409262,25384800
2021-10-18,296.1097106933594,296.99622136989956,291.67706908893643,292.52505628022925,22729300
2021-10-19,297.0155944824219,298.04664203126316,296.0423321773978,297.1312237845537,17682100
2021-10-20,296.22540283203125,298.4320932312607,294.97268352184886,297.9599010679799,16537100
2021-10-21,299.4535217285156,299.7040420623986,295.2135849120758,295.99414145888375,16918100
2021-10-22,297.91168212890625,299.7714549252828,296.6011483907177,299.10655718444485,17449300
2021-10-25,296.9191589355469,298.14294131253496,295.309906430058,298.10438841823645,17554500
2021-10-26,298.8271179199219,301.0338080808827,297.37207690825886,299.6847507755604,28107300
2021-10-27,311.4119567871094,314.2353460702273,304.50281355306396,304.50281355306396,52588700
2021-10-28,312.5490417480469,313.0501117800628,309.667808194034,312.5297505959251,26297900
2021-10-29,319.5545349121094,319.9207139283914,312.11541352037625,312.33705592687465,34766000
2021-11-01,317.3863525390625,319.429214753653,314.49550312432325,319.3039399071891,27073200
2021-11-02,321.0096130371094,321.31797741681345,317.9934882764792,318.2922070795532,26487100
2021-11-03,321.8479309082031,322.71517993039924,318.61980955207633,321.75156337079386,21500100
2021-11-04,324.1991271972656,324.2954947256181,317.52127212453837,320.7783004950608,23992200
2021-11-05,323.8330078125,326.46369184358485,322.25269180428967,326.1938803589028,22570100
2021-11-08,324.7291564941406,325.3651469944245,322.27194586748317,325.0278752948011,20897000
2021-11-09,323.72698974609375,326.39619698658385,322.3586413143152,324.8447590588509,21307400
2021-11-10,318.7643127441406,322.45498024865833,317.91635496264894,322.39716561372114,25500900
2021-11-11,320.33502197265625,321.62626453740313,318.4848947841872,319.197961574822,16849800
2021-11-12,324.4689025878906,324.9603563428251,321.6455137049767,321.7707885371943,23831000
2021-11-15,323.8426513671875,325.58679513357146,321.87686518692334,325.2591690047351,16723000
2021-11-16,327.157470703125,328.27526945186895,323.30300442769504,323.4668027763442,20886800
2021-11-17,327.3794860839844,330.34320817217764,326.2982657750648,327.2057248474174,19053400
2021-11-18,329.4550476074219,330.5942177948435,325.44872862025187,326.47202852171574,22463500
2021-11-19,331.2312927246094,333.15241765352346,330.35282344689676,330.7775927153273,21963400
2021-11-22,328.0649108886719,337.56427133664994,327.79460580022015,332.6890870606931,31031100
2021-11-23,325.9893798828125,327.69812064888646,322.0120206003462,325.38118601428096,30427600
2021-11-24,326.2113952636719,326.45274014228477,322.34987720586537,324.63782194134853,21661300
2021-11-26,318.26629638671875,326.23067700890783,316.7603067714065,322.77463147147154,24217200
2021-11-29,324.9757080078125,327.29261293135295,323.1511265991085,323.34421428483876,28563500
2021-11-30,319.144775390625,326.08585570049416,317.60016244351027,323.7110306026671,42885600
2021-12-01,318.6524353027344,327.53393801069564,317.9863505876279,323.5276191928272,33337600
2021-12-02,318.0828552246094,321.94437289922337,316.4513616502016,318.8648101968354,30766000
2021-12-03,311.8272705078125,321.18180108322787,307.01966954803913,320.4963603630018,41779300
2021-12-06,314.8970642089844,316.11345150810536,308.17803278643976,312.73462408702454,30032600
2021-12-07,323.3248596191406,324.17436868608456,318.6717241569849,320.1584165809555,31021900
2021-12-08,323.37310791015625,323.88475776484546,319.34746323379886,323.70133333948155,24761000
2021-12-09,321.56793212890625,324.84055346464856,320.62184956942644,322.832576975175,22214200
2021-12-10,330.6811218261719,331.12518817346324,323.19943025665486,323.38285472943636,38095700
2021-12-13,327.64984130859375,331.88787203567045,327.34091275560786,328.88552605948894,28899400
2021-12-14,316.97271728515625,323.05462611476247,312.8891511907512,321.68377419361184,44438700
2021-12-15,323.06427001953125,323.5855832409606,313.2656731909751,317.2333691168989,35381100
2021-12-16,313.6517639160156,325.1011790200771,311.83684591434667,324.0875129645706,35034800
2021-12-17,312.5898742675781,313.67112406852533,306.2666502470529,309.7709825901244,47750300
2021-12-20,308.8345642089844,311.6244956878622,306.5755796789902,308.96970202135424,28326500
2021-12-21,315.9590148925781,316.38378416236156,308.72830354629133,312.09749750257555,24740600
2021-12-22,321.66436767578125,322.0601472300081,314.4722807071212,316.9339859320796,24831500
2021-12-23,323.1027526855469,324.7439090382437,321.2106177853215,321.2299147625056,19617800
2021-12-27,330.59423828125,330.6231984892731,323.8172549933941,323.8462152014172,19947000
2021-12-28,329.4356384277344,331.9070067210348,328.53784287937066,331.2698529399604,15661500
2021-12-29,330.11151123046875,332.38012934520907,327.9200810470128,329.4839910257525,15042000
2021-12-30,327.57257080078125,331.25066424671456,327.0898810628788,330.0729001077908,15994500
2021-12-31,324.6764221191406,327.6111544209489,324.2226926014007,326.7906054612649,18000800
2022-01-03,323.1607971191406,326.29828058631676,318.3628596847403,323.7400307283668,28865100
2022-01-04,317.6195373535156,323.5952391659229,314.82957629356036,323.2380239826921,32674300
2022-01-05,305.4267578125,314.7812871228152,305.04061192128523,314.5785362245669,40054300
2022-01-06,303.0133972167969,307.66653462982407,300.70612549908634,302.3086594012885,39646100
2022-01-07,303.16778564453125,305.5426109592931,299.35452484498177,303.27396324795524,32720000
2022-01-10,303.3898010253906,303.82423357931884,294.1414784951119,298.77528825214137,44289500
2022-01-11,304.0751953125,305.6487388904273,299.1614180041006,302.53058247531004,29386800
2022-01-12,307.25128173828125,312.2133458454884,306.10247793014696,308.6028364262324,34372200
2022-01-13,294.24761962890625,309.77093636700425,293.4753279187992,309.3751272907363,45366000
2022-01-14,299.460693359375,300.05922385700916,293.2339846176459,293.7166743042593,39846400
2022-01-18,292.17205810546875,299.0745146536486,291.2935593504582,293.54290976278105,42333200
2022-01-19,292.82855224609375,303.04228390568943,292.2203879053098,295.6860967924291,45933900
2022-01-20,291.1585388183594,300.8605935323066,290.7144723819565,298.3699267373795,35380700
2022-01-21,285.7813415527344,293.5815962967534,285.3758691298615,292.21077366823675,57984400
2022-01-24,286.1094665527344,286.82383782749025,266.49295154897675,282.0838512555884,85731500
2022-01-25,278.5023193359375,284.77728601402885,275.2972818230597,281.4274180089752,72848600
2022-01-26,286.437744140625,297.8195767322565,282.8851546395586,297.32722375809846,90428900
2022-01-27,289.4593200683594,296.6610412552463,287.6154421063972,292.1816967113216,53481300
2022-01-28,297.5878601074219,297.80024475160536,284.2559730920568,289.83586478628683,49743700
2022-01-31,300.2137145996094,301.5652399492526,295.76329997634053,298.25399547736595,46444500
2022-02-01,298.070556640625,299.8758114270801,294.56622466172195,299.66342677802413,40950400
2022-02-02,302.6078796386719,304.2104133019044,298.1864540558619,298.9104887522053,36636000
2022-02-03,290.820556640625,300.4550540690847,289.57520891247447,298.7752738080084,43730000
2022-02-04,295.34820556640625,298.10917678556535,289.5848887928777,289.816570444543,35096500
2022-02-07,290.5310363769531,297.1824872789796,289.5173700017941,295.57031965665124,28533300
2022-02-08,294.0160217285156,294.9814013715594,289.5656357153874,290.8206174669248,32421200
2022-02-09,300.435791015625,301.130865538338,296.74806316280615,299.1421858268908,31284700
2022-02-10,291.9114074707031,298.4180547485802,290.28957726166584,293.51394069905155,45386200
2022-02-11,284.8255920410156,293.7553529211515,284.03397373558494,292.69342951887205,39175600
2022-02-14,284.7868957519531,286.4859727609208,281.2632671712976,283.59946859758975,36359500
2022-02-15,290.06756591796875,290.3861281751453,286.7369950149994,289.62349961792046,27058300
2022-02-16,289.7290344238281,291.0543344654578,284.0989005260468,288.6358951130052,29982100
2022-02-17,281.2451171875,287.1170646088115,280.53892237568306,286.6914169855192,32461600
2022-02-18,278.53643798828125,284.2729679755153,276.96929430412916,283.48939613343924,34264000
2022-02-22,278.3332824707031,282.02866399823324,275.2183321526316,275.70201990685416,41736100
2022-02-23,271.1263122558594,282.183436310848,270.9618749583115,280.713006702901,37811200
2022-02-24,284.9792175292969,285.5306287899003,262.6618519792794,263.61957404294975,56989700
2022-02-25,287.61041259765625,287.9199798483663,282.1350636287986,285.51122425806165,32546700
2022-02-28,289.0421447753906,289.3807321175086,283.44103215371325,284.7082917445892,34627500
2022-03-01,285.32745361328125,290.1836686434819,282.6187841386107,286.7301305623066,31217800
2022-03-02,290.396484375,291.63472396488993,284.1182261639909,285.7240436842559,31873000
2022-03-03,286.26580810546875,293.2405780996094,284.4567908872236,293.0084173965025,27314500
2022-03-04,280.40350341796875,286.0143001348497,277.80128997128503,284.68900016266156,32356500
2022-03-07,269.8107604980469,280.23906938127266,269.4431530078945,279.1169100246889,43157200
2022-03-08,266.85052490234375,274.6959256640992,261.19137259179695,268.73688932455536,48159500
2022-03-09,279.0878601074219,280.1519791699358,271.6197193077244,274.192941941818,35204500
2022-03-10,276.2727966308594,277.2498554429739,271.42623538275626,273.7866342304661,30628000
2022-03-11,270.9328918457031,280.0649198872489,270.31375729009164,278.56546999148014,27209300
2022-03-14,267.4212951660156,276.0889716905132,266.8215270580334,271.19405384683813,30660700
2022-03-15,277.7818908691406,278.4300454950149,269.63660504784883,271.2037487581612,34245100
2022-03-16,284.78570556640625,284.95982608211176,273.96077067732267,279.67793426336954,37826300
2022-03-17,285.5886535644531,285.96591473369335,279.92949985014275,283.7216255602985,30816600
2022-03-18,290.6286315917969,291.1800427447232,283.17985751382827,285.7337136336589,43390600
2022-03-21,289.400146484375,290.34818539174177,285.27911614908595,289.13896564753406,28351200
2022-03-22,294.1402587890625,295.04959432677754,289.0228329688514,290.01922877865013,27599700
2022-03-23,289.7193603515625,293.33736581180995,288.0071158639621,290.70610253252346,25715400
2022-03-24,294.178955078125,294.2756985521243,288.5875247357409,289.3807798917864,24484500
2022-03-25,293.7726135253906,295.533244193088,289.52585001590114,295.2720634104139,22566500
2022-03-28,300.5635681152344,300.66028204395406,294.401361618458,294.401361618458,29578200
2022-03-29,305.1199645996094,305.51659216822173,298.967439967182,303.66890108993795,30393400
2022-03-30,303.6205139160156,305.6423550476428,301.41489856711223,303.52379996649006,28163600
2022-03-31,298.2515869140625,304.858779193998,297.84530566978634,303.6592133025089,33422100
2022-04-01,299.3253479003906,300.01217625691254,295.57192614031334,299.27696141097135,27110500
2022-04-04,304.6943054199219,304.8297226576166,299.60590012472653,299.97350759012323,24289600
2022-04-05,300.73773193359375,304.59755113932056,299.7606731283504,303.04974427141804,23156700
2022-04-06,289.7290344238281,296.9843524811861,287.03004784034084,295.2334047517675,40110400
2022-04-07,291.5379638671875,293.7435789334034,286.6817492492974,286.9816333071018,31411200
2022-04-08,287.2815856933594,291.2961892637509,286.6140940454331,290.6383808206242,24361900
2022-04-11,275.9535827636719,283.06377005501855,275.70205565183903,282.27054447193905,34569300
2022-04-12,272.8580017089844,281.25481613450495,271.33921469606946,279.80375250936805,30966700
2022-04-13,278.2365417480469,279.1652139791266,272.12272138935975,273.50609081671024,21907200
2022-04-14,270.7007141113281,278.9040702197633,270.2073726066549,278.6912463967013,28221600
2022-04-18,271.3681945800781,273.2449056189471,269.25932284261444,269.81073402373755,20778000
2022-04-19,275.9922180175781,276.83385950003543,269.32701618181187,270.2653715965898,22297700
2022-04-20,277.0177001953125,280.2487611166092,276.0600076685243,279.9585306840921,22906700
2022-04-21,271.6487731933594,283.7312864723143,270.92324140436915,279.16527189939075,29454600
2022-04-22,265.0899353027344,273.9607825716903,264.4611470651918,272.49035276111147,29405800
2022-04-25,271.5616760253906,271.93893715298736,261.9362771237636,264.3740824976134,35678900
2022-04-26,261.404296875,269.2787207469881,261.1914730124075,268.4467917071966,46518400
2022-04-27,273.98016357421875,281.47732570453576,270.0526203554486,272.89670744793256,63477700
2022-04-28,280.1810302734375,281.4869933800965,272.27755777079875,275.8858797797823,33646600
2022-04-29,268.46612548828125,280.4229059103156,267.4794127851195,279.19431973149324,37073900
2022-05-02,275.1893310546875,275.64399875590436,267.2084825593842,268.64986271938767,35151100
2022-05-03,272.58709716796875,274.8604357472129,271.01027020615345,274.69596890447576,25978600
2022-05-04,280.5196533203125,281.3902856613951,267.7019235952475,273.37073177858093,33599300
2022-05-05,268.3016052246094,277.0079848672341,265.3897954748828,276.22441306115445,43260400
2022-05-06,265.7671203613281,270.13964762879215,262.41997938914824,265.8444974229105,37780300
2022-05-09,255.94825744628906,263.4744394387105,254.72938410241275,261.2494870702996,47726000
2022-05-10,260.7077331542969,264.8190795955056,256.42226618437826,262.8262881528178,39336400
2022-05-11,252.04969787597656,262.5070256300987,250.84047838986658,257.01233937048545,48975900
2022-05-12,247.01934814453125,251.40155812616646,241.86323478464925,249.2830033480953,51033800
2022-05-13,252.6011199951172,254.4584941959466,247.0193732332159,248.95412449484758,34925100
2022-05-16,252.96876525878906,257.14783569365153,247.43537464280422,251.47899829857158,32550900
2022-05-17,258.1151123046875,259.57582908936917,253.89734019307082,257.4282545122422,28828800
2022-05-18,246.36326599121094,255.59413551227334,245.09305474022761,255.01235236440064,31356000
2022-05-19,245.45181274414062,249.84424444235316,244.23008588747544,246.18872524247453,32692300
2022-05-20,244.8894500732422,250.6878410141278,238.95532648602892,249.42730580573198,39199300
2022-05-23,252.73373413085938,253.5579245072491,245.73301319601697,247.73046089939714,33175400
2022-05-24,251.73501586914062,253.39307277606676,245.80089254690245,250.0575770395254,29043900
2022-05-25,254.54690551757812,256.54433819264386,249.3206224202264,250.29995683719147,28547900
2022-05-26,257.82427978515625,258.9975222921612,253.49003807090028,254.30452267342017,25002100
2022-05-27,264.9413146972656,265.0382834774228,259.4338312366583,260.32590258710013,26910800
2022-05-31,263.613037109375,266.42495535111175,260.76232542140804,264.25299581389095,37827700
2022-06-01,264.14630126953125,269.25623459703166,261.8385798988137,266.84186825760014,25292200
2022-06-02,266.2406311035156,266.30851221318625,253.65486971991317,256.4183173881909,44008200
2022-06-03,261.819091796875,265.14494022982973,260.25800402669876,262.1002923632558,28059000
2022-06-06,260.5876770019531,265.8527530113279,259.1041464802311,263.79714518679435,22400300
2022-06-07,264.2238464355469,264.83471731044557,257.8630839124664,258.54183590473656,22860700
2022-06-08,262.19732666015625,264.7086616945771,261.4216058677899,263.4578322605081,17372300
2022-06-09,256.7479553222656,264.4273969656422,256.5928112013964,259.64713525480107,26439700
2022-06-10,245.30642700195312,252.66589219464882,244.86039118660264,252.66589219464882,31422800
2022-06-13,234.9022216796875,241.45692055084962,234.19439693724632,237.66566913571228,46135800
2022-06-14,237.0645294189453,238.27656531045733,234.1750252009215,236.45365859510807,28651500
2022-06-15,244.11373901367188,247.54623321805892,238.9359248223612,240.76852264491998,33111700
2022-06-16,237.52992248535156,239.90550962788097,235.63914964927136,238.50924205804992,33169200
2022-06-17,240.12857055664062,242.89201860259925,236.61851897442415,237.26816850622123,43084800
2022-06-21,246.03363037109375,247.01295018583383,241.93208967216776,242.6593113115765,29928300
2022-06-22,245.44215393066406,249.35946274446104,242.76596885312543,244.23980883819294,25939900
2022-06-23,250.99806213378906,251.49258222219643,245.9269231515667,247.8080051297893,25861400
2022-06-24,259.56964111328125,259.84113599314713,253.77125024741073,253.85851328836165,33923200
2022-06-27,256.844970703125,260.1513786610391,255.28385304721854,260.06411562547476,24615100
2022-06-28,248.69039916992188,258.8036202038124,248.5352550148448,255.96261499134835,27295500
2022-06-29,252.35556030273438,254.01361699822033,247.99221661030455,249.76663880388978,20069800
2022-06-30,249.02972412109375,251.64773342761754,245.2190904606339,249.2430436171121,31730900
2022-07-01,251.6962890625,251.88052094434215,246.8772464243333,248.60319969901172,22837700
2022-07-05,254.86691284179688,254.99296930885941,247.0032233964507,248.3800943919095,22941000
2022-07-06,258.1248779296875,259.8508160325724,254.4305945207555,255.73959933597524,23824400
2022-07-07,260.24835205078125,260.8883105802799,256.97100212276746,257.067970916459,20859900
2022-07-08,259.53082275390625,259.9574617514012,255.29355004720045,256.7479931048278,19658800
2022-07-11,256.4765319824219,258.43517157163143,254.2172802316378,257.58189346441975,19455200
2022-07-12,245.96572875976562,257.8630779320997,244.38522912726302,257.80490257305115,35868500
2022-07-13,245.0446014404297,245.84939515245566,240.5746118996446,242.5914416607407,29497400
2022-07-14,246.36326599121094,247.39107006314066,238.47048883303972,242.95987452362783,25102800
2022-07-15,248.92311096191406,252.4622502240855,247.03233772876274,247.95348214538913,29774100
2022-07-18,246.5281219482422,252.91797217764622,245.60697754900244,251.86108033846966,20975000
2022-07-19,251.64773559570312,251.83196741615714,245.9754017765108,249.75694779239916,25012600
2022-07-20,254.3045654296875,256.8256065322385,251.04662647185015,252.00654963072608,22788300
2022-07-21,256.7964172363281,256.8449164174271,249.22362075768535,251.89980497891423,22404700
2022-07-22,252.4525146484375,257.27157048099224,251.2017149281793,257.18430744869886,21881300
2022-07-25,250.96900939941406,253.55793131652177,249.01036987517415,253.07311691629897,21056000
2022-07-26,244.24948120117188,251.98712943704783,241.9902591873935,251.9677179235894,39348000
2022-07-27,260.5780029296875,261.84821413779025,250.9883906372331,253.22823052881697,45994000
2022-07-28,268.0150451660156,269.4016069637394,259.734408627682,261.5573151321631,33459300
2022-07-29,272.21356201171875,273.43530368872024,268.2284021083121,269.2659119581238,32152800
2022-08-01,269.5664367675781,272.73711140417765,267.46232984011425,269.3822049798443,21539600
2022-08-02,266.4734191894531,269.4501869895359,264.1075223258195,267.6175741801885,22754200
2022-08-03,273.8910217285156,274.8897381119249,268.20898212498906,268.3544501034442,23518900
2022-08-04,275.03515625,275.18059462702735,271.6608675400947,273.24133735808226,18098700
2022-08-05,274.31768798828125,275.03520383289623,270.2161475022105,270.67187422288504,16774600
2022-08-08,271.8063049316406,277.2362311831434,270.8366763006836,275.4230007870511,18739200
2022-08-09,273.7261657714844,274.48247496169216,269.17860487436343,271.1469795107976,23405200
2022-08-10,280.37786865234375,281.00812145710677,278.22529152278446,279.4179456049466,24687800
2022-08-11,278.3028259277344,282.3655726517332,277.80833539979704,282.01652051436565,20065900
2022-08-12,283.0442810058594,283.0442810058594,278.22522580232317,279.71846209389213,22619700
2022-08-15,284.55694580078125,285.24537391664086,281.2989778667921,282.16196164375015,18085700
2022-08-16,283.8200378417969,285.1096607169614,281.5996091944976,283.12190392197317,18102900
2022-08-17,283.0718994140625,285.0444230849969,281.2742723081873,281.53661715577607,18253400
2022-08-18,281.95440673828125,283.64513249063674,280.89524189994404,281.97382980141776,17186200
2022-08-19,278.0481872558594,281.06042243303864,277.4748955705993,280.7203261035374,20570000
2022-08-22,269.8860168457031,274.46265350884744,269.3710240123007,274.0934077691384,25061100
2022-08-23,268.6130676269531,270.9645327816376,267.60250517889017,268.6130676269531,17527400
2022-08-24,267.9815673828125,269.38079904214317,267.3207976827984,267.61232157638716,18137000
2022-08-25,270.9549255371094,271.1200957209209,266.7475042264658,269.4779423207206,16583400
2022-08-26,260.49951171875,272.4026750674216,260.3926404040064,271.1783402052865,27549300
2022-08-29,257.7205810546875,259.82912546263174,256.3796481077176,258.3230223141001,20338500
2022-08-30,255.52452087402344,259.4889906204249,253.2799263703164,259.11977448485726,22767100
2022-08-31,254.0669708251953,259.54726943283595,253.9309204276981,257.8759964592217,24791800
2022-09-01,253.0272674560547,253.50341421016233,248.17855922552292,251.54058765801105,23263400
2022-09-02,248.8101806640625,257.24441703997155,247.2652018315323,254.29050979397502,22855400
2022-09-06,246.07972717285156,250.53004048443478,244.80681960398346,248.94621561929907,21328200
2022-09-07,250.78268432617188,251.50172318852577,246.05057356840078,247.48866611987495,24126700
2022-09-08,251.2005157470703,253.05644149900624,247.57612734264936,250.21913202904068,20319900
2022-09-09,256.9723205566406,257.7205384807604,252.92040261166707,253.12444856663964,22084700
2022-09-12,259.10028076171875,259.8776479982531,257.65247691062,258.25491798547915,18747700
2022-09-13,244.85537719726562,253.02725242179903,244.46669355719365,251.51142329243044,33353300
2022-09-14,245.07887268066406,247.03195802459214,242.78569098884205,246.35178015556986,23913000
2022-09-15,238.43255615234375,244.28210110293705,237.11106126505769,242.69826140604198,31530900
2022-09-16,237.81063842773438,238.35478067639863,235.20651003185853,237.34421807736706,39791800
2022-09-19,237.5968780517578,238.19931916772862,234.03078901134762,235.60491699915002,26826900
2022-09-20,235.58547973632812,236.6154654509246,232.85504199150714,235.21624880625103,26660300
2022-09-21,232.1845703125,240.64796931692138,232.13598300454865,237.35395148181902,28625600
2022-09-22,234.15708923339844,236.9555520614077,230.8436483959942,231.13514258494146,31061200
2022-09-23,231.1837615966797,234.3028832870533,228.54077185815763,232.7578897399294,34176000
2022-09-26,230.72705078125,234.61379837015886,230.19262002242195,230.33838195306527,27694200
2022-09-27,229.7165069580078,234.95389883278438,227.86058139335248,233.18542153198845,27018700
2022-09-28,234.2445526123047,235.4688726877208,228.084046805277,230.10515720285915,29029700
2022-09-29,230.77565002441406,233.15628008036532,227.77314091515188,232.1262942883284,27484200
2022-09-30,226.30587768554688,233.72956515957875,226.14069268839654,231.54326959007867,35694800
2022-10-03,233.92388916015625,234.76925194456734,228.01603154626426,228.74479665745017,28880400
2022-10-04,241.83340454101562,243.2714967881829,238.04381729713478,238.15070343334904,34888400
2022-10-05,242.14437866210938,243.48531136271737,237.18878424235803,239.0252719369114,20347100
2022-10-06,239.80258178710938,243.25207293473719,239.11269245364227,240.91030415961444,20239900
2022-10-07,227.60792541503906,234.48746986052475,226.56821340371297,234.0793483497187,37769600
2022-10-10,222.7592010498047,227.91885563531727,220.3105461386793,226.45161389079223,29743600
2022-10-11,219.0279083251953,222.57455894210884,217.7647126168553,221.17532768528685,30474000
2022-10-12,219.35829162597656,221.4085513345767,217.61897880529855,219.01819532065716,21903900
2022-10-13,227.60792541503906,229.41526348823245,212.92573701301367,213.62535270758946,42551800
2022-10-14,222.08872985839844,230.5229788868416,221.87495757893063,228.87109948608796,30198600
2022-10-17,230.8047637939453,232.1942836241064,228.48243294129364,229.1431876734247,28142300
2022-10-18,231.74732971191406,237.02358255454533,228.70594491704173,236.35313103627706,26329600
2022-10-19,229.78451538085938,232.82590014122383,227.65651868442322,230.32865767594038,19985700
2022-10-20,229.46383666992188,234.47774422080448,228.22007872615066,229.09460576042883,21811000
2022-10-21,235.26483154296875,236.1199207742884,227.86058198177213,228.09379217943177,26299700
2022-10-24,240.2495574951172,240.8228491396145,234.46802409203332,236.8583652791892,24911200
2022-10-25,243.5630340576172,243.93226498550914,238.86978470276068,240.2592898081023,34775500
2022-10-26,224.77061462402344,231.55298484742156,223.5462796746697,224.62485269698536,82543200
2022-10-27,220.33001708984375,227.07352693116061,219.38747955716596,224.49854760384136,40424600
2022-10-28,229.1917724609375,229.9011145363862,219.64981530818488,219.83443818188346,40647700
2022-10-31,225.5576934814453,228.2686935125121,224.6054296076982,227.14153310691304,28357300
2022-11-01,221.70980834960938,229.06548563639697,220.89359487464492,227.95776311272633,30592300
2022-11-02,213.86827087402344,224.75116008206982,213.80995721146994,222.96325992629187,38407000
2022-11-03,208.1838836669922,214.16947753294704,207.92152409617492,213.85853065986538,36633900
2022-11-04,215.1217498779297,215.31608428144708,207.38711607311453,211.39047595404304,36789100
2022-11-07,221.41827392578125,221.9429931186714,215.01486125373305,215.7047654290473,33498000
2022-11-08,222.3899383544922,225.09122629237518,219.4457287327941,222.22475338870947,28192500
2022-11-09,218.1533966064453,222.15675627667915,217.97850010051374,220.93242142810288,27852900
2022-11-10,236.10044860839844,236.4405449105993,228.34639228979617,228.7642104865012,46268000
2022-11-11,240.11355590820312,240.96864514419838,235.0802099419117,236.11021053379952,34620200
2022-11-14,234.71096801757812,237.0041496395175,232.43722428466577,235.13851261558185,31123300
2022-11-15,235.11907958984375,240.00666349429483,233.23400463788948,238.70460661108956,31390100
2022-11-16,235.5478057861328,237.56487314144158,234.27131111867024,236.58069414702467,24093300
2022-11-17,235.49908447265625,237.02893923380267,231.5526741520921,231.6988319904281,23123500
2022-11-18,235.05084228515625,237.50639789334227,232.91684876946883,237.28226939737314,27613500
2022-11-21,235.85964965820312,238.4126392167858,235.02164329544348,235.25549585436693,26394700
2022-11-22,238.76344299316406,239.03628090244808,234.55393320096024,237.36026810624583,19665700
2022-11-23,241.24819946289062,241.93029414801862,238.02285434078252,238.84136796293612,19508500
2022-11-25,241.16049194335938,242.33953807886874,240.4199192943966,240.98508768019255,9200800
2022-11-28,235.57704162597656,240.34198047417644,234.64160171816698,239.78656581676748,24778200
2022-11-29,234.18360900878906,236.58068666323004,232.11783235235237,235.22623623628454,17956300
2022-11-30,248.61483764648438,248.79998080802568,233.72562221636355,234.41747063024718,47594200
2022-12-01,248.1763458251953,249.5697666639808,244.50275881700492,247.3773100588765,26041500
2022-12-02,248.49790954589844,249.51130517453961,243.30422163631067,243.43090166559634,21528500
2022-12-05,243.8011932373047,247.32862273354516,241.7159238084992,245.5649005511503,23435300
2022-12-06,238.85110473632812,245.41873605992336,237.5453785123422,244.40534037511836,22463700
2022-12-07,238.12030029296875,239.86452986599542,236.01555299377063,238.5685424627585,20481500
2022-12-08,241.0727996826172,242.37854081110692,236.84379768747013,238.57827343420877,22611800
2022-12-09,239.1434326171875,241.9595208718469,237.91566220853431,238.44184527837177,20609700
2022-12-12,246.05209350585938,246.08132507137833,240.84866668381318,241.1215045410221,30665100
2022-12-13,250.34933471679688,257.1703110963209,246.59779176063924,254.99733220148903,42196900
2022-12-14,250.64169311523438,255.87435255775398,247.80611173983112,250.55399840099744,35410900
2022-12-15,242.6416473388672,247.69891720696873,241.0143588134877,247.2311972093182,35560400
2022-12-16,238.43211364746094,243.45039767115878,237.28228413602537,242.19339565744826,86102000
2022-12-19,234.30055236816406,238.93882615281237,232.60506192023936,238.59777136210013,29696400
2022-12-20,235.61602783203125,236.69764045155708,232.32246573736623,233.2773983167744,25150800
2022-12-21,238.17874145507812,239.33830980722615,233.96923237652257,235.5088259570718,23690600
2022-12-22,232.0983428955078,235.80116166317555,227.88881885599957,235.08982055529697,28651700
2022-12-23,232.62454223632812,232.76096118037862,227.9570517012324,230.07155276829016,21207000
2022-12-27,230.8997802734375,232.81938405829465,229.7986751427967,232.59527044651236,16688600
2022-12-28,228.5319366455078,233.58920571685437,228.18114298539857,230.83158066876882,17457100
2022-12-29,234.84620666503906,235.732937144972,229.6232871191542,229.6232871191542,19770700
2022-12-30,233.6866455078125,233.82306443342722,230.60745847988278,232.11782042896934,21938500
2023-01-03,233.45278930664062,239.46499095764855,231.32853465622566,236.86327747897744,25740000
2023-01-04,223.24082946777344,226.9144019342719,220.18113479471134,226.3394946084548,50623400
2023-01-05,216.62448120117188,221.73047501122883,216.08854432449274,221.3894202164649,39585600
2023-01-06,219.17745971679688,219.98623444144232,213.74018002094996,217.2968261609176,43613600
2023-01-09,221.31146240234375,225.3261046224166,220.61962878753835,220.65859925614794,27369800
2023-01-10,222.99722290039062,225.39430067277652,221.516092367223,221.93508808498302,27033900
2023-01-11,229.740234375,229.91562377471337,225.19940935858202,225.37479875829538,28669300
2023-01-12,232.41015625,233.7646067249311,227.58675433530573,229.24327425256297,27269500
2023-01-13,233.1117401123047,233.24815904771603,228.91196981298216,230.93877604519966,21333300
2023-01-17,234.20310974121094,234.74878549049157,231.02647397875015,231.8839729382192,29831300
2023-01-18,229.77919006347656,236.18117037516788,229.49661331481735,235.3918883901205,30028700
2023-01-19,225.99844360351562,229.49664158993286,224.78041202749904,227.80113628343994,28623000
2023-01-20,234.07640075683594,234.5831059764567,228.5124268450574,228.85348158045636,35389800
2023-01-23,236.37608337402344,238.89984125052814,233.5210096061912,234.9339381400993,31934000
2023-01-24,235.84988403320312,237.7110398533446,234.29081253406932,236.29812619619068,40234400
2023-01-25,234.45648193359375,237.0776884803085,224.99480532867324,228.483249834287,66526600
2023-01-26,241.657470703125,241.95954016253594,235.81091899256552,237.41871476554942,33454500
2023-01-27,241.8133544921875,243.44064274681827,240.5173672279143,242.62212916997672,26498900
2023-01-30,236.50277709960938,239.31886569324453,236.0058106681411,238.25673078922537,25867400
2023-01-31,241.4723358154297,241.60875476528724,236.736628172446,237.22384083173012,26541100
2023-02-01,246.28599548339844,248.65384183422793,239.1921804627177,241.65747529132665,31259900
2023-02-02,257.8329162597656,257.92061096012765,250.6708850258921,252.20073974099043,39940400
2023-02-03,251.74276733398438,257.44316094972766,250.52473578092378,252.90233575146593,29077300
2023-02-06,250.20315551757812,251.69402492949268,248.2640588264018,250.85603350578165,22518000
2023-02-07,260.71722412109375,261.8962703770989,253.42851236094478,253.8670156294018,50841400
2023-02-08,259.9084167480469,269.68189927846043,259.40169666602293,266.21294831317726,54686000
2023-02-09,256.8779296875,266.9729887774278,256.07889400099884,266.79756966634966,42375100
2023-02-10,256.3713073730469,257.3359789229723,253.99370721574917,254.8414524853322,25818500
2023-02-13,264.38104248046875,267.5771558270563,260.3176764646167,260.7951650159258,44630900
2023-02-14,265.2093200683594,267.93769873660716,262.3932169633668,265.69653266891055,37047900
2023-02-15,263.08953857421875,264.46692310846817,260.02216525434795,262.112672647368,28922400
2023-02-16,256.0853576660156,260.56916800834415,255.84114122158655,257.91209190049267,29603600
2023-02-17,252.0900115966797,254.0730481798603,250.07767022898236,253.3892599372768,30000100
2023-02-21,246.82472229003906,249.57949147395604,245.7697052561427,248.5928473067925,28397400
2023-02-22,245.69151306152344,248.45604507625342,244.54858185924243,248.21182862519024,22491100
2023-02-23,248.8761444091797,250.89824919216971,244.68538110016482,249.64786195781076,29219100
2023-02-24,243.45452880859375,245.19334897539824,242.36044373441328,244.17741496448653,24990900
2023-02-27,244.37278747558594,246.97125445707402,243.62059652709382,246.61958212194187,21190000
2023-02-28,243.64987182617188,245.67199123491113,242.9758320232588,243.30797773153637,22491000
2023-03-01,240.57276916503906,245.12495292682374,240.10386280126266,244.95888751265778,27565300
2023-03-02,245.30078125,245.58406578455748,239.92801913938823,240.84627541231006,24808200
2023-03-03,249.38409423828125,249.7064617806796,245.57432311137507,246.35581882878407,30760100
2023-03-06,250.92752075195312,254.10233469653934,250.05811076028263,250.49769740222126,24109800
2023-03-07,248.2705078125,251.72862207657633,247.52809495915278,250.37076391831505,21473200
2023-03-08,247.83090209960938,248.65146596513543,245.00775994580786,248.1630329633996,17340200
2023-03-09,246.4828338623047,253.55533409337485,245.7599476632948,249.90186482884056,26653400
2023-03-10,242.8390655517578,246.9418989290312,241.87197794983268,245.27146675891186,28333900
2023-03-13,248.0457763671875,251.94347649871762,240.04524262160942,241.67660681243697,33339700
2023-03-14,254.7568817138672,255.0304029898369,249.94092478651652,250.81033489351847,33620300
2023-03-15,259.29925537109375,260.3152041308793,253.21337082147616,253.96557655248083,46028000
2023-03-16,269.8103942871094,270.16205172863715,257.1892727698562,259.0746169472976,54768800
2023-03-17,272.9656677246094,276.77543928091814,269.92762867957384,271.82275116350945,69527400
2023-03-20,265.9322509765625,271.06079765137076,263.60730504746243,270.57236463472236,43466600
2023-03-21,267.44635009765625,268.6381277112385,263.28489174322317,268.5209085708176,34558700
2023-03-22,265.9908447265625,274.538422009309,265.8833739672702,267.07515164944215,34873300
2023-03-23,271.23651123046875,274.55784837130363,268.83343015601866,271.5100324112064,36610900
2023-03-24,274.0792541503906,274.1378637154936,268.9116255422268,270.82627422927686,28172000
2023-03-27,269.98614501953125,274.9486096232153,269.14602502147517,274.01082690511265,26840200
2023-03-28,268.86285400390625,269.75180568788846,265.7563973042853,269.40989660765126,21878600
2023-03-29,274.0206604003906,274.63609068107115,271.9692360686493,272.5065003836282,25087000
2023-03-30,277.478759765625,277.8792783804837,274.9682369436602,277.65461829253616,25053400
2023-03-31,281.63043212890625,282.57799326147335,276.45305469008514,277.1661775421266,32766000
2023-04-03,280.58514404296875,281.6010629004786,277.38102575884704,279.89154793583737,24883300
2023-04-04,280.53631591796875,283.73068619331156,279.0612688180202,280.58517709537364,25824300
2023-04-05,277.7620849609375,280.5070761358077,276.3749518849941,279.2371622142725,22064800
2023-04-06,284.8540954589844,285.3229720001434,275.50548186907776,276.65817644820123,29770300
2023-04-10,282.69525146484375,282.9003849670169,278.123496163904,282.5193929371124,23103000
2023-04-11,276.2869873046875,279.36413893859026,275.1245442349261,279.1394490348436,27276600
2023-04-12,276.93170166015625,280.37028867291156,275.43709804068334,278.20164520430563,27403400
2023-04-13,283.13482666015625,283.1934362329106,276.61914739244156,277.02941440172174,24222700
2023-04-14,279.5203552246094,281.80621729949286,277.1270224247372,280.36044538554705,20987900
2023-04-17,282.1188659667969,284.85410843164084,279.53995543823305,283.22272922701467,23836200
2023-04-18,281.69879150390625,285.01038094044696,280.37026829939435,284.82477404987856,20161800
2023-04-19,281.7769775390625,282.363073223057,277.9574283365994,279.3738659883608,17150300
2023-04-20,279.4910888671875,282.34355041766946,278.48491818075087,278.6509985011603,23244400
2023-04-21,279.14923095703125,279.64741233312054,276.5116808961058,278.41658147472793,21676400
2023-04-24,275.2514953613281,278.35795159650013,272.27206627525993,275.564099605755,26611000
2023-04-25,269.0484313964844,275.085455775241,268.9995702123378,273.0438095298006,45772200
2023-04-26,288.5368957519531,292.6397447358396,285.957985102446,289.83614418187,64599200
2023-04-27,297.77801513671875,298.13948055653924,288.419653058881,289.1229976897944,46462600
2023-04-28,300.15185546875,301.78320498757233,296.2932228599409,296.9770409817703,36469600
2023-05-01,298.49114990234375,301.460830664017,298.0906312953761,299.8685344351108,21294100
2023-05-02,298.3446350097656,302.0274089293755,296.87933607669675,300.6402759672235,26404400
2023-05-03,297.3580322265625,301.4706301236518,297.0552061231894,299.52667614169127,22360800
2023-05-04,298.3446350097656,300.6402759672235,296.38112489974674,299.15542063563385,22519900
2023-05-05,303.4634094238281,304.7528796666807,297.2309997282912,298.6474673178527,28197100
2023-05-08,301.5096130371094,303.0237728629805,299.0088390583922,302.95538510450854,21318600
2023-05-09,299.8978576660156,302.8675386103428,299.22381775082977,300.8747236518984,21340800
2023-05-10,305.08502197265625,305.7590619061941,300.55237917677385,301.48038400167883,30078000
2023-05-11,302.9358825683594,303.9225267081971,299.1749725458381,302.92613418082834,31680200
2023-05-12,301.8222351074219,303.463362538451,299.50706787229524,303.3656699936466,19774700
2023-05-15,302.30096435546875,302.73078780931957,300.47422958239594,301.94930688136526,16336500
2023-05-16,304.5281677246094,306.452594750173,302.66235026842685,302.66235026842685,26730300
2023-05-17,307.40643310546875,307.8273965281547,304.2148790483357,305.73234911232737,24315000
2023-05-18,311.83154296875,312.3406428632518,307.1323477805687,307.92533659511486,27276000
2023-05-19,311.6552429199219,312.0566370029234,309.7266093330222,310.08883500196976,27546700
2023-05-22,314.4356689453125,315.81606453289896,311.3322511744977,311.90985842716117,24115700
2023-05-23,308.6400146484375,315.94335728832465,308.6302150731237,313.30984092975706,30797200
2023-05-24,307.2596130371094,309.8539609209706,306.04563091509715,308.1211390989395,23384900
2023-05-25,319.0761413574219,320.0355435840167,313.28044007035,316.452394965502,43301700
2023-05-26,325.89971923828125,326.3989895270922,317.07890898942946,317.21595361959976,36630600
2023-05-30,324.2550354003906,328.6899104115325,323.57952206493354,328.1906400290104,29503100
2023-05-31,321.4942626953125,328.88571082280095,320.4564937937518,325.31236192591416,45950600
2023-06-01,325.5962829589844,326.52634626965755,317.90134604784606,319.08592941453026,26773900
2023-06-02,328.3570861816406,330.4129952384752,325.5669260242761,327.2312404695121,25873800
2023-06-05,328.8857421875,331.45072114916485,327.6326215544442,328.18085996410906,21307100
2023-06-06,326.67315673828125,328.32767137670015,325.19488504565373,328.2885029579965,20396200
2023-06-07,316.5894775390625,327.4661687531418,315.7279515267093,324.6858083621168,40717100
2023-06-08,318.4300537109375,319.7810806302074,316.5601571652422,317.1377644945266,23277700
2023-06-09,319.9278869628906,323.06067362544843,317.59785876983193,318.16566645574613,22529000
2023-06-12,324.8816223144531,325.1263726657708,318.33210052305157,321.6802685980965,24260300
2023-06-13,327.2704162597656,329.9039326564141,323.45231642642443,327.44662935743804,22951300
2023-06-14,330.25634765625,331.9206620825264,325.82147225464075,327.3193432875882,26003800
2023-06-15,340.79034423828125,342.49379686840723,330.11923649037317,330.3933556478273,38899100
2023-06-16,335.1414794921875,344.08956511719884,334.7694841195097,343.94272090735933,46552000
2023-06-20,330.951416015625,334.8967905185413,328.8074005290605,332.18496735769014,26375400
2023-06-21,326.5556945800781,330.6381434386612,325.0969920993696,329.30668603957923,25117800
2023-06-22,332.5765686035156,332.9779627764546,326.34033425250004,327.1039541755478,23556800
2023-06-23,327.985107421875,330.86337453484373,326.44809760615664,327.3389627764373,23146900
2023-06-26,321.69989013671875,329.05217088580866,321.592184438732,326.71237290027926,21520600
2023-06-27,327.54449462890625,329.0913036434743,322.38513830210024,324.8913794122553,24354100
2023-06-28,328.7976379394531,330.88291577640626,326.80046664644476,327.6326238415943,20259500
2023-06-29,328.0143737792969,329.052112767679,325.6354077895199,327.6815169223393,16997000
2023-06-30,333.38916015625,335.53317570907825,330.1192989180002,330.6577377615813,26832800
2023-07-03,330.8926696777344,333.7415673029559,329.5025044373006,332.067483294419,12508700
2023-07-05,331.04925537109375,334.47575962870883,327.7010879417734,328.05351403886135,18172400
2023-07-06,334.1037292480469,335.78761250953426,328.45490307156524,330.217093283397,28161200
2023-07-07,330.13885498046875,334.61289857162126,329.92347347630437,332.19476390626494,21214800
2023-07-10,324.86199951171875,328.1906279486803,320.7110434161663,327.5738523279874,32791400
2023-07-11,325.48858642578125,325.8703814238738,320.1334477409768,324.10819090994494,26698200
2023-07-12,330.1192932128906,334.4758316380157,328.62142222429776,329.53188638120173,29995300
2023-07-13,335.4646301269531,336.52193851467035,331.90105061768867,332.42971974992344,20567200
2023-07-14,337.9904479980469,344.0504693091922,337.07998382815504,340.29110736020874,28352700
2023-07-17,338.4701843261719,339.70370584522345,335.01431037964596,338.42121632729265,20363900
2023-07-18,351.94122314453125,359.0781521098167,334.98494066726425,338.56805969742885,64738600
2023-07-19,347.6238098144531,354.84884504828324,345.03926161088305,354.15376240808007,39732900
2023-07-20,339.586181640625,350.4531022216543,338.11767966688456,346.1455024073654,33778400
2023-07-21,336.5513000488281,342.944177986763,332.69403214811535,341.8183323536975,69405400
2023-07-24,337.8631591796875,339.6351792022214,335.1219672074144,338.58764053266464,26678100
2023-07-25,343.60992431640625,344.5008191812914,337.82402242034016,339.8211637778006,41637700
2023-07-26,330.6773376464844,337.4324721378603,326.1151869092061,334.27028642489387,58383700
2023-07-27,323.7753601074219,334.1625511308161,322.14041454334006,333.3304238013421,39635300
2023-07-28,331.26470947265625,332.8702861605579,326.17391995680913,326.6634206723763,28484900
2023-07-31,328.8661193847656,330.6087404482853,326.3598486498491,329.8451206536362,25446000
2023-08-01,329.2773132324219,331.4311281711662,326.692765182679,328.1514676458398,18311900
2023-08-02,320.6229553222656,326.6242386250664,319.5068793964864,326.6242386250664,27761300
2023-08-03,319.8005676269531,322.9529530019484,319.10548507078215,319.1544231849884,18253700
2023-08-04,320.8970642089844,328.10252974603515,320.3683951097149,324.910975755622,23741500
2023-08-07,323.17816162109375,324.15716309321493,320.64255139351025,321.47470862016405,17741500
2023-08-08,319.203369140625,321.84668466116545,316.21742705872686,320.09426392900343,22327600
2023-08-09,315.4635925292969,320.24109366891923,314.3083483150612,319.61454838698023,22373300
2023-08-10,316.14892578125,321.3670201533067,314.4356732724542,319.1740366258562,20113700
2023-08-11,314.26922607421875,315.63982195899507,312.50700575657817,313.53497507772255,24355500
2023-08-14,317.2356262207031,317.25519549333154,313.3587591141242,314.64127845171237,18836100
2023-08-15,315.10137939453125,318.2635647035866,314.16154640668196,316.21745534246327,16966300
2023-08-16,314.336181640625,318.2801192612422,313.747531106502,314.728605350037,20698900
2023-08-17,310.8828430175781,315.7783944149159,310.22551003328005,314.47357871058,21257200
2023-08-18,310.4903869628906,312.3544220351469,305.65366819423417,308.538028861624,24755000
2023-08-21,315.7881774902344,316.66131798487817,311.03978181664064,311.9129223112844,24040000
2023-08-22,316.3572082519531,319.9086924034953,315.3761339585984,319.3396824869546,16084600
2023-08-23,320.8112487792969,322.96962389693414,317.33823788637403,317.69144015108157,21166400
2023-08-24,313.9143371582031,326.67812306443534,313.90451683464374,326.5505786182069,23281400
2023-08-25,316.8673095703125,319.20224067535247,312.76639725943465,315.3858781640861,21684100
2023-08-28,317.57373046875,319.97734429438725,315.63119277463596,319.4966275172615,14808500
2023-08-29,322.1945495605469,322.7537689845137,315.7881368695037,315.7881368695037,19284600
2023-08-30,322.5673828125,323.5680676815254,320.2716728612012,322.4496587032038,15222100
2023-08-31,321.5568542480469,324.64723165247267,320.5953908586677,322.9696033369281,26411000
2023-09-01,322.4398193359375,325.7067829359754,320.5953952258838,325.0396597293619,14942000
2023-09-05,327.2372741699219,328.51268854222997,322.4398370951833,322.77339871686183,18553900
2023-09-06,326.5799560546875,328.13003998213503,323.9310439692956,327.0704931119819,17535800
2023-09-07,323.66619873046875,326.7761872339446,322.8028486285546,325.0200859411969,18381000
2023-09-08,327.9436340332031,329.79787848396427,323.2246699296337,323.8427514132207,19530100
2023-09-11,331.5442199707031,332.01514636855427,329.0817141298704,330.8574560496714,16583300
2023-09-12,325.4909362792969,330.4159473154807,325.20644635330586,329.4643042616368,17565500
2023-09-13,329.69976806640625,330.4748250083912,324.90233116375424,325.0396659724569,16544400
2023-09-14,332.2898254394531,334.40891924896704,330.20013271673093,332.7312908414323,20267000
2023-09-15,323.9703063964844,331.0144115945299,323.4110869464427,330.54351516502703,37679800
2023-09-18,322.83221435546875,324.1468499483667,320.18330252768726,321.5960515105036,16834200
2023-09-19,322.4300231933594,323.15603844559445,318.36839165791633,319.9969783891352,16505900
2023-09-20,314.6991271972656,323.3522079151342,314.4440682913458,323.2737351610063,21436500
2023-09-21,313.4825744628906,319.19243233651446,309.03831043424583,313.2176952609193,35560400
2023-09-22,311.01031494140625,315.36628640951005,310.16657563325697,315.23874198409163,21447900
2023-09-25,311.5303039550781,311.6578483890655,309.0383671510389,310.59827150671464,17836000
2023-09-26,306.23248291015625,309.9016904509528,304.15258067558153,309.1658848784398,26297600
2023-09-27,306.87017822265625,308.3515797645924,303.82884250383796,306.3894315511619,19410100
2023-09-28,307.7041015625,309.5092743516403,303.5933986019012,305.10423119085175,19683600
2023-09-29,309.7741394042969,313.4237361635249,309.01872314440465,311.7362875557097,24147300
2023-10-02,315.7096252441406,315.79794825806266,309.21491966040423,310.29410713051254,20570000
2023-10-03,307.4588317871094,315.3074247202829,305.320067458415,314.75799567015525,21033500
2023-10-04,312.92340087890625,313.9829777218184,308.0572815033295,308.0867125300766,20720100
2023-10-05,313.3158264160156,313.92411753909374,308.94024408682094,313.05094717371253,16965600
2023-10-06,321.06634521484375,322.9598111936179,310.3137506624104,310.55901920701876,25673600
2023-10-09,323.577880859375,324.04877728616253,317.063534182084,318.6038277713841,19891200
2023-10-10,322.1749267578125,324.83362909225707,321.4685522330149,324.6962643518777,20557100
2023-10-11,326.1286315917969,326.52105520300006,322.910710075927,324.9415104974041,20063200
2023-10-12,324.89251708984375,327.3157714229003,322.4986937835042,324.313686937738,19313100
2023-10-13,321.5273742675781,327.51190137066556,320.1832778154414,326.08936211665326,21072400
2023-10-16,326.34454345703125,329.77830323276595,324.34314366168616,324.78460909741796,22158000
2023-10-17,325.7754821777344,327.1489800095309,321.2134933356926,323.3522278123477,18338500
2023-10-18,323.86236572265625,329.2386627175147,322.0866239478229,326.1973269355328,23153600
2023-10-19,325.0494689941406,330.50423844384994,324.6472250314816,325.86374730098373,25052100
2023-10-20,320.487548828125,325.638188807879,319.2906370066579,325.441961975503,25027700
2023-10-23,323.08734130859375,326.4328077015871,318.25065300887303,319.31019990102027,24374700
2023-10-24,324.2743835449219,325.55958807197595,321.3998439502132,325.02979973609047,31153600
2023-10-25,334.2225646972656,339.64790388750646,331.2302703891526,338.4902135639039,55053800
2023-10-26,321.6844482421875,335.1643987741883,320.75241573436665,334.0950314410102,37828500
2023-10-27,323.568115234375,330.3473422977212,322.18479686683145,324.1763765151363,29856500
2023-10-30,330.9261474609375,333.02566069281073,325.54984988044805,327.09996393650596,22828100
2023-10-31,331.7109680175781,332.5841383863149,328.355711175483,332.4369832511366,20265300
2023-11-01,339.5203552246094,340.84481138122624,333.22184569359115,333.3592104526516,28158800
2023-11-02,341.727783203125,342.22811070154637,338.2449517203371,340.6682062676254,24348100
2023-11-03,346.1229553222656,347.6828896003234,340.75647841286957,343.01296696867126,23637700
2023-11-06,349.7823486328125,350.7732430573265,346.66254017187435,346.76065357014403,23828300
2023-11-07,353.7066650390625,355.6001309786841,350.86155596843827,352.59804644995546,25833900
2023-11-08,356.3261413574219,356.9834442680157,353.7262709217689,354.8348894957631,26767800
2023-11-09,353.8636474609375,357.8860575764988,353.53987621597344,355.44316251543404,24847300
2023-11-10,362.6737060546875,363.09556076737016,354.236462100994,354.64849649105355,28042100
2023-11-13,359.7402648925781,361.49639601773487,358.9750282473155,361.2511274783557,19986500
2023-11-14,363.2622985839844,364.9105258370756,360.3975789598127,363.98831378189556,27683900
2023-11-15,363.4098205566406,366.81121863639925,360.89314538692616,364.99254154145893,26860100
2023-11-16,369.79974365234375,369.97668823321743,363.9111612043172,364.6779510555463,27182300
2023-11-17,363.58673095703125,368.03017560302834,360.7849886688486,367.2830363259732,40157000
2023-11-20,371.0481872558594,372.45396350296016,364.7172440162698,364.93351959280636,52465100
2023-11-21,366.752197265625,369.8488471174716,364.8352078331243,369.30817317536815,28423100
2023-11-22,371.4512634277344,373.35841268345206,368.62003030581224,371.5987172360064,23345300
2023-11-24,371.038330078125,371.56919374191403,368.78713213501106,370.9400175476793,10176600
2023-11-27,372.1983947753906,374.19404643508545,369.82923344697656,370.3993982063347,22179200
2023-11-28,376.21917724609375,376.51408489452496,371.75605149490684,371.94283633917263,20453100
2023-11-29,372.434326171875,377.792014506202,371.0482003824139,377.2611808001932,28963400
2023-11-30,372.4933166503906,373.6533266294802,369.1115692531181,372.0804159794598,30554400
2023-12-01,368.1678161621094,371.7559987121957,365.02199502186244,370.37971321362784,33040500
2023-12-04,362.8887939453125,363.2623336149724,356.7544451480774,362.84946292716745,32063300
2023-12-05,366.21148681640625,366.76200100247496,359.4283420231669,360.24430304947185,23065000
2023-12-06,362.5545349121094,367.84343196383037,361.79758529719794,367.214285660699,21182100
2023-12-07,364.6680603027344,365.1595929193976,360.11646347231,361.9941216680558,23118900
2023-12-08,367.892578125,368.11866396815253,361.99418568198814,362.94776032697274,20154400
2023-12-11,365.01214599609375,365.3070835963392,359.90022426700926,362.23992455873395,27708800
2023-12-12,368.0400390625,368.07937007976545,364.1864093914376,364.56981930802976,24838300
2023-12-13,368.0301818847656,371.2448248811306,364.4911405130115,369.65223376326037,30955500
2023-12-14,359.7331237792969,367.430542857679,357.9636180145618,366.98815141610726,43277500
2023-12-15,364.4518737792969,366.09357631955413,360.07722042205063,360.6375749421143,78502300
2023-12-18,366.33929443359375,366.68337330414107,362.4365238179664,363.1935033333252,21802900
2023-12-19,366.93896484375,366.93896484375,363.5768683048988,365.1989200557806,20603700
2023-12-20,364.34368896484375,369.662076309118,364.2552166800982,368.6495201604417,26316700
2023-12-21,367.2142639160156,368.0695260278655,363.77353495979867,366.25084900799567,17708000
2023-12-22,368.23663330078125,368.8264785553031,366.3983057581292,367.35188041938636,17107500
2023-12-26,368.3153076171875,370.5566956584925,367.1749480872917,368.6495462723812,12673100
2023-12-27,367.73529052734375,368.7085156973093,366.4966184922779,367.3617208659254,14905400
2023-12-28,368.92474365234375,370.08475350322914,367.82371531924764,369.0132159290277,14327000
2023-12-29,369.671875,370.77290330963024,367.1552302920534,369.6325439887214,18730800
