Date,Close,High,Low,Open,Volume
2015-01-02,0.4829851984977722,0.4865842191651556,0.47530732587701624,0.4829851984977722,113680000
2015-01-05,0.47482752799987793,0.4844248700292079,0.47266814391968504,0.4829852615742459,197952000
2015-01-06,0.46043160557746887,0.47602724151277415,0.45995174557683316,0.47554738151213843,197764000
2015-01-07,0.4592318832874298,0.4678694766172137,0.4577922748650493,0.4637905956212188,321808000
2015-01-08,0.4765070974826813,0.4793863146666466,0.4642705102575871,0.46451045455700185,283780000
2015-01-09,0.4784265160560608,0.4820255371597723,0.47170839099954914,0.47818660038398,209540000
2015-01-12,0.4724283218383789,0.4798662531091133,0.46810952395867045,0.4796263087704738,190732000
2015-01-13,0.47170841693878174,0.48562452776346315,0.46834936852693687,0.4760272138984762,236720000
2015-01-14,0.47362789511680603,0.47506750366689127,0.4654701896056618,0.46666985386331544,155260000
2015-01-15,0.4702688157558441,0.4798661291868613,0.4700288714791686,0.47698694087800614,188932000
2015-01-16,0.4789064824581146,0.4793863424825346,0.46810947459626523,0.4695490832717797,181512000
2015-01-20,0.48034611344337463,0.4849047981882204,0.47434776275163976,0.4822655536302032,140308000
2015-01-21,0.4870641827583313,0.48826387570817725,0.47434773495340754,0.47770681228801704,144780000
2015-01-22,0.4954618215560913,0.49690143009718907,0.48298529047258226,0.4880238631619207,159712000
2015-01-23,0.49690133333206177,0.4978610531043993,0.49186270441942753,0.49594155635523157,120416000
2015-01-26,0.49474188685417175,0.4971412147219529,0.4916227549056074,0.49474188685417175,133240000
2015-01-27,0.47098860144615173,0.4875439836244092,0.4700288529794743,0.48706409508994597,357948000
2015-01-28,0.4633106589317322,0.4786663746851341,0.4630707147003334,0.4767469066406783,272728000
2015-01-29,0.4745875597000122,0.47722680343845153,0.46139122659882764,0.46355063904182015,235340000
2015-01-30,0.46067145466804504,0.47674697688187484,0.4599516790722906,0.4712285161668474,298200000
2015-02-02,0.4707487225532532,0.4726681911509215,0.4544332823764516,0.4635507367636866,259604000
2015-02-03,0.4825054109096527,0.4829852995004899,0.4717084324563591,0.47410776100153545,183468000
2015-02-04,0.4837050139904022,0.4892234743403217,0.47962613333899623,0.4810657702420039,181516000
2015-02-05,0.4916228652000427,0.49186278087929874,0.48370507573957866,0.48418490709809076,140448000
2015-02-06,0.48946356773376465,0.4969015275872325,0.48730415449845,0.49114309229305997,210524000
2015-02-09,0.48898354172706604,0.49042309277338914,0.48346508156860213,0.4865842137105379,273944000
2015-02-10,0.5026599168777466,0.5028998326188449,0.4873041653571317,0.489463578640565,226204000
2015-02-11,0.4993007779121399,0.5038594621959563,0.4959416721181357,0.5038594621959563,320832000
2015-02-12,0.5350507497787476,0.5398494065943371,0.5247336319047798,0.5278527645553632,676904000
2015-02-13,0.5352907180786133,0.5360105223921604,0.5256934035039939,0.5338511094515189,310084000
2015-02-17,0.5369702577590942,0.5396095593857194,0.5309719645807374,0.534331013336978,203340000
2015-02-18,0.5307318568229675,0.5372100941841557,0.5297721370228081,0.536250317179502,170948000
2015-02-19,0.5321713089942932,0.5384095716718571,0.5297719815955746,0.5374498521532651,169432000
2015-02-20,0.5360106229782104,0.5362505387262456,0.5278529154998359,0.531691853490988,157752000
2015-02-23,0.53169184923172,0.5357707029382325,0.5290525472064045,0.5357707029382325,125008000
2015-02-24,0.5373517274856567,0.5373517274856567,0.5289217727932141,0.5337389061673983,149356000
2015-02-25,0.5332574248313904,0.537592881395964,0.5308488569926674,0.535184256132454,123820000
2015-02-26,0.534702479839325,0.5378336232030695,0.530367024062705,0.5337390643638905,152864000
2015-02-27,0.5313304662704468,0.5344616094533198,0.5294035780061086,0.5332572971100118,157492000
2015-03-02,0.5443364381790161,0.5472267403773542,0.5291624664872283,0.5298850420368129,301512000
2015-03-03,0.5342206954956055,0.5428915488467151,0.5325347042085524,0.5402421421705991,160344000
2015-03-04,0.5402421951293945,0.541446450127581,0.5301261889906541,0.5322939168971221,226840000
2015-03-05,0.5505987405776978,0.5515621555359158,0.5387967494214763,0.5402419005711762,323056000
2015-03-06,0.5431324243545532,0.5501172287185266,0.5426506879666241,0.5474678221468391,257392000
2015-03-09,0.5445774793624878,0.5486720948024231,0.5421689124462249,0.5433732246167389,222388000
2015-03-10,0.5539708137512207,0.557583692226175,0.5460225385310765,0.5469859536494792,527212000
2015-03-11,0.5510806441307068,0.561196590401297,0.5496354925421187,0.5539708898831198,262120000
2015-03-12,0.5460225343704224,0.5498762522394235,0.5356656927208121,0.5457816949488457,406972000
2015-03-13,0.546745240688324,0.5481903924125695,0.535906660181251,0.5433732582815968,359288000
2015-03-16,0.5532484650611877,0.5566205054963217,0.547467914554182,0.5510807945115473,236956000
2015-03-17,0.5599923133850098,0.5602331528319255,0.5481903191147259,0.552044037389182,299900000
2015-03-18,0.5508397221565247,0.5628825558048883,0.54578174925164,0.5599923101841373,413844000
2015-03-19,0.559269905090332,0.5611967360921604,0.5486722197307198,0.5527667786781887,310756000
2015-03-20,0.5652912259101868,0.5686632658881868,0.5585472608037286,0.563846131547925,462084000
2015-03-23,0.5469861626625061,0.5556570168909271,0.5467453231470653,0.5484313146047058,426012000
2015-03-24,0.5395194888114929,0.5491537561684326,0.537110921972258,0.5453000377407041,330480000
2015-03-25,0.5067630410194397,0.5392787267265954,0.505076992307787,0.5392787267265954,542552000
2015-03-26,0.5050768852233887,0.5072446124575452,0.49279321241268703,0.49640609113628115,311920000
2015-03-27,0.5149522423744202,0.5168790734681984,0.49977826088037886,0.5079673791661076,318288000
2015-03-30,0.5171199440956116,0.5197693510708637,0.5106167602794468,0.5173607836138769,253252000
2015-03-31,0.5041132569313049,0.5161560852110697,0.5036315782549553,0.5156744065347201,357276000
2015-04-01,0.5060405731201172,0.5077265647668209,0.497369717919367,0.5060405731201172,330768000
2015-04-02,0.5072447061538696,0.5103758491511043,0.5029093083094975,0.5089306973947237,192204000
2015-04-06,0.52193683385849,0.5236228245440017,0.49977800069219136,0.5050768121538709,515864000
2015-04-07,0.5265131592750549,0.5322937073249694,0.5190465630118593,0.5219368657491936,413964000
2015-04-08,0.5303671956062317,0.5322940846051158,0.5219372356885982,0.5269952116391783,366432000
2015-04-09,0.542650580406189,0.5443365712926019,0.5260314535511443,0.5262722929849869,379432000
2015-04-10,0.5481905937194824,0.5484314332870418,0.541205729437155,0.5431326182519985,258728000
2015-04-13,0.5431324243545532,0.5501172287185266,0.5407237998396767,0.54698608575891,236724000
2015-04-14,0.5385560989379883,0.5431323933756026,0.5332572286720787,0.540964665890717,220276000
2015-04-15,0.5450591444969177,0.5491537019770835,0.5373517084020426,0.540001171861082,243560000
2015-04-16,0.5416873097419739,0.5465044442523481,0.5378335906487199,0.5419281492400607,155284000
2015-04-17,0.534702479839325,0.5400013510913795,0.5301261845500405,0.530367024062705,293636000
2015-04-20,0.5320529937744141,0.5404829497113476,0.5310895210175348,0.5371109673365742,231624000
2015-04-21,0.5313304662704468,0.5385561680559753,0.5286810020850784,0.5385561680559753,230456000
2015-04-22,0.5373517274856567,0.5380743032342603,0.5262723092400812,0.5344614819160018,207420000
2015-04-23,0.5351839661598206,0.5402419960779549,0.5214551426601104,0.5274765877067803,259380000
2015-04-24,0.5306078791618347,0.5351841166655075,0.5245864324218,0.5349432771718331,240960000
2015-04-27,0.534702479839325,0.5440959099305585,0.527717617149066,0.5322939124383504,248456000
2015-04-28,0.5373517274856567,0.5392786152901861,0.5286808759271733,0.5337389061673983,234484000
2015-04-29,0.5332574248313904,0.5387971366029319,0.5310896965491037,0.5334982643878265,195156000
2015-04-30,0.534702479839325,0.537351886752964,0.5294036085872704,0.530607921000146,218844000
2015-05-01,0.547949492931366,0.5496354839501086,0.5366291772808963,0.5390377440826375,256968000
2015-05-04,0.5445774793624878,0.551080661718686,0.5428914882635802,0.5474677826319092,200720000
2015-05-05,0.5306078791618347,0.5433732911229273,0.5281993119507752,0.5426507152171323,292928000
2015-05-06,0.5322937369346619,0.5385560215973998,0.5253088765473959,0.5334979915257035,316484000
2015-05-07,0.5416873097419739,0.5433733010781275,0.5284401611260582,0.5301261524622118,534564000
2015-05-08,0.5017048716545105,0.526031433723137,0.49351575696496536,0.506040325848803,1146552000
2015-05-11,0.4968877136707306,0.5019457433101975,0.4908663263805592,0.4947199866823876,544144000
2015-05-12,0.5017048716545105,0.5057994289992831,0.493034020690681,0.4932749175402009,388800000
2015-05-13,0.5045952200889587,0.5091715141219199,0.4997780866094505,0.5053177958533611,308524000
2015-05-14,0.5127844214439392,0.515433885498959,0.5048361441284207,0.5060404564124789,293052000
2015-05-15,0.5130252242088318,0.5173606213013447,0.5098940817546104,0.514952054600002,215824000
2015-05-18,0.5123026371002197,0.5154337794850361,0.5094123341527712,0.5118209008007255,324972000
2015-05-19,0.5091087818145752,0.514674134686847,0.5081408492093759,0.5129802814730398,253808000
2015-05-20,0.5091087818145752,0.5154000552954549,0.5086248155119755,0.5093507361205835,196824000
2015-05-21,0.5054789185523987,0.5115282346130992,0.5049949524989433,0.5093504739083805,239692000
2015-05-22,0.5047531723976135,0.5086247290888244,0.5035433433825577,0.5066889795885057,212592000
2015-05-26,0.5016074776649475,0.5057209881410973,0.49773592142546336,0.5023333980655112,259732000
2015-05-27,0.5284664034843445,0.5308861191244879,0.5033013146743961,0.5049951098534393,432332000
2015-05-28,0.5357255339622498,0.5374193290893069,0.5274985125763809,0.5284663872646178,327656000
2015-05-29,0.535483717918396,0.5391132633586939,0.5347577972922195,0.53572567223026,335168000
2015-06-01,0.5415326952934265,0.5468560911942248,0.5354834368380484,0.5388710261883045,372660000
2015-06-02,0.5308862328529358,0.5410490637948865,0.5304022665450014,0.538145381328448,224304000
2015-06-03,0.5250788927078247,0.536451552171095,0.5241109601526092,0.5323380407284598,250788000
2015-06-04,0.5345158576965332,0.5362096533073833,0.5219333100838333,0.5219333100838333,323712000
2015-06-05,0.5386294722557068,0.5410491889740455,0.527256751757977,0.532822105979216,313320000
2015-06-08,0.526288628578186,0.5405649677953764,0.5202393684785476,0.5369354232737074,342812000
2015-06-09,0.5289504528045654,0.5328219522846809,0.5258048162090362,0.5267726910790651,256888000
2015-06-10,0.5195135474205017,0.5260467749617869,0.5166098650952279,0.5226591840426881,529460000
2015-06-11,0.5250788927078247,0.5287084378728522,0.5195135401229465,0.5195135401229465,283052000
2015-06-12,0.5108023285865784,0.5248366522405161,0.5095924422645629,0.5216910170319421,323728000
2015-06-15,0.509834885597229,0.5122546025984196,0.5042695307254302,0.508141031774852,306548000
2015-06-16,0.5161258578300476,0.5168517783537274,0.5037853243086433,0.5088667102838257,256892000
2015-06-17,0.5221750736236572,0.5250787551474354,0.5146739732746504,0.5158838021158478,233544000
2015-06-18,0.5308862328529358,0.5342738239367247,0.5250789256106427,0.5265307668438619,299404000
2015-06-19,0.5291923880577087,0.5352416490456564,0.5243529561911193,0.5308861834419573,355656000
2015-06-22,0.5270146727561951,0.5330639919666977,0.5190296037050582,0.5301603095151631,514236000
2015-06-23,0.5134642124176025,0.5320960195806317,0.5093507010458102,0.5279825082088392,414064000
2015-06-24,0.5083827972412109,0.5153999904477948,0.5059630814138278,0.5127382626542702,253368000
2015-06-25,0.5122543573379517,0.5153999937024716,0.5083828004515751,0.5083828004515751,350460000
2015-06-26,0.5018497109413147,0.5086249525502401,0.4996720062193376,0.5081409861172458,421296000
2015-06-29,0.48684728145599365,0.5011236213349626,0.48612136097989583,0.49604217800227796,391724000
2015-06-30,0.486605167388916,0.49192856386632133,0.48321757767173107,0.48975080289503364,315916000
2015-07-01,0.4936225414276123,0.5057211218173907,0.4892670755635249,0.49870398557472656,302892000
2015-07-02,0.4941064119338989,0.4972520479944988,0.49096077587329906,0.49338049148217816,145764000
2015-07-06,0.4880571663379669,0.4967681553579698,0.48442762123247035,0.48999297372606715,214776000
2015-07-07,0.4788622558116913,0.48708930768079356,0.46361803894259024,0.4851535579189254,594252000
2015-07-08,0.4754747152328491,0.47910428968863655,0.4716031576085584,0.4762006358930653,332492000
2015-07-09,0.4696672558784485,0.48515348232266653,0.46676360284280066,0.4829757209119661,357588000
2015-07-10,0.4778943359851837,0.4822498302303377,0.474506716529936,0.4757165744399628,216708000
2015-07-13,0.48103994131088257,0.48370161123418864,0.4778943051785335,0.48273373650667484,212472000
2015-07-14,0.48128196597099304,0.48224986968537575,0.47499072163131145,0.48176593225082953,249216000
2015-07-15,0.4778943359851837,0.48321770502024397,0.47353884174002975,0.48007206868511676,265732000
2015-07-16,0.4885411858558655,0.4885411858558655,0.47910427524807747,0.4807980708406673,282848000
2015-07-17,0.4856375455856323,0.4873313413256962,0.4793462712993432,0.48684743265172975,220372000
2015-07-20,0.47668442130088806,0.48757317003954065,0.47547456353495826,0.4856373629997116,188412000
2015-07-21,0.4788622558116913,0.48563746651410183,0.47571661918071956,0.47571661918071956,149720000
2015-07-22,0.4696672558784485,0.47547459079503024,0.46385994980715284,0.47547459079503024,356472000
2015-07-23,0.4754747152328491,0.48249188097592066,0.46966737879641307,0.4706352826251326,169916000
2015-07-24,0.4699091911315918,0.4793460697477878,0.4679734130231897,0.4788621324320081,188844000
2015-07-27,0.4672475755214691,0.47257094463003374,0.4619242064129045,0.465795734471275,192420000
2015-07-28,0.47741034626960754,0.4805559534147117,0.4636179445306166,0.46845737564035805,198308000
2015-07-29,0.4832177460193634,0.4870893031980506,0.4745067567899624,0.476442535379306,232680000
2015-07-30,0.4844276010990143,0.4892670328322627,0.48200785638710164,0.48200785638710164,190180000
2015-07-31,0.4827337861061096,0.48660531425923886,0.47983013277994047,0.48636335997514335,218340000
2015-08-03,0.4909607470035553,0.4914446554825336,0.48031398164337313,0.48660522454934635,397132000
2015-08-04,0.49289652705192566,0.4943483679605742,0.4873311753624868,0.48926698247087524,260100000
2015-08-05,0.49797797203063965,0.5054790731649861,0.4970100396276643,0.5049951069634984,234628000
2015-08-06,0.49483224749565125,0.5003975982103774,0.4866051696843859,0.4967679965744426,655676000
2015-08-07,0.5560511946678162,0.565488045055825,0.5294342655707109,0.5434686505630442,1405248000
2015-08-10,0.575408935546875,0.5795224463838715,0.5487920056994856,0.5521796537628106,662304000
2015-08-11,0.5725051760673523,0.5780705270782623,0.5669398250564422,0.5669398250564422,435008000
2015-08-12,0.5739571452140808,0.5780706564136932,0.5633104069509327,0.5633104069509327,384048000
2015-08-13,0.569117546081543,0.5758927831219537,0.5676657054521292,0.5746828967005889,276884000
2015-08-14,0.5696016550064087,0.5729892455307165,0.5652461320260921,0.5686337225503999,214652000
2015-08-17,0.5659720301628113,0.5686337000852444,0.5589548374321364,0.5686337000852444,273880000
2015-08-18,0.5608208179473877,0.5681105093917664,0.5564469683207698,0.5642226623681009,287084000
2015-08-19,0.55863356590271,0.5664092553952672,0.5525587976241588,0.5600915149242249,249248000
2015-08-20,0.538465678691864,0.5549889542134707,0.5357927515849545,0.5523160850398723,426932000
2015-08-21,0.5216993093490601,0.5435683784859202,0.521213306861586,0.5345777669674303,382664000
2015-08-24,0.5032320022583008,0.5304468626130419,0.4859796988489138,0.49254041273324883,682284000
2015-08-25,0.49278342723846436,0.5272879750270304,0.49278342723846436,0.5253440233873223,622684000
2015-08-26,0.529961109161377,0.5304471117983842,0.5049331609885986,0.5088210082846915,614976000
2015-08-27,0.5498862266540527,0.5501291989777528,0.5323909448147153,0.5355498167560767,463764000
2015-08-28,0.5523159503936768,0.5557177935913594,0.5459982084932393,0.5498860541191467,320944000
2015-08-31,0.5462414026260376,0.5535311523440487,0.5440545356439548,0.5496433051388829,219352000
2015-09-01,0.5238862037658691,0.5394375889982366,0.5199984153910844,0.5304469769982594,353408000
2015-09-02,0.5396806001663208,0.5399235724739215,0.5292320378064431,0.5382226504540939,344044000
2015-09-03,0.5411384105682373,0.5503720510796979,0.5401664636547405,0.5476991246509613,262556000
2015-09-04,0.5285030603408813,0.5404095723541984,0.5282600880344803,0.5319049043637402,287972000
2015-09-08,0.5511011481285095,0.5532880728493851,0.5391946931592563,0.5413815599468165,238448000
2015-09-09,0.5401665568351746,0.5574188058090235,0.5389515795337438,0.5528020426901834,289392000
2015-09-10,0.5486713647842407,0.5554751126813556,0.5345779821735406,0.5370078797225114,357076000
2015-09-11,0.5503720641136169,0.5540168796088706,0.5404094486977749,0.5425963727549057,301584000
2015-09-14,0.5513439774513245,0.5547458204884662,0.5484280788861776,0.5530448989698954,192460000
2015-09-15,0.557418942451477,0.5603348423430524,0.5498862783093346,0.5515872006016468,327976000
2015-09-16,0.5613067150115967,0.564465586829583,0.5523161021193713,0.556446921127512,173508000
2015-09-17,0.5664095878601074,0.5761291764642589,0.5651946103179296,0.5710263518937568,268712000
2015-09-18,0.5659234523773193,0.570783245538312,0.5552319190097964,0.5586337626358304,326412000
2015-09-21,0.5717552900314331,0.5729702674954091,0.563736624155797,0.5666525237226879,281840000
2015-09-22,0.5562036633491516,0.5632503782444354,0.5532877653419216,0.5593625335458897,228356000
2015-09-23,0.5588767528533936,0.562278596588624,0.5545029620414267,0.556689828480757,161632000
2015-09-24,0.5695684552192688,0.5754001967466609,0.546727375842564,0.5554750171003108,382440000
2015-09-25,0.5736992359161377,0.5848767735520582,0.5681104670981775,0.5766150775168256,369692000
2015-09-28,0.5661665201187134,0.5773440578603414,0.5625217036000557,0.5736992413416836,395584000
2015-09-29,0.5761289000511169,0.5771008468585512,0.5642223923434994,0.5722410548880897,380736000
2015-09-30,0.5989702939987183,0.5996992690540779,0.5780731635672814,0.5814750085367416,556380000
2015-10-01,0.5873067378997803,0.6006711437861592,0.5702973992444106,0.5989702215072862,489296000
2015-10-02,0.6026149988174438,0.6026149988174438,0.5780730000512562,0.5841477711498101,386144000
2015-10-05,0.6176802515983582,0.6252129128658327,0.6033438458248079,0.6065027168573969,482024000
2015-10-06,0.6256991624832153,0.6283720321307983,0.6086898813986197,0.6111197786964191,453216000
2015-10-07,0.6322596073150635,0.6385773491573062,0.6169512551332046,0.6271568425655427,310152000
2015-10-08,0.6359047293663025,0.6376056516147176,0.6188953910155135,0.6295869850531499,460068000
2015-10-09,0.6334746479988098,0.638577413260569,0.6215681377880692,0.6325026430537394,423248000
2015-10-12,0.6402784585952759,0.643923333009535,0.6295869235356383,0.6342036872159486,227588000
2015-10-13,0.6414933204650879,0.6453811085620743,0.6329886536529984,0.6351755779075304,298444000
2015-10-14,0.6648203134536743,0.6752688739172641,0.6414932960915508,0.6422222128820634,612148000
2015-10-15,0.6665213108062744,0.6801287439728876,0.6592316206741574,0.6660353082908104,526048000
2015-10-16,0.6769697666168213,0.6832875086635889,0.6670071511071883,0.6687081306787244,448396000
2015-10-19,0.6757547855377197,0.6823155577325561,0.6679791520845213,0.6791566867276231,294712000
2015-10-20,0.6747832298278809,0.6779421026642855,0.6677365090441066,0.6728393348208619,264824000
2015-10-21,0.6660353541374207,0.683044690216507,0.6648204346650924,0.6789138133839815,386280000
2015-10-22,0.6900914311408997,0.6922783559662717,0.6728391786740351,0.6738111259519833,306884000
2015-10-23,0.6947080492973328,0.6993248699296384,0.6857174382308908,0.6961659987531452,381776000
2015-10-26,0.6915493011474609,0.69689509745869,0.6852315576705479,0.6951941754354152,247436000
2015-10-27,0.6910632848739624,0.6954370756326715,0.6876613832468492,0.6881473857459526,208268000
2015-10-28,0.6966521143913269,0.6966521143913269,0.6852315470876601,0.6954371370030028,217036000
2015-10-29,0.6725959777832031,0.6925211526265372,0.671381058477293,0.6854744931989915,327168000
2015-10-30,0.6893624067306519,0.6942222586382875,0.6747830248076868,0.6798858490340444,301160000
2015-11-02,0.6973809003829956,0.6981098750924755,0.6874183425756041,0.6915491606404567,190088000
2015-11-03,0.6925212144851685,0.6971380357132861,0.684745579606206,0.6932501893071507,376768000
2015-11-04,0.681100606918335,0.6956799853812398,0.6779417357913755,0.6905772202992131,442264000
2015-11-05,0.6733250021934509,0.6864464908513858,0.6713811079873238,0.684502538711951,478800000
2015-11-06,0.7666330933570862,0.7761097073768367,0.7245958768284132,0.7399042310398163,1172272000
2015-11-09,0.7632312774658203,0.765418201842124,0.752539685803873,0.7591004589327841,492568000
2015-11-10,0.7486519813537598,0.7573996219055715,0.732614649997657,0.7532687449764919,552260000
2015-11-11,0.7413620352745056,0.7544834626174345,0.7386891090133219,0.7491376680283596,619896000
2015-11-12,0.7386893033981323,0.746464996131439,0.7355304318460582,0.7396612505064686,291080000
2015-11-13,0.7241098284721375,0.7425770528536675,0.7204649548749208,0.7394181817138465,292940000
2015-11-16,0.7386893033981323,0.7391753059189544,0.7277547391127515,0.7335865376293855,344280000
2015-11-17,0.7386893033981323,0.7450070465022806,0.7355304318460582,0.740633255548113,257048000
2015-11-18,0.7568609714508057,0.7578366676902386,0.7336892616005133,0.7417383775793183,350216000
2015-11-19,0.7590559720993042,0.7666172376806147,0.7534459821024309,0.7595438200720599,254072000
2015-11-20,0.7656415700912476,0.7700320272153034,0.7600315803127032,0.7646659323369986,239744000
2015-11-23,0.7541777491569519,0.7719833575104751,0.7514947306040344,0.7719833575104751,242552000
2015-11-24,0.7602754831314087,0.7668611102290599,0.7507628848111184,0.7541776458020063,195428000
2015-11-25,0.7592997550964355,0.7678367153650016,0.756616737024959,0.7588119653488675,138300000
2015-11-27,0.7656415700912476,0.768080693553515,0.7568607139964264,0.7607633231667126,86996000
2015-11-30,0.7736908197402954,0.777105639712164,0.7656417050803566,0.7663734480633783,327244000
2015-12-01,0.7988137602806091,0.7995455031724678,0.7797885613988713,0.78052030429073,409496000
2015-12-02,0.7927159667015076,0.8083263469124955,0.791008585909157,0.8000333378772797,294240000
2015-12-03,0.7910085320472717,0.8073506540783878,0.7871059227219397,0.7990576456078651,246656000
2015-12-04,0.8232052326202393,0.8246687188243245,0.7910087687436047,0.7910087687436047,458756000
2015-12-07,0.8075944781303406,0.8229609599136883,0.8051553549608137,0.8229609599136883,333588000
2015-12-08,0.8185707330703735,0.8219854948354989,0.7924721136464874,0.7975942562941754,314488000
2015-12-09,0.797838032245636,0.8232049630680791,0.7895450240090486,0.8183267160873464,372676000
2015-12-10,0.8044236898422241,0.8088140887098457,0.7975941094163483,0.8002771277158233,236596000
2015-12-11,0.7924720644950867,0.801984664382194,0.7907646837184207,0.7963746740503073,227320000
2015-12-14,0.7944232225418091,0.7988136794486907,0.7849106240635195,0.7932036899476448,275892000
2015-12-15,0.8041797876358032,0.8097897776372234,0.7990576456075342,0.803448044752723,307296000
2015-12-16,0.8090581893920898,0.811741266527307,0.7988139033775279,0.8058873223437815,236356000
2015-12-17,0.7968623638153076,0.8185705794901805,0.7963745740279802,0.8102775715727245,254160000
2015-12-18,0.7839348316192627,0.7993013114536357,0.7829591941058516,0.7912522001997605,395896000
2015-12-21,0.8024724721908569,0.8032042151334189,0.785398605888772,0.7924720822313392,284216000
2015-12-22,0.8032040596008301,0.8112531722570824,0.7983258130305733,0.8049114400850913,130012000
2015-12-23,0.8063750267028809,0.8095458931860966,0.802960265306585,0.8044237510916529,122524000
2015-12-24,0.8090581893920898,0.8110095235043664,0.8027164552954731,0.8039360463848089,52448000
2015-12-28,0.8083261847496033,0.8083261847496033,0.789301046770655,0.8005210252865949,142024000
2015-12-29,0.8214975595474243,0.8239366829698195,0.8066188659635112,0.8088140944896537,203660000
2015-12-30,0.8144240379333496,0.8278392450714498,0.8141801430509453,0.8207657701021502,180344000
2015-12-31,0.8039357662200928,0.8168631248647985,0.8039357662200928,0.8132044691784089,148528000
2016-01-04,0.7895451784133911,0.7946673212988652,0.7814960635057591,0.7875939025008207,358076000
2016-01-05,0.8022284507751465,0.8156436584025667,0.7927158521749733,0.8044236792567145,490272000
2016-01-06,0.7690564393997192,0.7927159327047139,0.7600316296653422,0.7890572181970888,449344000
2016-01-07,0.7385672926902771,0.7549094135318974,0.7288107410104516,0.7497872137231637,645304000
2016-01-08,0.722713053226471,0.7488116709022518,0.7212495673813569,0.7480799279796948,398472000
2016-01-11,0.7239328026771545,0.7290550046681913,0.7110054374314889,0.723445012684979,409372000
2016-01-12,0.7361280918121338,0.7468602809319457,0.7310059502912829,0.7368598346227249,469356000
2016-01-13,0.7136883735656738,0.7466165757977854,0.7129566305691112,0.7417382697696006,481672000
2016-01-14,0.6992973685264587,0.7073464815355709,0.6785647906173422,0.699053415479951,600236000
2016-01-15,0.6612468957901001,0.6792964532838429,0.6497830230156647,0.6712473412246381,841452000
2016-01-19,0.6666131615638733,0.6939313706279638,0.6639300847509361,0.674906170623341,457140000
2016-01-20,0.6702716946601868,0.6788086552281826,0.6451487190274486,0.653929574477783,481180000
2016-01-21,0.6780770421028137,0.6885652800418526,0.6636861945335958,0.6775892522448521,481456000
2016-01-22,0.6939311623573303,0.698565513503946,0.689540706064764,0.6910041914956194,257996000
2016-01-25,0.693199634552002,0.7017365967764883,0.6917361486674274,0.693687482564626,270728000
2016-01-26,0.7000291347503662,0.7029561064231024,0.6875896214478288,0.6946630975547441,227944000
2016-01-27,0.6917360424995422,0.7012486411359822,0.6785647878664953,0.6990534126460448,231700000
2016-01-28,0.6841751337051392,0.6997855198485525,0.6707599190413822,0.697346395196353,276776000
2016-01-29,0.7144200205802917,0.7158835064959252,0.6873457637542671,0.6900287824973961,310504000
2016-02-01,0.7146636843681335,0.7183223395228722,0.7075902107414902,0.7136880468704215,289884000
2016-02-02,0.684418797492981,0.7110052646656946,0.6795405498367013,0.7073466080001345,341908000
2016-02-03,0.687833309173584,0.6939311456038358,0.6719790391308297,0.6897846424187069,326772000
2016-02-04,0.6880775094032288,0.7036878902066761,0.6812479278213275,0.6888091942106085,348140000
2016-02-05,0.6446608901023865,0.6910042920026641,0.6427096146796178,0.6834430270478259,600428000
2016-02-08,0.6151474714279175,0.6380752177130316,0.6061226633146055,0.6349043517604157,608852000
2016-02-09,0.6217331886291504,0.6475879097548757,0.6049032187759965,0.607830190282038,425372000
2016-02-10,0.620269775390625,0.6436853757165507,0.6168550136698918,0.6256358710612764,335800000
2016-02-11,0.6170986890792847,0.6234404203922365,0.6044152264533812,0.6044152264533812,340144000
2016-02-12,0.6275870203971863,0.6288066111392963,0.6036835768620734,0.6268552775825778,340816000
2016-02-16,0.6583203077316284,0.6592960040634732,0.6346608056740477,0.636612082031106,485352000
2016-02-17,0.6746620535850525,0.6810037848321133,0.6639298661731291,0.6666129421027489,771468000
2016-02-18,0.7327134609222412,0.7556412707015546,0.7292986993019064,0.7300304422424492,1068660000
2016-02-19,0.7424697279930115,0.7490554124361458,0.7232006388318631,0.7288106275516061,525628000
2016-02-22,0.7688125371932983,0.777349499507014,0.751738670719165,0.7532021566190361,449668000
2016-02-23,0.7707638144493103,0.7780811852574415,0.759055986264324,0.7627147007450366,369380000
2016-02-24,0.7761299014091492,0.7773494923656036,0.7463725682805745,0.767592997327159,336852000
2016-02-25,0.7778371572494507,0.7817397662684508,0.7639341598688095,0.7790567480099518,349616000
2016-02-26,0.772715151309967,0.7834472843817852,0.764909931901391,0.7814960086062904,361964000
2016-02-29,0.7676965594291687,0.78385343523699,0.7672069925047835,0.7738166129052276,323344000
2016-03-01,0.8017240762710571,0.8017240762710571,0.7684310696788387,0.7696551038817887,348700000
2016-03-02,0.8063753843307495,0.8093130201987003,0.795848933624156,0.7973177515581314,233812000
2016-03-03,0.7992759943008423,0.8088231917449185,0.7885047043988129,0.8053959896693446,302004000
2016-03-04,0.796828031539917,0.8061304460608844,0.7907079774448152,0.8053960372348657,175304000
2016-03-07,0.7916873693466187,0.7978074249846208,0.7814057015554526,0.7924217783577859,239968000
2016-03-08,0.7772438526153564,0.7882599260616489,0.7747958427789757,0.7836086898629779,274940000
2016-03-09,0.7767544388771057,0.7853224458118446,0.7667175557126219,0.7840984698348118,222788000
2016-03-10,0.7755303382873535,0.7858120040959269,0.7598630852556132,0.7814055508786105,286084000
2016-03-11,0.7887496948242188,0.7889945367261144,0.777733676924458,0.7870360933368153,277400000
2016-03-14,0.7907081246376038,0.7938905440210482,0.7814056500197902,0.7850776948334461,190312000
2016-03-15,0.7867911458015442,0.7916871657065068,0.772837494908917,0.7865463623158444,226216000
2016-03-16,0.8102919459342957,0.8129847973817642,0.7772437867606962,0.7809158303867199,363644000
2016-03-17,0.8034375905990601,0.8112711868633878,0.7924215174241696,0.8073544179138024,353680000
2016-03-18,0.8276730179786682,0.8384442507920415,0.8078440952276228,0.8129849573153867,545512000
2016-03-21,0.8301210999488831,0.830365883471578,0.811516209825156,0.8203290586590446,337780000
2016-03-22,0.8286521434783936,0.8345273555965489,0.8183704784977514,0.8274281677044762,242012000
2016-03-23,0.8428507447242737,0.8489707411136866,0.8286522503781403,0.8323242949039222,429008000
2016-03-24,0.8440746665000916,0.8455434842161647,0.8325690249994584,0.8352618185688165,244956000
2016-03-28,0.8526428937911987,0.8563148804175786,0.841626817181709,0.8426060097243986,265388000
2016-03-29,0.8663515448570251,0.8683099294459375,0.847012248989584,0.8489706335784964,261812000
2016-03-30,0.8754092454910278,0.8874045125583454,0.8690444075220363,0.8695340328908683,376700000
2016-03-31,0.8722267746925354,0.8812844057391288,0.8653723701270577,0.879326021110467,379884000
2016-04-01,0.884956419467926,0.8854460447908491,0.8602314787809218,0.8668410996320058,348292000
2016-04-04,0.8763883113861084,0.8969516400667836,0.8729611093943813,0.8923004040122074,393940000
2016-04-05,0.8751643896102905,0.883242828154334,0.8651275081180535,0.8685547686861023,339568000
2016-04-06,0.8763883113861084,0.8768779366842793,0.8477466030242865,0.8641482625834,453376000
2016-04-07,0.8673307299613953,0.8785915871671908,0.8636587442963348,0.8707579321461609,378104000
2016-04-08,0.8729611039161682,0.8800603496867352,0.8643930406254625,0.874429921436307,255936000
2016-04-11,0.8783469200134277,0.8927901978365335,0.8754092844001969,0.8781020781355469,387524000
2016-04-12,0.8773676156997681,0.8825084190021071,0.8602314879616509,0.8812843848643158,292764000
2016-04-13,0.8993996977806091,0.8996444812601674,0.8812843778946212,0.8812843778946212,350716000
2016-04-14,0.9018475413322449,0.9057643681085452,0.8932794791112662,0.8969515224531568,416564000
2016-04-15,0.9089468717575073,0.9170253095047799,0.8986652077977547,0.9016028427477281,436972000
2016-04-18,0.9050301909446716,0.9072334175133859,0.8962173430349782,0.9072334175133859,307320000
2016-04-19,0.8888734579086304,0.910171143119987,0.8832430280019854,0.9084575416308134,309152000
2016-04-20,0.892300546169281,0.8976861918465507,0.8864253334810014,0.8874045258681871,200172000
2016-04-21,0.8913211226463318,0.8967067669270061,0.8874042957481278,0.8925450982216233,178280000
2016-04-22,0.8878940939903259,0.9003789274435069,0.8849564586530306,0.8942589316443578,223540000
2016-04-25,0.892300546169281,0.897196566470375,0.8856909245993208,0.8881389347498677,191972000
2016-04-26,0.8930348753929138,0.9079677768348627,0.8891180478283836,0.897686111773616,214536000
2016-04-27,0.913353443145752,0.9138430685208602,0.8891181251986241,0.8908317264637545,352396000
2016-04-28,0.886180579662323,0.913108752359122,0.8839774111635372,0.9077231061467279,381224000
2016-04-29,0.8697788119316101,0.8844668725392564,0.8602315550270906,0.8825084878043027,321904000
2016-05-02,0.8812845945358276,0.8866702409661513,0.8739405630572994,0.8781021750586147,256076000
2016-05-03,0.8707579970359802,0.8749196083369176,0.8631691832948782,0.8712476223982168,224024000
2016-05-04,0.8509292006492615,0.8609660252704411,0.8421163519833914,0.8602316163511878,525764000
2016-05-05,0.8560699224472046,0.8661068044689695,0.8497050846688081,0.8580283654987222,246884000
2016-05-06,0.8648826479911804,0.8670858742257148,0.8528873829789216,0.8546009839285079,183240000
2016-05-09,0.8636587262153625,0.8707579139165649,0.8565594801490017,0.8670859283283787,333336000
2016-05-10,0.8803050518035889,0.8817738691879957,0.8607209756518992,0.8690441963433372,269676000
2016-05-11,0.8827530145645142,0.8925450521216901,0.8781017792153112,0.8829978563590469,328176000
2016-05-12,0.8707579970359802,0.8930349296273775,0.8550907441915396,0.8891181018249763,670540000
2016-05-13,1.0031954050064087,1.0036849719571255,0.9547247749759261,0.959375952833529,2110256000
2016-05-16,1.0328162908554077,1.047749249926781,0.9924240997818475,0.9956065183734103,973032000
2016-05-17,1.0350197553634644,1.0423637277088205,1.0149459897101305,1.02816523331604,628392000
2016-05-18,1.061457872390747,1.0734531942426069,1.0281648747424712,1.0281648747424712,541072000
2016-05-19,1.0661091804504395,1.0736980509112968,1.05582757535919,1.057296276031966,398880000
2016-05-20,1.0852035284042358,1.0896099799574774,1.071005040108426,1.0727186407018612,391084000
2016-05-23,1.0869174003601074,1.0940165879152701,1.080307779745214,1.0898550354623522,413636000
2016-05-24,1.1133016347885132,1.1167378531689072,1.0872853385613803,1.0902306017254755,415788000
2016-05-25,1.1086385250091553,1.1214011379996867,1.0998027348232868,1.1167379408294844,458076000
2016-05-26,1.1204195022583008,1.128518918372857,1.1074113526510874,1.1106020352729864,309964000
2016-05-27,1.1265558004379272,1.1282738518455868,1.1179654263661551,1.121647065411261,277416000
2016-05-31,1.146681547164917,1.1491359731269801,1.1307281295119207,1.1314645041139282,412524000
2016-06-01,1.1488900184631348,1.159934579044359,1.1378453408484936,1.1412814419671078,387132000
2016-06-02,1.156989336013794,1.1668068003954915,1.1437356537684358,1.1550257495107288,329208000
2016-06-03,1.1407908201217651,1.1471721860733701,1.120665045679596,1.1456996711923393,461076000
2016-06-06,1.1349005699157715,1.1525720383539713,1.1290100414252158,1.1437362456181375,322512000
2016-06-07,1.1371091604232788,1.148153839920615,1.1366183221893553,1.1417724747458624,193400000
2016-06-08,1.133427619934082,1.141527035820458,1.124100991450756,1.137354559804201,234616000
2016-06-09,1.1628798246383667,1.1645978751720047,1.1270460654700125,1.129500490251447,472168000
2016-06-10,1.1339187622070312,1.1594442293074756,1.1324461301025082,1.1491359216092805,400024000
2016-06-13,1.1483994722366333,1.1707342544946944,1.1351459011926943,1.1351459011926943,475588000
2016-06-14,1.1506086587905884,1.1560082323112995,1.1329371889559703,1.145699923671721,298344000
2016-06-15,1.162388801574707,1.172451684104203,1.1474171872966716,1.1601799132495532,301036000
2016-06-16,1.1670526266098022,1.1690160967644732,1.1425089570927953,1.1537990567739633,246456000
2016-06-17,1.146681547164917,1.1687709126895995,1.1420182314637741,1.1685254935000875,471000000
2016-06-20,1.1672979593276978,1.1822695790696138,1.1643526957970234,1.1650890701964116,293768000
2016-06-21,1.160180687904358,1.175397731375259,1.1584625194634182,1.1722070477566133,212508000
2016-06-22,1.1591986417770386,1.170243322440195,1.157235171600654,1.162634743844074,202620000
2016-06-23,1.1901235580444336,1.191350770669128,1.1695068306766292,1.1702432050648208,297880000
2016-06-24,1.1223832368850708,1.1623894886513229,1.111829510052539,1.1412819179527938,1017684000
2016-06-27,1.1103564500808716,1.121646547128703,1.0939120841582357,1.1130561770263088,449088000
2016-06-28,1.1265558004379272,1.1326916314461541,1.1110932207355173,1.1314645354645936,381920000
2016-06-29,1.144963264465332,1.1537990557033244,1.1334277456547153,1.1363730094007127,318932000
2016-06-30,1.153799057006836,1.1609166802064979,1.137600223418997,1.1469267359139286,430940000
2016-07-01,1.1452085971832275,1.1623892230493953,1.1412816571738722,1.147417603342749,218488000
2016-07-05,1.1621441841125488,1.1641076547595575,1.1297465088197347,1.138827604449704,371084000
2016-07-06,1.1695070266723633,1.1763793483023106,1.148154038371293,1.15404456633026,273104000
2016-07-07,1.1999410390853882,1.204113515245039,1.171961269707274,1.1773608414726116,395400000
2016-07-08,1.248046636581421,1.253937163333384,1.208040395963443,1.2127037101365084,481932000
2016-07-11,1.276762843132019,1.2860893549135755,1.2644909507929791,1.2659635825550015,448776000
2016-07-12,1.2959067821502686,1.3076877177870618,1.2747991017939364,1.290998049215486,436760000
2016-07-13,1.2954158782958984,1.3057242997910623,1.2934524084508199,1.298361141580231,324604000
2016-07-14,1.3086700439453125,1.3204511024651562,1.2914895286596786,1.3022887932917078,316892000
2016-07-15,1.293452501296997,1.299343028288494,1.2723449356220504,1.291979869549123,428616000
2016-07-18,1.3000792264938354,1.3113693246915614,1.2951704932354082,1.309405854794877,252992000
2016-07-19,1.3135783672332764,1.3187325197428414,1.2968885800640768,1.299343005278214,382652000
2016-07-20,1.330759048461914,1.337876788880746,1.3125967442451014,1.3179963165707886,296460000
2016-07-21,1.3062154054641724,1.331986288928972,1.301797509633033,1.3278138122495424,361308000
2016-07-22,1.3418036699295044,1.3418036699295044,1.3013065866948872,1.3108786351897463,315768000
2016-07-25,1.3665928840637207,1.3697835671893395,1.3440126830260273,1.349903210960541,312528000
2016-07-26,1.3899091482162476,1.3970267703479469,1.3766555803663632,1.3786190502268219,514508000
2016-07-27,1.3759198188781738,1.4043905541531252,1.367574980479235,1.4019361279592408,446676000
2016-07-28,1.3788644075393677,1.3891727116199044,1.3746919318686217,1.3791098266317483,221916000
2016-07-29,1.4014447927474976,1.4051263136998104,1.3592296602584235,1.3840187474552734,409588000
2016-08-01,1.3923636674880981,1.4124895584525865,1.3832825741184487,1.4073354053995235,301120000
2016-08-02,1.3754284381866455,1.3997266861657405,1.362174869658673,1.3989903117844997,282748000
2016-08-03,1.3791096210479736,1.3818094647285453,1.3661014748235234,1.3737100507202382,299828000
2016-08-04,1.4046357870101929,1.4110171538274858,1.3830373777235294,1.3857371057384456,272712000
2016-08-05,1.4284429550170898,1.4291792124296758,1.4139621726018792,1.4208343765864682,371588000
2016-08-08,1.4416965246200562,1.4515139923212617,1.426479367759775,1.4480778903291844,305064000
2016-08-09,1.445378065109253,1.4593680094359052,1.4416965439303517,1.4488141671473538,372344000
2016-08-10,1.4360514879226685,1.4603497392496407,1.4313881729770734,1.458140849868444,375740000
2016-08-11,1.465258240699768,1.4713941866030817,1.4407145741199476,1.4436598375162129,681064000
2016-08-12,1.547234296798706,1.5555791322955295,1.488084073905475,1.5192545267132527,1425744000
2016-08-15,1.5457617044448853,1.5585244356598535,1.52489955665376,1.5489523872486273,573304000
2016-08-16,1.5364351272583008,1.5460070582314935,1.5317718128165998,1.5435527499657475,287652000
2016-08-17,1.5008465051651,1.539871067500647,1.4888201501544212,1.5364349660690246,595212000
2016-08-18,1.5241633653640747,1.5266176738400163,1.4927473742311825,1.4986379018269622,331684000
2016-08-19,1.528090238571167,1.5396257570779792,1.5168001391978163,1.5234269239350609,291560000
2016-08-22,1.5344716310501099,1.5366806373568436,1.5145912764901865,1.5327535800523429,244748000
2016-08-23,1.5468887090682983,1.5569701376266545,1.5424626731466697,1.5500852710257371,339764000
2016-08-24,1.5230377912521362,1.5530363299475218,1.5159070516171222,1.5522987157435348,298448000
2016-08-25,1.5129565000534058,1.5242674063031463,1.494023110661911,1.5235297920310267,406032000
2016-08-26,1.5252501964569092,1.5338562779578522,1.5048413548985968,1.5168899862489837,300024000
2016-08-29,1.5242669582366943,1.5375449492247466,1.5218081274699524,1.5313978136833446,274652000
2016-08-30,1.5154153108596802,1.530414521603057,1.5112351452840906,1.5223001791026571,285544000
2016-08-31,1.5082846879959106,1.5225462867471773,1.5038587675810398,1.5183662377721174,388544000
2016-09-01,1.5527904033660889,1.55844579714304,1.5082843983317973,1.50951387254387,428492000
2016-09-02,1.5375447273254395,1.557707699498446,1.520086691378751,1.5559864830354053,323148000
2016-09-06,1.5520528554916382,1.5520528554916382,1.5350865549051627,1.5429550266442267,306812000
2016-09-07,1.5291850566864014,1.5547575586012283,1.5203330999269487,1.547134958857589,397988000
2016-09-08,1.5402500629425049,1.54270901142826,1.5102516418106435,1.527709683613212,315808000
2016-09-09,1.4635323286056519,1.5318894857041623,1.4507460809110975,1.5232834025440158,697760000
2016-09-12,1.493776798248291,1.4967274891955367,1.4094368211265575,1.4441072638830377,598260000
2016-09-13,1.4721388816833496,1.5073010740674044,1.4637786671949813,1.490088785003733,471768000
2016-09-14,1.485170602798462,1.4900883815925325,1.463286528202031,1.47558091656266,319048000
2016-09-15,1.5414793491363525,1.5432005659667585,1.4841870992481314,1.4876296501580462,515212000
2016-09-16,1.5451676845550537,1.5552491143670055,1.527463655916187,1.5468889014193112,902444000
2016-09-19,1.5655765533447266,1.6046729162375801,1.554265649267285,1.5613963881914759,417128000
2016-09-20,1.5513153076171875,1.5835268102169853,1.5427092212448064,1.5835268102169853,331112000
2016-09-21,1.5948377847671509,1.597788476577392,1.5557414114043027,1.5559872828469663,336212000
2016-09-22,1.5987718105316162,1.609099230886787,1.5896739817712806,1.6041814507530814,308732000
2016-09-23,1.597050428390503,1.6054106420293768,1.5899196889703469,1.6007388510466563,276132000
2016-09-26,1.582051396369934,1.5884445223286456,1.5621344042289305,1.5788548333905783,230040000
2016-09-27,1.6361467838287354,1.6386057322508805,1.5751663402983718,1.5759039544755469,402752000
2016-09-28,1.6420478820800781,1.6432773560783858,1.621147293105225,1.638605448684092,319788000
2016-09-29,1.6572932004928589,1.662456968582102,1.6240982184855006,1.6393432996205262,336684000
2016-09-30,1.6848329305648804,1.7013074861147193,1.6565556103532124,1.6663911694053284,429932000
2016-10-03,1.683112382888794,1.7091767555312134,1.6801618075935991,1.6848337179139778,242596000
2016-10-04,1.6794230937957764,1.7138475464356904,1.6668827164397662,1.68557034679375,281624000
2016-10-05,1.6777019500732422,1.7108970473581522,1.6725382995397948,1.6936847616642243,305440000
2016-10-06,1.655817985534668,1.6678665042588137,1.6292618824654979,1.6575392024952602,360212000
2016-10-07,1.6437691450119019,1.6713087302034824,1.6390972374862027,1.6668826940345416,286260000
2016-10-10,1.649916172027588,1.6612270736335077,1.634425106181816,1.6523750025076152,287876000
2016-10-11,1.6260656118392944,1.6469662077548952,1.6135252308401073,1.6445073761908362,388540000
2016-10-12,1.6334422826766968,1.6420483687171596,1.605902690098087,1.6194265563401185,419920000
2016-10-13,1.6068857908248901,1.6179508229398352,1.5663140845694914,1.6142625179845536,390116000
2016-10-14,1.6226232051849365,1.6376224180059447,1.6130335156971278,1.6265573826546933,330636000
2016-10-17,1.613278865814209,1.6376218888210472,1.6110659063587134,1.6223768094906514,195328000
2016-10-18,1.6378681659698486,1.6472119833175494,1.6290162087056395,1.6356552059660778,269372000
2016-10-19,1.6344255208969116,1.6420481200923898,1.6184427083495114,1.6268030389505446,199060000
2016-10-20,1.665407419204712,1.670817058278978,1.6302453514674926,1.6536047728365804,312084000
2016-10-21,1.6607359647750854,1.6636865390273317,1.644999021600519,1.6595064904413261,279508000
2016-10-24,1.738682746887207,1.7406498353755668,1.6718008002900087,1.6720467889440338,339836000
2016-10-25,1.7672059535980225,1.7777792455336068,1.7273719690828246,1.7357321837125899,397460000
2016-10-26,1.7743369340896606,1.7937621848474758,1.750731517102676,1.7524527344325371,333792000
2016-10-27,1.7379449605941772,1.7913029229961683,1.7308142210804152,1.7878604889378613,388664000
2016-10-28,1.7349942922592163,1.7728611820911393,1.7317977297718334,1.7463051966569478,290856000
2016-10-31,1.749747633934021,1.7613044097380297,1.7396660864355744,1.740649689221726,252388000
2016-11-01,1.6978648900985718,1.7657303114294216,1.679177259333946,1.7561406246816427,473224000
2016-11-02,1.6907345056533813,1.7340110437671823,1.6877838139468964,1.7108974874816063,295848000
2016-11-03,1.6710628271102905,1.7000777571404733,1.6386054636526755,1.6986024117788459,309664000
2016-11-04,1.6614731550216675,1.6899963425903755,1.6371301322213223,1.6599978096474863,328780000
2016-11-07,1.7524523735046387,1.7635174067743433,1.7089299718433273,1.710159446039764,487580000
2016-11-08,1.749747633934021,1.7647468436158953,1.7335189500817345,1.759091332781466,429884000
2016-11-09,1.7202403545379639,1.743354016871074,1.6897502010117864,1.7022904588132477,456532000
2016-11-10,1.666391134262085,1.758107843600382,1.64155636576661,1.7578619722166313,869280000
2016-11-11,2.1630871295928955,2.182758245506012,1.9302300663356309,1.9550649498376755,2175344000
2016-11-14,2.056617259979248,2.1684968224533074,2.056125517243925,2.1660378742784876,1348796000
2016-11-15,2.119319438934326,2.1503013477004838,2.063748278190341,2.072600352622779,626092000
2016-11-16,2.2530837059020996,2.27595127784799,2.123254184150011,2.1475972194785276,987984000
2016-11-17,2.2717714309692383,2.330784809533528,2.228986508736723,2.2698042245511,832988000
2016-11-18,2.295621871948242,2.319472921860028,2.257263119773255,2.2717705875382217,576060000
2016-11-21,2.286278009414673,2.3199648525909953,2.2720162960855332,2.3135717273568157,436436000
2016-11-22,2.302752733230591,2.3049656932976035,2.27152483462256,2.294146647137621,330368000
2016-11-23,2.3140811920166016,2.345601972702966,2.2845303280203524,2.3079246152365136,443236000
2016-11-25,2.3187592029571533,2.3419073590922155,2.30028971458301,2.3251618994317003,195564000
2016-11-28,2.3175277709960938,2.333041914991285,2.3049685007482155,2.311617553802891,278736000
2016-11-29,2.29634952545166,2.3256542544322825,2.278619108770835,2.314818777991895,444568000
2016-11-30,2.2704927921295166,2.318759256290163,2.2680301623097487,2.3049686702090457,440500000
2016-12-01,2.1581995487213135,2.269754152848574,2.0875237576861414,2.2680303587952606,1035524000
2016-12-02,2.1781466007232666,2.186765571482453,2.0961428477584234,2.123969911144943,478292000
2016-12-05,2.2626125812530518,2.2805893574605784,2.191690434479725,2.2160699077549735,602284000
2016-12-06,2.299797534942627,2.3081703832873472,2.2549786537871577,2.270739157533535,498796000
2016-12-07,2.3411688804626465,2.3468327419027175,2.2680304562516334,2.286253590490648,480804000
2016-12-08,2.302013635635376,2.379338476584963,2.291424749797631,2.344123761453964,381544000
2016-12-09,2.261134386062622,2.3214673915246844,2.233799812932349,2.319743598078604,382312000
2016-12-12,2.20621919631958,2.2150845216654815,2.1557364655001052,2.212621892150074,601332000
2016-12-13,2.245128631591797,2.2727095750947526,2.2175479229381994,2.2185328811474396,387796000
2016-12-14,2.375152587890625,2.3914055715213975,2.2549787699880124,2.2788657663619274,983980000
2016-12-15,2.430806875228882,2.4610965712310864,2.3788464546784818,2.386234110946296,746548000
2016-12-16,2.472670078277588,2.4798113759109888,2.4066729617411275,2.4583870133121786,1089528000
2016-12-19,2.5027129650115967,2.522906009116954,2.437947174899609,2.4551853455889003,744656000
2016-12-20,2.5898890495300293,2.6135296897289324,2.564031901158339,2.5753598595938527,848056000
2016-12-21,2.6061410903930664,2.6090961987044796,2.5539345683068784,2.601462188470768,576136000
2016-12-22,2.637662649154663,2.681003855508447,2.623379583475497,2.63052111631508,718612000
2016-12-23,2.703413486480713,2.704891158543826,2.6169771859675524,2.6196859382841367,647692000
2016-12-27,2.8890905380249023,2.8900754957652697,2.7388734447043173,2.7595592011967542,1194272000
2016-12-28,2.690361261367798,2.953364039027718,2.6765709116030547,2.9452375493664547,2295764000
2016-12-29,2.7440459728240967,2.7455236449019367,2.531525868826782,2.5832399294136317,2175368000
2016-12-30,2.6285510063171387,2.756112467138603,2.6177157632723804,2.7420757581730837,1212932000
2017-01-03,2.512071132659912,2.619439299024829,2.447305333164635,2.570926479918963,1501996000
2017-01-04,2.5706803798675537,2.5980149593791824,2.500250719293968,2.546300909074693,1199220000
2017-01-05,2.5054218769073486,2.6058948598173832,2.48843006200547,2.574127737491566,984296000
2017-01-06,2.5389132499694824,2.5672327873848086,2.492124224383963,2.5327566756296522,822856000
2017-01-09,2.6418488025665283,2.6595794559602344,2.5487636942221648,2.5487636942221648,916248000
2017-01-10,2.6219019889831543,2.6888838279758356,2.601216227653637,2.654900429494152,880920000
2017-01-11,2.58964204788208,2.615252832909106,2.56477009872872,2.6103278083996817,525664000
2017-01-12,2.54728627204895,2.57831480110489,2.5024673900122973,2.566740721303315,625616000
2017-01-13,2.5470404624938965,2.5857027739446194,2.537928776856967,2.55122665241292,457820000
2017-01-17,2.48990797996521,2.541375673847106,2.4766101080284963,2.536450649168357,580612000
2017-01-18,2.535219192504883,2.542114367579101,2.4406564224381517,2.4684834796373702,654424000
2017-01-19,2.58964204788208,2.6216555291658628,2.5359580829979618,2.5381743557696677,644872000
2017-01-20,2.5613222122192383,2.6300280692201143,2.539405374268875,2.6122974194169943,492024000
2017-01-23,2.587918281555176,2.6078652064109096,2.553688527136232,2.556151156841739,369904000
2017-01-24,2.6430795192718506,2.649236092605054,2.583238988598817,2.598014529749246,428052000
2017-01-25,2.6544082164764404,2.691593084362673,2.618454663601592,2.685436509305752,522760000
2017-01-26,2.700212240219116,2.7075998959459606,2.6275662934986794,2.6571171512553984,458800000
2017-01-27,2.75241756439209,2.7553726723485634,2.6805104854327864,2.707106222191811,471996000
2017-01-30,2.7093236446380615,2.7337031194918775,2.6573634636139505,2.7314868462959554,496004000
2017-01-31,2.6886391639709473,2.710063537972379,2.664505801807078,2.6829753002940073,362756000
2017-02-01,2.8061020374298096,2.810288225516069,2.7053827043482968,2.723113119043856,590004000
2017-02-02,2.8415637016296387,2.8501829069081888,2.7595601866535437,2.7900960011526825,483240000
2017-02-03,2.8166916370391846,2.854122861250694,2.804871435853435,2.843041261180146,372744000
2017-02-06,2.8888447284698486,2.8893372074333343,2.807333471356001,2.807333471356001,506768000
2017-02-07,2.933664321899414,2.9777443704131943,2.9033746271442804,2.9230751996135895,746224000
2017-02-08,2.920858144760132,2.9380960823459947,2.8659426316877186,2.9156867634843726,449580000
2017-02-09,2.86594295501709,2.9319400739401464,2.8467350994540177,2.927014814160365,842568000
2017-02-10,2.797976016998291,2.972326024291052,2.7728577100279783,2.9533642917420075,1651092000
2017-02-13,2.6689364910125732,2.8068404371805338,2.664503711519451,2.792311253809859,1180724000
2017-02-14,2.6787877082824707,2.712524988306012,2.617469488484855,2.6593332597593418,850632000
2017-02-15,2.6842050552368164,2.7039056246997086,2.6536692430241278,2.6817426601909395,373020000
2017-02-16,2.6411101818084717,2.695040507826372,2.6019551653259714,2.6938091928902037,647176000
2017-02-17,2.6406173706054688,2.6450501511821183,2.580530706971194,2.627565855492,563740000
2017-02-21,2.735180377960205,2.7391204446960287,2.6649968383722453,2.6652431952898037,551952000
2017-02-22,2.7309889793395996,2.7566320904268933,2.712003078738976,2.7472624740568654,433772000
2017-02-23,2.477762460708618,2.623237658337386,2.457790601471878,2.6012931623811104,1592888000
2017-02-24,2.501680850982666,2.5149955088823335,2.3596575198585454,2.3934373828219475,1029904000
2017-02-27,2.57441782951355,2.5894584533933114,2.5041459504158925,2.519926342641819,715400000
2017-02-28,2.5021743774414062,2.593897931570173,2.4849146763278873,2.584034976481543,625360000
2017-03-01,2.5344741344451904,2.5734319010478313,2.49305062985797,2.5591308088538405,504804000
2017-03-02,2.4410250186920166,2.535707396762479,2.4383128475757117,2.5216529702451873,754332000
2017-03-03,2.4269702434539795,2.4353534226811244,2.372478520321904,2.4304221822791034,864692000
2017-03-06,2.408231258392334,2.41883374378547,2.3465892186287927,2.3907248946443334,883568000
2017-03-07,2.434614419937134,2.454093425272239,2.39541021164523,2.408231769926477,603400000
2017-03-08,2.430175304412842,2.497735008645193,2.427956234666433,2.482940818426341,638712000
2017-03-09,2.429682970046997,2.4521205775460366,2.401574117340854,2.4141492417784316,478060000
2017-03-10,2.443983793258667,2.4679009374677485,2.425737894173412,2.4560658168803324,499740000
2017-03-13,2.511296272277832,2.5211589871481515,2.453599284470912,2.454339052751245,774136000
2017-03-14,2.509570598602295,2.5334875027415804,2.4772700448746865,2.5241181223851803,522016000
2017-03-15,2.5285563468933105,2.5394052643475793,2.4735715209383504,2.521159368408387,615036000
2017-03-16,2.559624195098877,2.560117530867427,2.525104800044946,2.5391592259507934,523100000
2017-03-17,2.6153478622436523,2.616580730932381,2.559623279183123,2.5771296383300237,1119688000
2017-03-20,2.698688268661499,2.702633543331177,2.616827699169849,2.632854760257934,748568000
2017-03-21,2.611403226852417,2.7112634987437345,2.603513147490268,2.681428680560783,913484000
2017-03-22,2.6646618843078613,2.6693466920583524,2.596362405314903,2.6003074446980277,616764000
2017-03-23,2.640497922897339,2.676743513886307,2.6308818752662555,2.656771415154315,533940000
2017-03-24,2.649867534637451,2.694742972201354,2.6239779947807866,2.6868528939057086,439500000
2017-03-27,2.669100046157837,2.673045085573386,2.5539527238592745,2.6032663044178848,506644000
2017-03-28,2.65529203414917,2.684880179626342,2.6449362185040113,2.670332657130807,432444000
2017-03-29,2.646662950515747,2.6750182353764913,2.6444438801159427,2.662689779088332,349992000
2017-03-30,2.697455883026123,2.712250077823837,2.6481422922766575,2.6538133023050525,525532000
2017-03-31,2.685866594314575,2.7095373006963475,2.6727986073831933,2.6878392315616217,440808000
2017-04-03,2.6723053455352783,2.7036194608879462,2.6486346405824666,2.6863597678145896,445232000
2017-04-04,2.4849138259887695,2.574664711357841,2.4740649083078914,2.5495147018089255,1271280000
2017-04-05,2.466421127319336,2.524118121910284,2.4533529051281207,2.466174459481665,747048000
2017-04-06,2.4844210147857666,2.4965028028379663,2.4264773424488473,2.4715994582397514,635120000
2017-04-07,2.47381854057312,2.508338170321131,2.4587779136184533,2.490831805138948,429068000
2017-04-10,2.4106967449188232,2.4812150579841505,2.4065050377418977,2.4745578481846477,756332000
2017-04-11,2.4193267822265625,2.438559115069341,2.3756842079078404,2.3806154486865014,618148000
2017-04-12,2.3993542194366455,2.43362717102303,2.39417631179948,2.4193263168554773,414092000
2017-04-13,2.3544790744781494,2.396888776876378,2.3544790744781494,2.375190942720995,506892000
2017-04-17,2.446695327758789,2.446941760413747,2.3621223682668915,2.3673002757689674,497292000
2017-04-18,2.4481751918792725,2.454339536855147,2.406505254483518,2.4323947979450384,370116000
2017-04-19,2.457791328430176,2.4898449797975166,2.4511338832850535,2.4656814073507545,380828000
2017-04-20,2.496748685836792,2.501433492915335,2.4511334837715757,2.472338449526173,404016000
2017-04-21,2.5071048736572266,2.5098170441575296,2.47455788707079,2.4863930052822307,341896000
2017-04-24,2.538419246673584,2.5514872351030125,2.517707611360955,2.5386656793916544,371820000
2017-04-25,2.582554340362549,2.5971018624000712,2.531514796899994,2.5529661958169276,388440000
2017-04-26,2.5648019313812256,2.5985815525529263,2.562829294058148,2.596116049831211,327004000
2017-04-27,2.604745626449585,2.6131288051233685,2.554199181150457,2.5721986424492553,319700000
2017-04-28,2.5717055797576904,2.60474566473676,2.5660343361396643,2.597841787440747,348248000
2017-05-01,2.6294028759002686,2.6345810200816477,2.5754044801179,2.5825550267057733,307732000
2017-05-02,2.551487445831299,2.603760109303401,2.5288031711719876,2.602527240174056,629972000
2017-05-03,2.5704734325408936,2.5800894828610788,2.529789690521358,2.544583650267143,336904000
2017-05-04,2.56061053276062,2.587732947135197,2.552720217662704,2.5766373605397486,209788000
2017-05-05,2.5608561038970947,2.5680066481106723,2.5334870308559982,2.5490209879507115,228428000
2017-05-08,2.5339815616607666,2.5741719704809287,2.522639305656738,2.5726926684694984,365240000
2017-05-09,2.5381722450256348,2.587239391227207,2.531268367495991,2.5396517817223825,847672000
2017-05-10,2.9906246662139893,3.003692887607403,2.8113698191910705,2.8180270286533995,2129096000
2017-05-11,3.1190860271453857,3.215987428376641,2.956597804480462,2.9600497424506553,1939792000
2017-05-12,3.1533589363098145,3.1955221947689787,3.1013331996077804,3.1222914949515586,962620000
2017-05-15,3.3116567134857178,3.31412245138423,3.1900986098084436,3.1945369850549064,1087540000
2017-05-16,3.3732991218566895,3.3888330842127967,3.2882332712940188,3.3626966358411203,1120700000
2017-05-17,3.1491682529449463,3.325217836774207,3.1449765457987438,3.306478606105791,1271368000
2017-05-18,3.2810826301574707,3.289959146227339,3.1326485356518736,3.1930577082091656,1156032000
2017-05-19,3.356858491897583,3.411654063421219,3.3376059047269275,3.382281680494977,1018372000
2017-05-22,3.428438663482666,3.4427545816658585,3.3896865602427098,3.400547139244241,836608000
2017-05-23,3.382282257080078,3.450406753591109,3.349700986374515,3.448185346114529,681248000
2017-05-24,3.4202933311462402,3.4820002887222214,3.4081985847960987,3.4792850262876858,815996000
2017-05-25,3.412642002105713,3.456330544074336,3.367719292605427,3.455589996476661,608228000
2017-05-26,3.5010056495666504,3.585914382037418,3.3842562012676813,3.4044960270114477,779140000
2017-05-30,3.5757944583892822,3.610843819605961,3.5308717591814256,3.546915462630422,989652000
2017-05-31,3.562959671020508,3.6283688924071122,3.5061891502430584,3.6207171961210776,887316000
2017-06-01,3.5632071495056152,3.579744713069107,3.5177908170194874,3.5787572377413888,503340000
2017-06-02,3.5454351902008057,3.5864084668389804,3.5395112805825852,3.560244728852984,487456000
2017-06-05,3.6532986164093018,3.6661336748438966,3.5175434984808684,3.529144389520595,817376000
2017-06-06,3.63676118850708,3.694765642068078,3.6234325105695175,3.6486087714552715,758728000
2017-06-07,3.680696725845337,3.6994556946642447,3.6456473585283042,3.6611974448629057,612612000
2017-06-08,3.9477643966674805,3.9492452562992204,3.746599584604457,3.787819786771555,1161744000
2017-06-09,3.6925439834594727,4.159048621071574,3.5234668329465664,4.06624150169554,3692928000
2017-06-12,3.701676845550537,3.744378142342247,3.507670347403907,3.600724402102928,1697532000
2017-06-13,3.7369730472564697,3.820153991062001,3.595046871263725,3.811021200339056,1672504000
2017-06-14,3.7448716163635254,3.8026293762906778,3.665393170527029,3.739935182436256,1184640000
2017-06-15,3.760915517807007,3.791275139323659,3.6160273819205333,3.6273815800058506,963824000
2017-06-16,3.7424027919769287,3.818425888891391,3.7083406726167145,3.770541238478254,924960000
2017-06-19,3.8830947875976562,3.8882781484680153,3.7828826733174052,3.786584939428623,778176000
2017-06-20,3.877418041229248,3.992193012446416,3.873222154821162,3.925302697424399,1095444000
2017-06-21,3.9361629486083984,3.93986545047521,3.843108900641262,3.9050627803432056,682652000
2017-06-22,3.9090123176574707,3.957637524459041,3.8850699880152124,3.9443086107255265,469132000
2017-06-23,3.796952247619629,3.932460660943958,3.781895548011734,3.9166636492813636,1088588000
2017-06-26,3.7554855346679688,3.8653238455509142,3.661197309544893,3.829780624247379,1063960000
2017-06-27,3.618001937866211,3.7465992007514233,3.612324956769462,3.7379602653012975,999492000
2017-06-28,3.745612144470215,3.7503018861432103,3.597515361124412,3.6856329778163,994948000
2017-06-29,3.6204710006713867,3.7201892875184126,3.556295702427886,3.7172275679626057,1064424000
2017-06-30,3.568142890930176,3.651323836270244,3.5419791563358323,3.6377482314377665,731060000
2017-07-03,3.4390525817871094,3.5950477865122576,3.4205405388035572,3.5802382462827755,709072000
2017-07-05,3.5308725833892822,3.559751350495949,3.48348153862119,3.5024872008253443,820188000
2017-07-06,3.54148530960083,3.58838272528372,3.44966542838101,3.501746205472007,746284000
2017-07-07,3.6224451065063477,3.640710454242314,3.575300995238046,3.5982560848767595,654972000
2017-07-10,3.793743371963501,3.8011481402762883,3.6698358484130496,3.6959995828186827,958492000
2017-07-11,3.8475518226623535,3.855203518364601,3.7554850174150967,3.797445762277314,757956000
2017-07-12,4.0111985206604,4.023293030368826,3.8643361462714148,3.9072841315832414,1145208000
2017-07-13,3.964794397354126,4.104745603437296,3.9183908444384574,4.023292458258386,1369132000
2017-07-14,4.0714263916015625,4.072907016259259,3.9741759510482066,3.9810871020736376,941948000
2017-07-17,4.054146766662598,4.13436599670438,3.9924398114879054,4.105486998563466,930792000
2017-07-18,4.0963544845581055,4.1109173290578065,3.9813323526820366,3.9931801703744516,776640000
2017-07-19,4.075128555297852,4.131898857495247,4.063034041312388,4.105488186414262,687044000
2017-07-20,4.134366035461426,4.134612727697865,4.045755031548285,4.095614168938374,699596000
2017-07-21,4.149174690246582,4.178794229852418,4.099562255648438,4.1138784056901425,648332000
2017-07-24,4.101044654846191,4.1659604996578565,4.090431238120775,4.1563343227689025,652524000
2017-07-25,4.081297397613525,4.095613548532505,4.037608868259373,4.078088515879046,496556000
2017-07-26,4.128443717956543,4.194346821070957,4.093640796945484,4.138810445324328,640404000
2017-07-27,3.9921932220458984,4.164972889298499,3.8890191357259996,4.153371762981916,782856000
2017-07-28,4.057602405548096,4.0820385899293905,3.9314737016528074,3.956403035116838,513348000
2017-07-31,4.0111985206604,4.1072145216730105,3.9645482689279024,4.071177684765999,559672000
2017-08-01,4.0600714683532715,4.061799255902856,3.973928783156321,4.00182007623196,431384000
2017-08-02,4.057602405548096,4.095120340346558,3.980592527260087,4.09117138139096,478444000
2017-08-03,4.109189987182617,4.112892254067654,4.040078023679288,4.0571092046092305,442420000
2017-08-04,4.127208709716797,4.197801302664501,4.109190287685617,4.131898216728335,589096000
2017-08-07,4.254077434539795,4.254570818984175,4.146706998765068,4.156333644870676,717412000
2017-08-08,4.203478813171387,4.308627162330029,4.164233083753521,4.292089834323726,755336000
2017-08-09,4.2481536865234375,4.250622021198831,4.138562075026808,4.157321041930439,530784000
2017-08-10,4.0662407875061035,4.261728330130652,4.056120758856715,4.249386659538741,1328088000
2017-08-11,3.8495266437530518,3.924562277189722,3.7742443180808567,3.8786523342931205,1497196000
2017-08-14,4.156581878662109,4.160284146514767,3.929500191557522,3.9411010859231475,1279020000
2017-08-15,4.121531963348389,4.1879284414113,4.087222902807149,4.161764934488323,764532000
2017-08-16,4.076361656188965,4.160036467798705,4.044027551649774,4.136587992313732,596632000
2017-08-17,3.985527992248535,4.084999557128065,3.9833068209415914,4.0679688508905265,525444000
2017-08-18,3.98626971244812,4.056862775600784,3.940359764026412,4.039831593565727,601204000
2017-08-21,3.9282643795013428,4.022058970600474,3.8843291559268005,4.010705008694543,623672000
2017-08-22,4.01571798324585,4.021647107244542,3.9455573108628452,3.9648268460583105,450456000
2017-08-23,4.096007823944092,4.107124872522273,3.973720289584098,3.9823673017681447,579520000
2017-08-24,4.08093786239624,4.132570670012402,4.054504420691763,4.128123473627382,469700000
2017-08-25,4.046846389770508,4.1152779961109935,4.040422975156015,4.105149055342719,357200000
2017-08-28,4.075501441955566,4.078713147694154,4.010281574776965,4.065866795940764,389496000
2017-08-29,4.068832874298096,4.09057315352542,4.008553994406582,4.016706716917119,324096000
2017-08-30,4.093042850494385,4.104159897315108,4.058209311469168,4.08859565480524,384400000
2017-08-31,4.185933589935303,4.189886026324639,4.105891098635811,4.11330215246646,612684000
2017-09-01,4.211130142211914,4.246704881051022,4.189884156894203,4.198531167840671,445432000
2017-09-05,4.098725318908691,4.16468641223386,4.040670038519264,4.15974539694931,695364000
2017-09-06,4.096254825592041,4.145417126803286,4.061421751476795,4.1315826609190855,397672000
2017-09-07,4.115279674530029,4.147642256621288,4.075011275657897,4.1130560752101495,352868000
2017-09-08,4.043881893157959,4.118489539046791,4.019671574240675,4.103666962126179,498856000
2017-09-11,4.175063133239746,4.185686365439459,4.084150506309246,4.089585812737442,567444000
2017-09-12,4.190133094787598,4.199767746770322,4.124913187210311,4.199767746770322,411488000
2017-09-13,4.208906650543213,4.2378105932422585,4.132569726838694,4.164932285135969,580960000
2017-09-14,4.1849446296691895,4.263010886896249,4.145417446607477,4.169874673196361,513712000
2017-09-15,4.449530124664307,4.449530124664307,4.2652343708444915,4.270422296385199,1364792000
2017-09-18,4.633330345153809,4.723502215510915,4.56687543993515,4.573792672133359,1684460000
2017-09-19,4.628390789031982,4.69015207323598,4.560947289509564,4.58293448008823,874280000
2017-09-20,4.591085433959961,4.679527518927615,4.550817061657819,4.632095005546337,724920000
2017-09-21,4.465587615966797,4.513514429282278,4.387768271682297,4.48732742430737,1075600000
2017-09-22,4.422107696533203,4.503879950540513,4.412226136438774,4.45422382704277,491232000
2017-09-25,4.224472522735596,4.392463314582584,4.203720818820648,4.391227824853588,874580000
2017-09-26,4.248188018798828,4.414202571612205,4.20841392463787,4.359111610909414,1125620000
2017-09-27,4.341324329376221,4.354664978327722,4.267704793105925,4.338606911938268,713720000
2017-09-28,4.340088844299316,4.352440911762267,4.292655849750965,4.348488005149515,435244000
2017-09-29,4.4164252281188965,4.440141251175702,4.378874269277567,4.4240836597563025,619092000
2017-10-02,4.422107696533203,4.495727227601511,4.3726989536586816,4.466575894961104,503480000
2017-10-03,4.431248188018799,4.461140717830595,4.387026902409356,4.42828339037735,390332000
2017-10-04,4.468304634094238,4.490538730475756,4.400861145576816,4.437423997031144,427848000
2017-10-05,4.4658355712890625,4.496222399401178,4.4359430333191385,4.49276378200968,437364000
2017-10-06,4.478928565979004,4.492269215784202,4.42210829198177,4.4381663593988145,318800000
2017-10-09,4.579970359802246,4.6130746052840506,4.496963072230968,4.51573855818169,563492000
2017-10-10,4.66742467880249,4.766736950536541,4.62616817738884,4.729185976181196,974876000
2017-10-11,4.717078685760498,4.718561084395307,4.6380243361867235,4.683974453055962,529508000
2017-10-12,4.719303131103516,4.770194271759322,4.692128016857599,4.720538149386886,528292000
2017-10-13,4.807251453399658,4.8173803949571266,4.734620496399836,4.781558735342228,628728000
2017-10-16,4.889763832092285,4.892728629837149,4.773899705855443,4.837143384132633,576640000
2017-10-17,4.885316848754883,4.913726979237013,4.850730684898575,4.86901187562246,478596000
2017-10-18,4.88111686706543,4.894951332137726,4.775875980279424,4.894210603966962,567316000
2017-10-19,4.8865532875061035,4.891493832444605,4.754384168576196,4.803546006923233,570772000
2017-10-20,4.86431884765625,4.930773766667701,4.855424924983251,4.903599122192229,451620000
2017-10-23,4.857401371002197,4.912492327887612,4.837143489972931,4.886058413022966,428696000
2017-10-24,4.908292293548584,4.910021601793645,4.84060189138394,4.866541515059856,407244000
2017-10-25,4.784276485443115,4.92163400842384,4.7227625746952215,4.868766169575823,828160000
2017-10-26,4.8344268798828125,4.846037750039556,4.787982456853327,4.811945867944246,322744000
2017-10-27,4.986852645874023,4.987099555270756,4.8606122063749,4.886552300267171,572192000
2017-10-30,5.035768032073975,5.0913528083685415,4.971041952838556,4.986853108517952,504056000
2017-10-31,5.109139919281006,5.135820742467771,5.061954306489395,5.067636521257408,411908000
2017-11-01,5.118776321411133,5.1872079466522685,5.054544513531485,5.171891076557739,502576000
2017-11-02,5.087647438049316,5.133844945800292,5.031074079941591,5.089129837014909,342308000
2017-11-03,5.155584335327148,5.155584335327148,5.0728244486439396,5.118774572022327,353640000
2017-11-06,5.178806781768799,5.187453323428482,5.10642274124597,5.118774808988037,389944000
2017-11-07,5.238099098205566,5.25959247517852,5.189431541155657,5.201536703045322,427700000
2017-11-08,5.167195796966553,5.237356708738341,5.119763273617123,5.233650711538345,522988000
2017-11-09,5.07233190536499,5.09728342890617,4.950044796184129,5.07109688670313,978564000
2017-11-10,5.339632987976074,5.402135463733808,5.228215592651567,5.264037246027529,1253256000
2017-11-13,5.252922058105469,5.36508022135673,5.237605188290216,5.339634879361606,582376000
2017-11-14,5.2912116050720215,5.3065284686450696,5.218333284007434,5.262060276646187,529292000
2017-11-15,5.187453746795654,5.237357254277296,5.133598274691764,5.236121764681548,501948000
2017-11-16,5.227722644805908,5.291707535790293,5.218829192129079,5.261568089272967,441768000
2017-11-17,5.221545696258545,5.320116742852594,5.206476211237084,5.284789376587814,515664000
2017-11-20,5.288743495941162,5.300848657098281,5.200300898488982,5.237110672114243,396100000
2017-11-21,5.337409973144531,5.349021313006276,5.296647771317572,5.328516521778953,399176000
2017-11-22,5.313430309295654,5.364604364296588,5.280797701577879,5.364604364296588,356640000
2017-11-24,5.363614559173584,5.364603826059734,5.3052713893179515,5.329746078415005,180752000
2017-11-27,5.293900012969971,5.373503940545018,5.2906860741214174,5.372268064118661,422896000
2017-11-28,5.209103584289551,5.308484816854405,5.1480411151965555,5.299090554568675,512752000
2017-11-29,4.855831623077393,5.194518318416205,4.727525876354188,5.191799013287495,1396788000
2017-11-30,4.961888313293457,5.010590148670049,4.861518727407207,4.924558805608327,823768000
2017-12-01,4.886979579925537,4.947547878167889,4.758179703411603,4.9272759279453515,811548000
2017-12-04,4.6145477294921875,4.95175143988543,4.561149012075899,4.945570644202645,1240844000
2017-12-05,4.6412482261657715,4.763867830148602,4.464241096150372,4.509234357414842,981488000
2017-12-06,4.678825378417969,4.700580294958526,4.569555219121906,4.590815973655082,467032000
2017-12-07,4.746316432952881,4.78611864613126,4.700086811405517,4.7455747182317,542600000
2017-12-08,4.733952522277832,4.815286931669632,4.725547056590821,4.796250857662545,466876000
2017-12-11,4.812321662902832,4.8152885207259875,4.732223574606322,4.748045244567887,372748000
2017-12-12,4.7178850173950195,4.792050335544757,4.694399592654997,4.768811991788607,455016000
2017-12-13,4.602683067321777,4.760159977080616,4.595266392479959,4.758924100371328,554280000
2017-12-14,4.609850883483887,4.680802257628915,4.56362128027844,4.59625388589069,438164000
2017-12-15,4.735683917999268,4.755955871800192,4.588837207998327,4.653855331502743,670036000
2017-12-18,4.892421245574951,4.895387632489703,4.746563279537735,4.7762290347999645,477704000
2017-12-19,4.84816837310791,4.88821765437953,4.819738499490322,4.883026124541412,373100000
2017-12-20,4.8652262687683105,4.896622527988584,4.809602399386484,4.887475816521041,288820000
2017-12-21,4.842729568481445,4.8936560693594835,4.834324100071754,4.868687216633219,300904000
2017-12-22,4.827401638031006,4.836795901043944,4.72802039777307,4.805893806940852,466276000
2017-12-26,4.881047248840332,4.888711001828573,4.742111371280177,4.77202466887576,355080000
2017-12-27,4.8743720054626465,4.9435928592426945,4.853111728930233,4.8676975196944525,329488000
2017-12-28,4.880059242248535,4.9290081539900426,4.873878916976199,4.898106056099769,240248000
2017-12-29,4.783642768859863,4.906262311673205,4.783642768859863,4.906262311673205,279964000
2018-01-02,4.9282660484313965,4.93197462052338,4.8083662387712005,4.840009577099086,355616000
2018-01-03,5.252615928649902,5.283023870373814,5.037042916781086,5.045695468118293,914704000
2018-01-04,5.280303955078125,5.390562918784544,5.258054403212259,5.333950243496966,583268000
2018-01-05,5.3250508308410645,5.362380342670096,5.218252883177355,5.295137522253876,580124000
2018-01-08,5.488214015960693,5.562378879070149,5.403665619348362,5.448659359431824,881216000
2018-01-09,5.486730098724365,5.533206792436085,5.4051485679476965,5.493652139424891,497000000
2018-01-10,5.5297441482543945,5.533205167588315,5.339881775248777,5.394269289285893,582664000
2018-01-11,5.539633274078369,5.593773709416241,5.518124971293101,5.562376981636238,406032000
2018-01-12,5.512439727783203,5.562130352331942,5.471896286108399,5.527767235721763,359916000
2018-01-16,5.441486835479736,5.624427141300367,5.3569389559224625,5.538890466591612,702348000
2018-01-17,5.555455207824707,5.565343633291384,5.362131798241989,5.456073962053945,538408000
2018-01-18,5.548532962799072,5.602920479670502,5.505022666384803,5.536171842013377,408632000
2018-01-19,5.688706398010254,5.71293354173676,5.611822231680203,5.638768681320893,609380000
2018-01-22,5.777207374572754,5.778937884060255,5.63901322496283,5.696614671416147,550944000
2018-01-23,5.906255722045898,5.928999429795258,5.812066009441394,5.830606983285832,475228000
2018-01-24,5.829372406005859,5.945317056842168,5.773748529020101,5.909470505948162,579972000
2018-01-25,5.842968940734863,5.927022687812408,5.828136065229593,5.883759466256507,409884000
2018-01-26,6.01552677154541,6.015773852558797,5.87387154864693,5.886726834272848,516356000
2018-01-29,6.102545261383057,6.13369490720129,5.948282347142214,6.00093935199318,455116000
2018-01-30,6.0004448890686035,6.09191529543601,5.893894528549444,5.960643165234156,570832000
2018-01-31,6.076588153839111,6.162372402728371,6.04321383349187,6.075846439405364,478576000
2018-02-01,5.945563793182373,6.1037828642728975,5.885243022828691,5.896614878578263,519224000
2018-02-02,5.773006439208984,5.883018309442739,5.714910812825561,5.859038250068228,718464000
2018-02-05,5.283022403717041,5.765836520410501,5.067943613617772,5.611820677836954,1165204000
2018-02-06,5.576716423034668,5.5796828094628586,5.043222362588904,5.053111260406739,1114800000
2018-02-07,5.656318664550781,5.808851532722298,5.604403376761869,5.675601822535591,802932000
2018-02-08,5.377458572387695,5.815031831130374,5.377211019926578,5.781905068076385,1144000000
2018-02-09,5.737406253814697,5.905760796527867,5.377458828346535,5.8899391285741425,1674604000
2018-02-12,5.637283802032471,5.821460500548078,5.563118960693679,5.818493642838531,1093172000
2018-02-13,5.751004219055176,5.797233825982517,5.568558015791659,5.600943543045118,625524000
2018-02-14,5.968307018280029,5.9972315222991,5.699582428847461,5.710707201814138,744988000
2018-02-15,6.093894004821777,6.140123614163556,5.970780238771598,6.051620049105671,698900000
2018-02-16,6.028134346008301,6.180419694907143,6.018987162653999,6.066700198854581,637656000
2018-02-20,6.157675266265869,6.226648576040035,6.046921698036113,6.0506302700600525,686240000
2018-02-21,5.970532417297363,6.22912153215286,5.9668243163662575,6.222199492266209,892292000
2018-02-22,5.9900736808776855,6.0761584658693994,5.924520682348709,6.00442130231682,534364000
2018-02-23,6.083580017089844,6.083580017089844,5.9992268134324815,6.049937723791968,415300000
2018-02-26,6.099659442901611,6.134291147269622,6.037321903217607,6.129838566968247,469312000
2018-02-27,6.086795806884766,6.157296327600096,6.063790259578754,6.072942654144722,455436000
2018-02-28,5.986364841461182,6.137260489141736,5.974738211846735,6.09768125645618,523116000
2018-03-01,5.7441887855529785,6.038064781515423,5.643014183931714,5.984137927134577,1040120000
2018-03-02,5.851298809051514,5.857730680511419,5.487911754391993,5.636581311419711,913428000
2018-03-05,5.829283714294434,5.8688629412696685,5.677645441181592,5.801083408914717,620776000
2018-03-06,5.990322113037109,6.0096172590815,5.871584422286672,5.914626823388165,636808000
2018-03-07,5.9824066162109375,6.034601887566719,5.886179531894835,5.887416176470867,581208000
2018-03-08,5.966079235076904,6.009863806615915,5.921799722692148,6.009863806615915,411912000
2018-03-09,6.06873893737793,6.081601739121654,5.997496227771388,6.013574965861866,505524000
2018-03-12,6.178324222564697,6.258472099922457,6.101886750916875,6.110050209664757,605060000
2018-03-13,6.127613067626953,6.295577805598525,6.086302249974199,6.221119156909702,619772000
2018-03-14,6.153092384338379,6.197866373031405,6.09075483417703,6.170655473985037,505496000
2018-03-15,6.167933464050293,6.249070735097421,6.125880477813714,6.166696819670506,401952000
2018-03-16,6.196133136749268,6.215180572278445,6.14665887381346,6.184259275898951,399456000
2018-03-19,5.9616265296936035,6.168180580127958,5.862678467454943,6.139238572709406,713772000
2018-03-20,6.1738691329956055,6.212706175355303,5.964593654461727,5.964593654461727,554696000
2018-03-21,6.14863920211792,6.233734590134205,6.118212369579902,6.167438934509641,438688000
2018-03-22,5.982652187347412,6.13181667701994,5.945299492219513,6.085311116016283,551196000
2018-03-23,5.762988090515137,5.998731848995828,5.751856404293622,5.996258088521984,735620000
2018-03-26,6.047712326049805,6.048948970611515,5.8354685439074405,5.887416108289084,611424000
2018-03-27,5.578697681427002,6.184260453732798,5.438438793995544,6.128602015284877,1409000000
2018-03-28,5.4755449295043945,5.674430509483498,5.367938916608579,5.544313883932259,945904000
2018-03-29,5.728850364685059,5.825571890254185,5.459463864345087,5.543817060428423,916628000
2018-04-02,5.4681243896484375,5.804548396045308,5.38030798180335,5.658352539368334,922092000
2018-04-03,5.57449197769165,5.698177178832927,5.475543911142948,5.6350979338523794,667432000
2018-04-04,5.596508026123047,5.606897537555102,5.293726428403644,5.318710797107623,789168000
2018-04-05,5.476286888122559,5.6679988835895365,5.404796940860994,5.65488837491038,701240000
2018-04-06,5.299911975860596,5.481729416970644,5.270722253706009,5.37362845680309,662988000
2018-04-09,5.328606605529785,5.490881644087578,5.308569283326123,5.362991080732623,499524000
2018-04-10,5.637818336486816,5.664781522547766,5.501764346437484,5.558907126058944,761676000
2018-04-11,5.596508026123047,5.664287556766638,5.563855141101848,5.62297674555206,460244000
2018-04-12,5.803308486938477,5.82111927762748,5.64523884014969,5.689518346483145,593920000
2018-04-13,5.726622581481934,5.875292096254675,5.678385446528869,5.86688140757678,503036000
2018-04-16,5.726377010345459,5.759772068510178,5.632128766535358,5.733303350839929,350792000
2018-04-17,5.876036643981934,5.89731060869209,5.722914488617086,5.778572925198813,447224000
2018-04-18,5.847094535827637,5.9183372448355,5.758041503434041,5.825573335218507,391364000
2018-04-19,5.665771484375,5.766203900903141,5.610360756261043,5.73280884023235,471996000
2018-04-20,5.657609462738037,5.741467744563186,5.626440922864354,5.657114521800595,386200000
2018-04-23,5.5381293296813965,5.726625382941391,5.512155547665155,5.675419994369608,427508000
2018-04-24,5.471834659576416,5.659835789739547,5.406528874705391,5.563856404456344,414596000
2018-04-25,5.359527587890625,5.4812339774552985,5.202200080694767,5.4421492172352615,588492000
2018-04-26,5.571276664733887,5.579440122945677,5.45525996705991,5.5213079209252065,375824000
2018-04-27,5.598734378814697,5.696940745448157,5.556434155469259,5.677151131405373,400848000
2018-04-30,5.563361167907715,5.664783011089317,5.544066492412648,5.6150614995467665,327844000
2018-05-01,5.618770599365234,5.621491594092486,5.4965692965451405,5.555196423617123,253788000
2018-05-02,5.598239421844482,5.6598343129891235,5.5720179378167884,5.615308039139775,268248000
2018-05-03,5.763484001159668,5.789705491284045,5.584882507939317,5.6301514394729795,443144000
2018-05-04,5.913638591766357,5.916854528718176,5.717473986853225,5.7347898445603445,400660000
2018-05-07,6.151607036590576,6.208749820964347,6.008379459798583,6.018274502147228,687616000
2018-05-08,6.194155693054199,6.196876688473961,6.102875662380824,6.151854995401465,506616000
2018-05-09,6.327239513397217,6.3294660393741395,6.186980644211815,6.214191537651338,596760000
2018-05-10,6.434845447540283,6.443997841561665,6.362365639705321,6.380176430607122,994080000
2018-05-11,6.296318531036377,6.426435602156817,6.19761817238412,6.253028900048545,1214456000
2018-05-14,6.316848278045654,6.394275591596429,6.293101033215737,6.334411831100307,523140000
2018-05-15,6.074429512023926,6.255999733170512,5.973997062089193,6.253278265305457,963528000
2018-05-16,6.085559368133545,6.147649204681876,5.998979630934426,6.035837863261541,553828000
2018-05-17,6.127613067626953,6.221366391461874,6.071212449501698,6.0872916600045555,519784000
2018-05-18,6.083827972412109,6.2428870629615085,6.078880450858758,6.17956058000079,483716000
2018-05-21,6.041774749755859,6.185002331994662,5.949010847406737,6.181291926883611,640624000
2018-05-22,6.003680229187012,6.0803649275649825,5.943074268457857,6.055133322035146,518264000
2018-05-23,6.127192497253418,6.1284303782986145,5.946747965308161,5.94749059951262,442956000
2018-05-24,6.130908489227295,6.173235356823319,6.070265504611893,6.123483087420904,437372000
2018-05-25,6.170264720916748,6.186601265591646,6.107889080583614,6.143532236186329,292112000
2018-05-29,6.153184413909912,6.22125373100769,6.1064026922340995,6.152194392007054,352684000
2018-05-30,6.262092590332031,6.270755868998887,6.162093332512731,6.186845759609439,390996000
2018-05-31,6.242292881011963,6.316797575177459,6.219520961320823,6.23016428672442,493868000
2018-06-01,6.376697063446045,6.382885525601006,6.278430440783705,6.287093721264597,421968000
2018-06-04,6.555657863616943,6.577687149398921,6.378678582333933,6.410856418879275,642024000
2018-06-05,6.561102867126465,6.598726530315697,6.514073288139925,6.55887496386654,391712000
2018-06-06,6.563083171844482,6.566301097087873,6.454667984485077,6.471004526033939,371356000
2018-06-07,6.507389068603516,6.571249949091458,6.41704263080351,6.559368745253394,369448000
2018-06-08,6.492044448852539,6.534618224239494,6.41580709538923,6.434618928274207,360456000
2018-06-11,6.450954437255859,6.521003316281931,6.438083210085904,6.479419569477482,265372000
2018-06-12,6.499469757080078,6.511598351668126,6.4271929644497385,6.477440471285103,319160000
2018-06-13,6.49501371383667,6.575953779485196,6.4858551859758435,6.500954316758097,338208000
2018-06-14,6.606646537780762,6.663329414513491,6.525211228602961,6.540062971338033,430016000
2018-06-15,6.565804481506348,6.6207546981817265,6.518527523058552,6.549467943362677,432260000
2018-06-18,6.561598300933838,6.579172251624388,6.494519479151794,6.521746733350019,356268000
2018-06-19,6.439815998077393,6.525706643440254,6.31234160505853,6.458379968803796,594932000
2018-06-20,6.492786884307861,6.545756596437088,6.4425393782994504,6.480905677364324,369780000
2018-06-21,6.364073753356934,6.543033051924125,6.356400494559876,6.524716469044076,359516000
2018-06-22,6.211599826812744,6.398232878990694,6.19625377946546,6.384866403294761,434160000
2018-06-25,5.9187798500061035,6.10887773905209,5.830166519708088,6.105165039036301,665816000
2018-06-26,5.989817142486572,6.080410964192684,5.938332242571544,6.03214398855067,478884000
2018-06-27,5.834620952606201,6.099718268112569,5.829175125029291,6.033382092386166,453892000
2018-06-28,5.961848258972168,5.973729464341513,5.817046835717521,5.824720094513832,338012000
2018-06-29,5.863829612731934,6.039571004149717,5.862591731320017,6.026947635274118,392300000
2018-07-02,5.996006488800049,5.999719188362645,5.773730319704715,5.794274805229378,357572000
2018-07-03,5.862345218658447,6.036601839343195,5.853929323409947,6.030661235174459,222732000
2018-07-05,6.008136749267578,6.013086859354121,5.878681810206047,5.91754288903805,306216000
2018-07-06,6.121994495391846,6.130410386843854,5.962341833619161,5.98362894961151,296352000
2018-07-09,6.169520378112793,6.205906630346058,6.090808214898528,6.196253327554949,303880000
2018-07-10,6.268530368804932,6.2905596532926795,6.141550742225465,6.181897083346281,360016000
2018-07-11,6.126945972442627,6.210361320749776,6.116302176831315,6.175708200418425,367508000
2018-07-12,6.218531131744385,6.266550739139548,6.162343488841673,6.17224465297463,345508000
2018-07-13,6.171252250671387,6.237093649879108,6.12917326034445,6.237093649879108,246988000
2018-07-16,6.143530368804932,6.196500547179623,6.131154388342587,6.143530368804932,197036000
2018-07-17,6.279421329498291,6.294520461628708,6.068778946798774,6.094274016941566,362136000
2018-07-18,6.230164527893066,6.285857392062557,6.179174858000323,6.2719961409116545,277640000
2018-07-19,6.2383317947387695,6.271995368661457,6.1962532715622105,6.211351930229627,235752000
2018-07-20,6.210114002227783,6.274717522467759,6.199222819097126,6.235856455363256,222352000
2018-07-23,6.1734795570373535,6.185360760329731,6.021747535860616,6.18362810452098,301584000
2018-07-24,6.156154155731201,6.308133592834742,6.138579734859166,6.221500314004944,354620000
2018-07-25,6.234372615814209,6.246996457874374,6.107640364523494,6.165561133411981,319112000
2018-07-26,6.307886123657227,6.344767151704547,6.197490899059358,6.214322686613513,325124000
2018-07-27,6.238084316253662,6.351450072825667,6.184124115909684,6.344519448204734,295420000
2018-07-30,6.042788505554199,6.258134061124621,6.007887522732283,6.252193458258903,340340000
2018-07-31,6.06085729598999,6.135609365591824,5.993531097501727,6.032392164891348,283988000
2018-08-01,6.100708484649658,6.147490670835771,6.036847597216381,6.092293063786336,283556000
2018-08-02,6.203431129455566,6.207391216562073,5.970511628450556,6.029421937123631,269668000
2018-08-03,6.240065097808838,6.263827511955669,6.2111051866950175,6.227936503287816,214288000
2018-08-06,6.287837505340576,6.2913028181665664,6.180907582645178,6.227441918340896,207508000
2018-08-07,6.360113620758057,6.3786780644087235,6.309866590145665,6.336599067965504,258132000
2018-08-08,6.396500587463379,6.44155012985737,6.326451690956073,6.361352681529174,262100000
2018-08-09,6.34798526763916,6.417044131947078,6.340312008036788,6.4143214537875455,204280000
2018-08-10,6.306647777557373,6.3390734664687445,6.254915485426212,6.266054055626351,256396000
2018-08-13,6.339568614959717,6.460360238297473,6.313578773665132,6.3153114297514374,375208000
2018-08-14,6.471003532409668,6.4851126405569905,6.361845727361963,6.445013691234827,466220000
2018-08-15,6.412837028503418,6.525707553680187,6.334124384188572,6.491796588157246,591136000
2018-08-16,6.372242450714111,6.48511344137718,6.312094255360097,6.482638150657717,801260000
2018-08-17,6.059866428375244,6.261598080390827,6.0328860975747745,6.260855446171797,1143188000
2018-08-20,6.134620189666748,6.267292561483654,5.908878681092118,6.019274380723681,854388000
2018-08-21,6.270262241363525,6.27471757519107,6.1311540383026,6.150955889179859,673988000
2018-08-22,6.50540828704834,6.51035886713053,6.234123013707872,6.237588325342744,749856000
2018-08-23,6.604913711547852,6.6702598671362034,6.452934280689882,6.466795529194882,720684000
2018-08-24,6.738081455230713,6.752685338372689,6.608874409986806,6.613329743941186,531512000
2018-08-27,6.829171180725098,6.903428017718309,6.736349898426855,6.767785100761176,505776000
2018-08-28,6.791545391082764,6.846000828485472,6.671496419114037,6.823228443072103,475384000
2018-08-29,6.897049903869629,6.922063400202053,6.763066407189008,6.783869654946075,420108000
2018-08-30,6.880209922790527,6.977044709540925,6.843308715913577,6.8658455709693165,346608000
2018-08-31,6.951286315917969,6.964164582855906,6.85024130690597,6.86014788410666,306592000
2018-09-04,7.026080131530762,7.063723901325676,6.909680197061578,6.938160901435282,391720000
2018-09-05,6.895316123962402,7.0439114994853425,6.814331778928327,7.008496377751813,393156000
2018-09-06,6.754148960113525,6.881445536632969,6.72121049148199,6.878968892562481,322796000
2018-09-07,6.732851505279541,6.858414493738516,6.617194621957892,6.6620207987311355,295420000
2018-09-10,6.803929805755615,6.833649068285126,6.7115532777255975,6.755388894724343,220140000
2018-09-11,6.756133556365967,6.845290420603033,6.7368159129938965,6.757619165570152,243112000
2018-09-12,6.642208576202393,6.735823661711661,6.4866787940881485,6.71625850043632,419092000
2018-09-13,6.719972133636475,6.81061503556403,6.690748396107746,6.708084431527918,305536000
2018-09-14,6.8460307121276855,6.912155647241551,6.773466880056739,6.810368075228793,386936000
2018-09-17,6.784117698669434,6.869560290478322,6.7648005306606285,6.820523857411709,205528000
2018-09-18,6.712046146392822,6.890855764327766,6.705359727817392,6.788077645837934,299520000
2018-09-19,6.7358245849609375,6.753656144733378,6.643448045250253,6.69347504382664,224860000
2018-09-20,6.594658374786377,6.656077554890416,6.5406686561212855,6.6137280186247756,430584000
2018-09-21,6.524570465087891,6.652115059487093,6.491384467825127,6.606545839657025,435128000
2018-09-24,6.58029317855835,6.583760386082952,6.406436812150973,6.493612518071677,293912000
2018-09-25,6.6474103927612305,6.672423892401582,6.560729709938647,6.646419829266323,280388000
2018-09-26,6.610507965087891,6.6927308608061145,6.594658007354361,6.652362453523829,268548000
2018-09-27,6.622395992279053,6.666974650087891,6.590943598014401,6.645675884543633,214428000
2018-09-28,6.959706783294678,6.981996111045321,6.726412354859124,6.754398012100401,709396000
2018-10-01,7.166254043579102,7.233121549404895,6.998836575370029,7.037471375725969,622060000
2018-10-02,7.094929218292236,7.250458530825907,7.072639889324717,7.138764835612138,383964000
2018-10-03,7.101120471954346,7.172693751697925,6.997103762678176,7.165263818045466,320552000
2018-10-04,6.9168620109558105,7.089232303552453,6.83983992928761,7.064961849861577,391220000
2018-10-05,6.683319568634033,6.954258228447809,6.625862647195452,6.892096013348278,426636000
2018-10-08,6.582026481628418,6.71551443759899,6.441108593142441,6.6001055589481545,408612000
2018-10-09,6.576331615447998,6.656077396879092,6.508473066511357,6.56147174817955,273500000
2018-10-10,6.084728717803955,6.516150462653945,6.082499596022799,6.470333247557232,684940000
2018-10-11,5.823201656341553,6.131041561340068,5.8016553665616,5.997553101438366,725436000
2018-10-12,6.105779647827148,6.180077568316361,5.935142945429617,6.080271106089191,608236000
2018-10-15,5.829392910003662,6.092406625842798,5.828402346595804,6.092406625842798,449760000
2018-10-16,6.088196277618408,6.099340942425173,5.8927935955533615,5.942077548983793,408712000
2018-10-17,6.019595623016357,6.1884992254729685,5.970559184697679,6.150359458532834,329668000
2018-10-18,5.9321699142456055,6.1273250388130425,5.871741306766248,6.088938234268209,524020000
2018-10-19,5.675595760345459,6.006963018891538,5.639190081324528,5.987398332065419,613608000
2018-10-22,5.7263665199279785,5.827906586779276,5.623588366961172,5.727852601163914,368844000
2018-10-23,5.474745750427246,5.552262888146131,5.36701383045677,5.459142841407292,626436000
2018-10-24,4.938563823699951,5.4829178213294165,4.924694992215334,5.436358037810588,884288000
2018-10-25,5.147341251373291,5.194644084403685,4.796656255326789,4.8409873977811415,951720000
2018-10-26,4.910828113555908,5.073044379781334,4.782788421777426,4.911323159236278,664784000
2018-10-29,4.597043037414551,5.055459466934435,4.35904280426076,5.0519922586061154,758016000
2018-10-30,5.027472972869873,5.037379550666025,4.597042276379911,4.620074644621499,807192000
2018-10-31,5.221390247344971,5.264978341200831,5.052486678885793,5.192166502945224,745772000
2018-11-01,5.4016852378845215,5.411096296902786,5.131241642928247,5.257795185700031,566528000
2018-11-02,5.322682857513428,5.498025326155822,5.206035401165426,5.392275011504151,452960000
2018-11-05,5.244670867919922,5.332837631227085,5.083940251391473,5.309557263673199,379332000
2018-11-06,5.227086544036865,5.3209491518387795,5.189937348354956,5.2367451270706376,299012000
2018-11-07,5.2946977615356445,5.384350132103305,5.230058889843961,5.293707198071008,483812000
2018-11-08,5.101523399353027,5.236249457172779,5.048028729178163,5.2355064165961185,511352000
2018-11-09,5.093597412109375,5.183992799896752,4.9789315724393886,5.01261308334997,413240000
2018-11-12,4.694124698638916,5.0242539023239985,4.672330415819614,5.00221209676428,617116000
2018-11-13,4.936087131500244,5.0574398781904035,4.785758163668603,4.791950011125851,644712000
2018-11-14,4.883583068847656,5.1235643739854275,4.775604117475924,5.109200026041026,526580000
2018-11-15,5.01236629486084,5.084435092938538,4.8417291214457245,4.877639759111964,840708000
2018-11-16,4.072253227233887,4.226544435945658,4.002413085887733,4.0447630894876525,1963520000
2018-11-19,3.583622455596924,4.007614005727063,3.581888851770885,4.006871437548716,1697820000
2018-11-20,3.692096710205078,3.8203838581200036,3.301538937495071,3.320113296845456,1692032000
2018-11-21,3.5838704109191895,3.8461410828758407,3.5566280280522804,3.8293003242207058,1025496000
2018-11-23,3.591052293777466,3.7047275825885855,3.5363197735557215,3.5491980413944635,411968000
2018-11-26,3.7904179096221924,3.80081953360021,3.629687311092119,3.7121577346649683,814832000
2018-11-27,3.8072586059570312,3.888490705898638,3.72850315059442,3.764413552246549,738060000
2018-11-28,3.964273691177368,3.969474502368306,3.792398454420789,3.924895850805073,804524000
2018-11-29,3.9010586738586426,4.003691907112057,3.8708141298555643,3.966506007857268,549172000
2018-11-30,4.051537036895752,4.062196837468503,3.8604008642457814,3.910725913254747,729564000
2018-12-03,4.215404033660889,4.330432877684511,4.148469133745996,4.27886825607698,890804000
2018-12-04,3.894859790802002,4.175737759124625,3.879737287472315,4.170779514802347,812112000
2018-12-06,3.9241135120391846,3.9290715208765,3.738679347649496,3.754297394656939,692308000
2018-12-07,3.659348726272583,3.9384916186861436,3.6100154673684206,3.9283273587357552,681676000
2018-12-10,3.7647087574005127,3.7894995064508104,3.6107587211983505,3.6144774044825265,629472000
2018-12-11,3.673727512359619,3.8646154478527586,3.594645256199173,3.856434532954165,671912000
2018-12-12,3.69132924079895,3.787516883141969,3.5901833531322156,3.6794296411597522,654136000
2018-12-13,3.6910815238952637,3.8023916813656453,3.6551351881633685,3.738183912481818,471384000
2018-12-14,3.630592107772827,3.733225325873302,3.607040915630101,3.6494328250648613,471820000
2018-12-17,3.5594427585601807,3.6727360149747184,3.5014325656201577,3.6005953431535125,662868000
2018-12-18,3.6427390575408936,3.7267793190664302,3.576052179581129,3.603321816101931,564372000
2018-12-19,3.4337544441223145,3.6625723304135414,3.382189823389399,3.6090243641054487,745364000
2018-12-20,3.3492178916931152,3.515315316189248,3.2894723634968916,3.4253252500893248,749588000
2018-12-21,3.212125778198242,3.408715767879333,3.184608130322889,3.3757440972289046,863740000
2018-12-24,3.1503965854644775,3.2222894778505826,3.0864366008025543,3.1357700947550464,463840000
2018-12-26,3.2996366024017334,3.3006281568249354,3.0854452431294224,3.196507376880517,695100000
2018-12-27,3.2517905235290527,3.2817872916399278,3.103294487493364,3.247328292083691,637044000
2018-12-28,3.3132717609405518,3.4059889685610223,3.230471044610633,3.272367180055687,628728000
2018-12-31,3.3095529079437256,3.389130707577157,3.278812356119745,3.356655053696355,465140000
2019-01-02,3.3769824504852295,3.433009280725113,3.2240242248814694,3.238650712908293,508752000
2019-01-03,3.1729564666748047,3.3507054977541753,3.165519334999033,3.3167422733245417,705552000
2019-01-04,3.376239538192749,3.4144169818756085,3.215348139631183,3.2460884527348273,585620000
2019-01-07,3.5549802780151367,3.591918398829612,3.382189272611675,3.43350611455478,709160000
2019-01-08,3.466477870941162,3.638773115344162,3.393841183709454,3.6365417630672487,786016000
2019-01-09,3.5346522331237793,3.5820023877661367,3.4672215634745385,3.5177943883948593,617260000
2019-01-10,3.6003472805023193,3.60902397316226,3.4548261413772305,3.5153154560127566,523156000
2019-01-11,3.689593553543091,3.71240095974809,3.550269993885523,3.5780354085235424,874764000
2019-01-14,3.7295069694519043,3.754793502372004,3.6137345803819314,3.637285774592915,730168000
2019-01-15,3.7153759002685547,3.801647281182915,3.697030725093578,3.7622300379858937,617012000
2019-01-16,3.6898415088653564,3.775617115928141,3.684387722957906,3.742645684392983,470104000
2019-01-17,3.7612388134002686,3.8011518373038555,3.6296003784225475,3.6568702549730676,493436000
2019-01-18,3.8903980255126953,3.916428340056704,3.7595033779921327,3.811067993420753,651336000
2019-01-22,3.688106060028076,3.871804874593101,3.657861522351456,3.8601532826546614,661552000
2019-01-23,3.7009966373443604,3.832139264372803,3.6697605501057455,3.7433887739966027,591020000
2019-01-24,3.912956953048706,3.930558105677471,3.780822768196953,3.785533005729498,708972000
2019-01-25,3.970224380493164,3.9883215524618927,3.7508272007830743,3.8534604320864054,1154572000
2019-01-28,3.421358108520508,3.511348162757876,3.247575805469454,3.3851637759657707,2511528000
2019-01-29,3.2624502182006836,3.4235896204200875,3.2478237277077726,3.3752476815432093,1153932000
2019-01-30,3.4059886932373047,3.4203671788864196,3.2589799843642315,3.338558023729748,974228000
2019-01-31,3.56365704536438,3.5993556057019305,3.380949782690653,3.402765635236416,842852000
2019-02-01,3.587952136993408,3.6390209782231056,3.5346524162744193,3.5822503437925555,625048000
2019-02-04,3.698270082473755,3.7354559715584528,3.5817539341611235,3.603817555380121,528592000
2019-02-05,3.717359781265259,3.75404990281436,3.6764551979518942,3.7101704192216434,542424000
2019-02-06,3.792971134185791,3.8574269087437347,3.7451251987562206,3.750578985234241,702464000
2019-02-07,3.6546385288238525,3.7488430529325694,3.611750845807799,3.746611937324655,637120000
2019-02-08,3.673231840133667,3.6838916413500185,3.5730775132556327,3.5874559982311216,461604000
2019-02-11,3.630592107772827,3.683396048547904,3.5822501621722687,3.629104539625841,495180000
2019-02-12,3.747603416442871,3.763221698228791,3.654638455410912,3.6690171760124177,591060000
2019-02-13,3.7899961471557617,3.8631286134530747,3.763470053813293,3.777104992539891,605372000
2019-02-14,3.8309006690979004,3.859162100657443,3.745868604000875,3.7890045354396915,827264000
2019-02-15,3.900562286376953,4.062445020815011,3.8777548785081706,4.039637849368373,1516748000
2019-02-19,3.8832082748413086,3.963778096574503,3.87081313588739,3.8899018579278906,551892000
2019-02-20,3.930558919906616,3.997741583936579,3.9013061707790304,3.912461749959552,540988000
2019-02-21,3.8616411685943604,3.9677450725094796,3.8470146748676446,3.9432025602930296,448548000
2019-02-22,3.9464244842529297,3.965265435947853,3.8998181186262215,3.9134530552089353,401740000
2019-02-25,3.9340291023254395,4.097399378735154,3.9253521745854862,4.0299689568238275,656020000
2019-02-26,3.8946125507354736,3.985346406465536,3.8611451042377856,3.929319558557759,488464000
2019-02-27,3.8527164459228516,3.9067599488154197,3.795697806692139,3.8802340928291845,500256000
2019-02-28,3.8281474113464355,3.8688461113909423,3.8058130272965878,3.8465114906753386,324944000
2019-03-01,3.8824961185455322,3.924683457274521,3.819711043673783,3.8780290512297486,357188000
2019-03-04,3.8906853199005127,3.943791944150779,3.834104204905719,3.920961030205286,409992000
2019-03-05,3.884233236312866,3.922450032520482,3.820703610930234,3.8750510759260504,362924000
2019-03-06,3.7733042240142822,3.8837362685121835,3.770574520786706,3.8752988964152246,403524000
2019-03-07,3.7040677070617676,3.7594079903556543,3.657909585016448,3.7497295408412423,450104000
2019-03-08,3.7383134365081787,3.7489844603728097,3.593386642546014,3.614728690275275,422416000
2019-03-11,3.9988834857940674,4.021714160378522,3.7147378155242583,3.7618887391202787,859728000
2019-03-12,4.033131122589111,4.079537035556155,3.95049285149797,4.0266786648870605,579576000
2019-03-13,4.184509754180908,4.2137928933691935,4.0631583919516565,4.07060342632098,768900000
2019-03-14,4.108572006225586,4.205603580882713,4.100878946410553,4.193691715792876,519384000
2019-03-15,4.214040279388428,4.256723901168707,4.148277009826492,4.151751263614789,661484000
2019-03-18,4.192698001861572,4.299407760456572,4.165648050280749,4.245556356360159,486992000
2019-03-19,4.3604559898376465,4.404877217207409,4.270373406211956,4.287248152364877,854972000
2019-03-20,4.327946662902832,4.4428455392717945,4.2932036509999785,4.389490655990729,719148000
2019-03-21,4.564693450927734,4.590998856980265,4.346062985080759,4.351026340687899,824312000
2019-03-22,4.404877662658691,4.586035898002233,4.390980644422111,4.537396334174202,747644000
2019-03-25,4.312561988830566,4.428453480305093,4.246302644297923,4.364179762448981,525212000
2019-03-26,4.389242649078369,4.510345483093209,4.332909563202776,4.454260896302469,703508000
2019-03-27,4.380061626434326,4.461210561983464,4.310576530958226,4.414804647504089,474372000
2019-03-28,4.3986735343933105,4.464436342674858,4.345566668184602,4.406118094828707,480264000
2019-03-29,4.455998420715332,4.480318673320571,4.415051921189798,4.4654286068279845,456896000
2019-04-01,4.523498058319092,4.553773764393231,4.476099110012129,4.547817833471747,483824000
2019-04-02,4.541367530822754,4.5857887713949435,4.504639824947739,4.547571963750683,440920000
2019-04-03,4.68083381652832,4.7398966173094035,4.586035893648766,4.590999249680457,783504000
2019-04-04,4.671900272369385,4.714335878849581,4.609115189644148,4.665447814698832,457376000
2019-04-05,4.738654136657715,4.7560258776180335,4.67859925047417,4.715078912494597,481744000
2019-04-08,4.759500980377197,4.784565310046856,4.684059492263796,4.708131245510641,424192000
2019-04-09,4.696714878082275,4.737165316776078,4.654527312696067,4.7259980061346845,439972000
2019-04-10,4.767193794250488,4.79300267580595,4.691504750071763,4.695971580854121,444772000
2019-04-11,4.753296852111816,4.801192335882871,4.703912740277553,4.769675547460373,374600000
2019-04-12,4.715327262878418,4.79598012337253,4.7066416284660155,4.7920093447847565,471708000
2019-04-15,4.583553791046143,4.712598195926281,4.5438478931340445,4.707634840354359,440092000
2019-04-16,4.670657634735107,4.689518003159528,4.590005254146283,4.622762636497848,394964000
2019-04-17,4.6478271484375,4.7264943797261205,4.6254925256324,4.705648857996442,351004000
2019-04-18,4.623260021209717,4.6885267790091465,4.595465985340152,4.654528784894651,380988000
2019-04-22,4.677110195159912,4.692744336178638,4.568167259490763,4.599683567259181,279936000
2019-04-23,4.731705665588379,4.7629744208895,4.680584438559012,4.690262648692707,346856000
2019-04-24,4.744113922119141,4.784812387377058,4.681328860837998,4.7421282963354745,318204000
2019-04-25,4.638396263122559,4.726245639996119,4.558736467595059,4.703911020565113,499296000
2019-04-26,4.4195170402526855,4.489002570313442,4.300647420111964,4.484535268096744,868988000
2019-04-29,4.450291633605957,4.478085671094279,4.3552452080308965,4.42746047900362,391920000
2019-04-30,4.49173641204834,4.517296807186374,4.398923602651362,4.418032010860884,362920000
2019-05-01,4.478580951690674,4.586283290364905,4.478332452616644,4.544095720899642,354280000
2019-05-02,4.546081066131592,4.58777211254692,4.445079204876653,4.488259352472984,394684000
2019-05-03,4.541615009307861,4.5644456890902845,4.480070532216394,4.554519450633652,336824000
2019-05-06,4.463194370269775,4.475354257024306,4.3180193330336785,4.355243543778582,422176000
2019-05-07,4.295933723449707,4.4148033756299,4.247790222121525,4.4148033756299,555220000
2019-05-08,4.31603479385376,4.39619113153443,4.256475953533578,4.268387816263933,419168000
2019-05-09,4.223470211029053,4.256724122828362,4.104601025463672,4.247045911532932,660248000
2019-05-10,4.189473628997803,4.258214654188327,4.069859379315772,4.192699858290354,569500000
2019-05-13,3.932128667831421,4.080529739066469,3.916246260731636,4.0574505607810405,656912000
2019-05-14,4.021217346191406,4.056456401002324,3.9331197091641124,3.9718327803188993,524880000
2019-05-15,3.960170269012451,3.996649933438713,3.9063190991459917,3.965629675389673,502320000
2019-05-16,3.9753079414367676,4.017992036732393,3.9122750848156906,3.954710681031383,781088000
2019-05-17,3.8844807147979736,4.062661177030915,3.845023085268538,3.933368765828099,1022068000
2019-05-20,3.765859842300415,3.840804806416889,3.7410435381120637,3.7857127909847694,572064000
2019-05-21,3.848001718521118,3.863884126361755,3.787946578352127,3.8266599030888346,361848000
2019-05-22,3.777026891708374,3.8353448948121587,3.766107605028576,3.8092879902335954,325868000
2019-05-23,3.6559228897094727,3.714737166053591,3.596115800586641,3.714737166053591,591844000
2019-05-24,3.6020724773406982,3.710022843642258,3.595371995524703,3.674783781003165,357584000
2019-05-28,3.5569071769714355,3.6524496356158997,3.554921787536733,3.6196922482710323,428356000
2019-05-29,3.4827070236206055,3.544251023971281,3.447964244283567,3.509260218852775,559800000
2019-05-30,3.456122875213623,3.521712423887185,3.417862226175406,3.4859362848892492,394300000
2019-05-31,3.365440845489502,3.4745083945267075,3.3637017354912766,3.4071797223828777,389720000
2019-06-03,3.323702573776245,3.415378796052346,3.294386009451813,3.3766212801384192,478644000
2019-06-04,3.5527687072753906,3.5579860371069967,3.3656892861228087,3.3878008606857044,641836000
2019-06-05,3.510035991668701,3.6320227028941674,3.47376299308284,3.6265568274442597,511616000
2019-06-06,3.5721471309661865,3.5967432137193844,3.511774906305069,3.514259416547438,408140000
2019-06-07,3.614879846572876,3.6491651888373178,3.5589795487183062,3.5781099939735763,348856000
2019-06-10,3.6876742839813232,3.7562452035078784,3.671028349531437,3.671028349531437,402780000
2019-06-11,3.7453129291534424,3.78531268584867,3.7058102639903496,3.747548893304424,383872000
2019-06-12,3.6322712898254395,3.7080472036797385,3.6171161544417734,3.7018359272530104,358892000
2019-06-13,3.6834499835968018,3.701834787513184,3.636742099605151,3.654381740128526,308080000
2019-06-14,3.593513250350952,3.614631113229708,3.5487932513234184,3.5902835766319567,394428000
2019-06-17,3.603203058242798,3.6402214579436385,3.568917477844236,3.5917744524646253,276040000
2019-06-18,3.798232078552246,3.853635278762845,3.6536369572868836,3.664568469860511,581920000
2019-06-19,3.8041954040527344,3.844940332977674,3.778108518159216,3.8335119639874926,331644000
2019-06-20,3.8285422325134277,3.908790057178576,3.814132501040221,3.8948771803167332,350168000
2019-06-21,3.770406723022461,3.8628285701365805,3.7639471379267415,3.8136363998544027,434428000
2019-06-24,3.792766809463501,3.8223319153064,3.7445683490329396,3.7917731000533736,282948000
2019-06-25,3.7634503841400146,3.8727664789891985,3.7607175646963733,3.797735966312084,311868000
2019-06-26,3.956740140914917,4.017857999583035,3.8779831134734057,3.890902281694261,584072000
2019-06-27,4.055373191833496,4.074503399227054,4.006429335736305,4.042454023040567,445440000
2019-06-28,4.080219268798828,4.108542126655406,4.033511597472698,4.099349482984611,397668000
2019-07-01,4.128416538238525,4.321706990830215,4.090901047645877,4.287421411109125,709756000
2019-07-02,4.030527591705322,4.132887208056001,4.017360117227475,4.111769113259684,400228000
2019-07-03,4.043447494506836,4.059596573016038,3.9835723656335356,4.053882152471348,246636000
2019-07-05,3.980839729309082,3.9895352780116817,3.917485904336583,3.9850633492320395,396552000
2019-07-08,3.905809164047241,3.9400947426650323,3.875747442475692,3.9212128435384774,329788000
2019-07-09,3.9082932472229004,3.936367547040998,3.850902392576145,3.863573014586394,342860000
2019-07-10,3.976616382598877,4.0340070079790475,3.9378588740593776,3.9517717529394187,452076000
2019-07-11,4.1311492919921875,4.1718942189385295,4.0123922569733725,4.049658964227611,682560000
2019-07-12,4.164191246032715,4.235246895387455,4.158973917914142,4.158973917914142,506392000
2019-07-15,4.155745983123779,4.201459940025243,4.127423602088559,4.185311330386001,289840000
2019-07-16,4.151022911071777,4.178103255141008,4.095370948801939,4.140836565749851,341444000
2019-07-17,4.216366291046143,4.223322730665828,4.123447591701021,4.152764151204527,348204000
2019-07-18,4.228041172027588,4.290897884645644,4.170153478132536,4.22679915428269,442192000
2019-07-19,4.184813022613525,4.2727626904604925,4.1788502931093365,4.266303343256201,344896000
2019-07-22,4.256364822387695,4.269283989209978,4.198725426267375,4.206178955774313,315940000
2019-07-23,4.364190578460693,4.366177997005154,4.279967438837135,4.295619899958281,428176000
2019-07-24,4.438724994659424,4.44443941661251,4.331396786930893,4.4074210130505955,366236000
2019-07-25,4.307544708251953,4.409904341038965,4.284190882761843,4.39723348212656,392700000
2019-07-26,4.349531173706055,4.396238814503891,4.334624590740554,4.334624590740554,274160000
2019-07-29,4.343320846557617,4.359469923833802,4.255122878283953,4.342327137380465,248160000
2019-07-30,4.358972549438477,4.3711463153442445,4.282451261301873,4.296861228114971,197772000
2019-07-31,4.191769123077393,4.3284143252014635,4.149533402256762,4.327420142137795,359416000
2019-08-01,4.097360134124756,4.292637970423486,4.045186373406644,4.202203799351424,421212000
2019-08-02,4.004689693450928,4.074006239767578,3.9572368815028436,4.004689693450928,428348000
2019-08-05,3.746307134628296,3.8223313426400565,3.699350936463408,3.821089087595534,589156000
2019-08-06,3.785064220428467,3.866554299337405,3.7373628610752765,3.821088904182659,361272000
2019-08-07,3.8233249187469482,3.8352503772102997,3.706804100698316,3.724195196844107,372560000
2019-08-08,3.931896924972534,3.933139180395849,3.8235747635810244,3.8809656372965997,309300000
2019-08-09,3.8305306434631348,3.8943810938681445,3.7800962179549016,3.8909028739666085,341816000
2019-08-12,3.762704372406006,3.8305298839739783,3.740841110976979,3.7783563588595577,279200000
2019-08-13,3.8769896030426025,3.9229520974003353,3.7222083497157232,3.761214167611439,351956000
2019-08-14,3.7284188270568848,3.7999711041685047,3.684692540793524,3.7887910460613194,419880000
2019-08-15,3.6961212158203125,3.767176644239833,3.6618358751868536,3.747301036378363,477200000
2019-08-16,3.96419358253479,4.013385507277069,3.8976100874493658,3.9589762535933977,1007960000
2019-08-19,4.242949962615967,4.258850736030976,4.061336640774331,4.077485723093214,815112000
2019-08-20,4.170651912689209,4.237980574292115,4.149533813251325,4.2374834827110455,463188000
2019-08-21,4.254129886627197,4.309284789315911,4.215124065737307,4.236738786477051,427244000
2019-08-22,4.260339736938477,4.306301979946658,4.221085148604145,4.263817955610752,303488000
2019-08-23,4.035745143890381,4.238228187022557,4.015869539733784,4.183818702873682,568056000
2019-08-26,4.110527992248535,4.138602530545175,4.072267578338995,4.114503303275129,318208000
2019-08-27,4.019844055175781,4.151519728971995,3.990527509301866,4.148786910945052,290968000
2019-08-28,4.009401321411133,4.062123853700246,3.9541918190476877,3.993485282144662,255612000
2019-08-29,4.153144359588623,4.185474015673862,4.097437284155335,4.100918946723606,357976000
2019-08-30,4.16582727432251,4.24913909537312,4.147672823226955,4.199400652267596,290616000
2019-09-03,4.082763671875,4.126035890590796,4.059884315139665,4.09296010286523,296140000
2019-09-04,4.196913719177246,4.204374628010244,4.143445058393143,4.143445058393143,227728000
2019-09-05,4.469976425170898,4.47619361108843,4.297384649844014,4.299125480874559,695676000
2019-09-06,4.442869663238525,4.5035502065782005,4.404819927731002,4.446599880651899,376976000
2019-09-09,4.488877296447754,4.575422227704875,4.472463676193276,4.473955952854855,417524000
2019-09-10,4.5555267333984375,4.5821363113629685,4.446350999984583,4.456049849152838,352812000
2019-09-11,4.584126949310303,4.63237312302588,4.541103270212947,4.570200296995046,361512000
2019-09-12,4.5826334953308105,4.68534300411401,4.574675478100688,4.630631102023406,327840000
2019-09-13,4.524688720703125,4.553039603252605,4.480918912152651,4.515984564789809,324592000
2019-09-16,4.481665134429932,4.516233204088188,4.439139046979034,4.449584034270801,231832000
2019-09-17,4.503052234649658,4.507280034934073,4.441874119348141,4.488379448135824,223048000
2019-09-18,4.475944519042969,4.511756306315904,4.389400077978017,4.496088827261823,258152000
2019-09-19,4.400343894958496,4.5003179031757075,4.389649876932377,4.481914420746016,245476000
2019-09-20,4.294650554656982,4.422975472877902,4.284454592917902,4.399349966186189,350244000
2019-09-23,4.348116874694824,4.393627505954004,4.291166565556884,4.294897256211462,249712000
2019-09-24,4.290670871734619,4.4090478835043925,4.25510810470205,4.3794537491471965,317268000
2019-09-25,4.432424068450928,4.45207079453201,4.245408050238086,4.290172550436639,308432000
2019-09-26,4.410290241241455,4.431429243188591,4.3593085562806975,4.42272508778121,234564000
2019-09-27,4.271521091461182,4.419243660966023,4.210840080665567,4.3685105279319885,362056000
2019-09-30,4.328968524932861,4.3391649573473305,4.26604957361088,4.297385009121314,186184000
2019-10-01,4.327228546142578,4.501312646724245,4.3225036353085935,4.3520977711315325,366008000
2019-10-02,4.303353786468506,4.317280436348218,4.2309845385513425,4.305343172353911,293372000
2019-10-03,4.509021759033203,4.51523894620959,4.2774902364086245,4.307830508275811,450588000
2019-10-04,4.525435924530029,4.554781506902025,4.446103335376834,4.511260242747029,265524000
2019-10-07,4.584126949310303,4.683851930785341,4.5816399793481475,4.590344137045182,480984000
2019-10-08,4.40755558013916,4.492359210475812,4.389401127543962,4.492359210475812,444436000
2019-10-09,4.494098663330078,4.543588540685991,4.455551829187317,4.484399816144153,292412000
2019-10-10,4.5517964363098145,4.6027781304495905,4.486639536337521,4.491862030522236,309124000
2019-10-11,4.625409126281738,4.708720473400981,4.616953524504496,4.635854114003878,446404000
2019-10-14,4.638838291168213,4.659728267054926,4.585618184116955,4.616704593283885,200040000
2019-10-15,4.883551597595215,4.956169897238139,4.715187550054449,4.72911467863522,664124000
2019-10-16,4.829832553863525,4.9544272054000045,4.818392874224492,4.84947927986465,428944000
2019-10-17,4.831821918487549,4.91936104944137,4.777358101202612,4.874347999405912,263436000
2019-10-18,4.737320423126221,4.8648991788332,4.662961779081986,4.832320490182595,307440000
2019-10-21,4.874598026275635,4.888027568695864,4.779846513962463,4.798747105488193,261868000
2019-10-22,4.864648818969727,5.036742990763897,4.856939357536594,4.9315465285802,328720000
2019-10-23,4.851717472076416,4.865892675072361,4.750748797035595,4.782581339461472,279916000
2019-10-24,4.8957343101501465,4.929307198846661,4.8589278406482395,4.892998312778061,232020000
2019-10-25,5.08673095703125,5.107620931006642,4.968602518136838,4.976311981057411,423092000
2019-10-28,5.14268684387207,5.195160336109903,5.10115497411625,5.130500550761334,330792000
2019-10-29,5.04644250869751,5.13522536711075,5.0270448124093505,5.128759152120772,211236000
2019-10-30,5.048434257507324,5.079023567033763,4.98029278529512,5.073303487583644,205960000
2019-10-31,4.999190807342529,5.048431658318688,4.919361136929717,5.027541686572596,209732000
2019-11-01,5.038235187530518,5.070564834648581,4.938758328587022,4.963876097911417,283640000
2019-11-04,5.234951019287109,5.247385867333541,5.09618162521197,5.119309541330526,376716000
2019-11-05,5.212817668914795,5.260814805613796,5.164820057874853,5.234702336865044,300868000
2019-11-06,5.163577556610107,5.214310224843128,5.0760379234743285,5.188695336038116,269012000
2019-11-07,5.181232929229736,5.2647932915001965,5.1364684325012435,5.250120505321007,280340000
2019-11-08,5.167306900024414,5.1988908907377365,5.126770198629659,5.164322821244246,189100000
2019-11-11,5.177255153656006,5.200383070318119,5.0802652339781655,5.166561136650646,243436000
2019-11-12,5.212817668914795,5.26877329790565,5.180487539124105,5.215553193115959,283504000
2019-11-13,5.186954021453857,5.209087245194441,5.120553401550179,5.181482498429327,300188000
2019-11-14,5.2172932624816895,5.219531677050822,5.135971314916239,5.19590570695983,518080000
2019-11-15,5.0780253410339355,5.26678166513906,4.9897396119647475,5.215053854355584,1053628000
2019-11-18,5.279219150543213,5.305828732957794,5.067582892988016,5.070566972330775,574588000
2019-11-19,5.172529697418213,5.271757556385431,5.114336125889442,5.248132056380267,414564000
2019-11-20,5.251862049102783,5.335670977364485,5.13696671326512,5.149650115550484,472588000
2019-11-21,5.226993560791016,5.303093036487459,5.205357444648713,5.2473864291660375,288388000
2019-11-22,5.244650840759277,5.296129646099661,5.221024864399534,5.249624306108858,224100000
2019-11-25,5.501299858093262,5.506273797518019,5.359794459543421,5.372726417443207,506476000
2019-11-26,5.396599769592285,5.488366702551608,5.390133554882929,5.483641318826945,385244000
2019-11-27,5.431443214416504,5.476489490194554,5.405062737577762,5.442145122688888,215784000
2019-11-29,5.394111156463623,5.428953468775326,5.370219013912225,5.40058214285917,141556000
2019-12-02,5.207705020904541,5.400583371427015,5.192523927668455,5.387143919511813,372036000
2019-12-03,5.16813325881958,5.1721149662184756,4.986703542784489,5.024034660449171,465232000
2019-12-04,5.211935043334961,5.274153732856538,5.183314503117947,5.251754966653496,273424000
2019-12-05,5.195010185241699,5.249513705755361,5.164398326308204,5.233834669336596,184884000
2019-12-06,5.280375003814697,5.313226935848196,5.254243270631001,5.264198487857676,232236000
2019-12-09,5.280375003814697,5.335127749179644,5.24876818597086,5.257478763698759,211880000
2019-12-10,5.325422286987305,5.37718828257954,5.257728037148495,5.3104894596265915,256388000
2019-12-11,5.40904426574707,5.414519826084976,5.333386594889991,5.335875399645226,233796000
2019-12-12,5.576536655426025,5.5947045015481045,5.37121526284886,5.38017457953969,404348000
2019-12-13,5.574545860290527,5.698734503784872,5.520539797455136,5.57952346947821,454704000
2019-12-16,5.603415489196777,5.67583814092192,5.593958221025733,5.622081287471226,320976000
2019-12-17,5.6815619468688965,5.704209451026532,5.612623532829805,5.622080800181148,321196000
2019-12-18,5.7119245529174805,5.7724011259536825,5.707942370760209,5.716404211162584,343548000
2019-12-19,5.860006809234619,5.873446263128524,5.741542428293087,5.74652003897165,445360000
2019-12-20,5.957314491271973,5.982699535294677,5.907290617285012,5.9264538879845015,603044000
2019-12-23,5.943626880645752,6.018040379091792,5.932925448481276,5.985935607907442,355060000
2019-12-24,5.938650131225586,5.95582255253584,5.893852592971181,5.92819743559169,138864000
2019-12-26,5.952835559844971,5.9809581495862005,5.923219117731929,5.942133652719928,182852000
2019-12-27,5.895096778869629,5.981456354930958,5.868715829045477,5.968016904612984,254644000
2019-12-30,5.781859397888184,5.878422941090015,5.750501310032704,5.873196593114103,258056000
2019-12-31,5.856021881103516,5.865479146317233,5.727353611413483,5.746516879830778,231004000
2020-01-02,5.970754146575928,5.970754146575928,5.891363512424235,5.941884868219942,237536000
2020-01-03,5.875186443328857,5.918988548422026,5.826157991152776,5.851045561653233,205384000
2020-01-06,5.899824142456055,5.905050488955514,5.755726032004728,5.781857764502028,262636000
2020-01-07,5.971252918243408,6.017045883969803,5.88315121870379,5.928197495492935,314856000
2020-01-08,5.982452869415283,6.023766180121243,5.926953891631272,5.9670225624269575,277108000
2020-01-09,6.048153877258301,6.120576516953265,5.994397032737195,6.06881052602453,255112000
2020-01-10,6.080507278442383,6.185781374034128,6.066321616134521,6.155418721169793,316296000
2020-01-13,6.27114725112915,6.296283564365258,6.140985551163511,6.163633534107025,319840000
2020-01-14,6.1541748046875,6.253724606953968,6.140984093935381,6.22833908695966,359088000
2020-01-15,6.111617565155029,6.189266562204564,6.085734566138518,6.166867794798315,263104000
2020-01-16,6.195240497589111,6.20121353474369,6.141732375985483,6.165126573719657,284192000
2020-01-17,6.20395040512085,6.221869514641433,6.156415325826517,6.2144031003351135,253792000
2020-01-21,6.170601844787598,6.204199999194537,6.136505739519911,6.16736635092024,217916000
2020-01-22,6.224606513977051,6.311214823727861,6.196981400554024,6.215895935392397,239240000
2020-01-23,6.2930474281311035,6.301509269273523,6.175827715920401,6.264676098533878,244516000
2020-01-24,6.233814716339111,6.458299843381298,6.179559919221518,6.408524704344975,373512000
2020-01-27,5.97797155380249,6.0289908580944,5.779618159624937,5.929191841222907,470536000
2020-01-28,6.1713480949401855,6.203701607240368,5.99066457305883,6.043923950276957,310976000
2020-01-29,6.110870838165283,6.192999486865854,6.071050441358389,6.156912534107337,258848000
2020-01-30,6.117590427398682,6.131029877336464,5.9580619920465185,6.013063007373622,290504000
2020-01-31,5.884145736694336,6.083743301311046,5.842334960195534,6.071797229542552,370420000
2020-02-03,5.981207370758057,6.000619381873088,5.8597562708457405,5.865978044936921,255564000
2020-02-04,6.150442123413086,6.169605872146606,6.073042338363258,6.123066221076983,271544000
2020-02-05,6.240783214569092,6.281598562985633,6.157409927409583,6.27139460720877,208220000
2020-02-06,6.327641010284424,6.327641010284424,6.193995566539658,6.275128796942113,218284000
2020-02-07,6.261438846588135,6.309720600463684,6.236053330289599,6.287570576874128,189752000
2020-02-10,6.54465913772583,6.545405351799179,6.27910946084505,6.284087069479362,529608000
2020-02-11,6.667105674743652,6.781837046465361,6.59095006078048,6.652920011237149,638556000
2020-02-12,6.782834529876709,6.789305518484425,6.681044625892924,6.719869133466022,374644000
2020-02-13,6.7390313148498535,6.806227621791376,6.6974692706660415,6.724845649351327,528016000
2020-02-14,7.212141990661621,7.341059034322316,7.117818524879411,7.149176609223402,1041924000
2020-02-18,7.380878448486328,7.399295506798921,7.089446230395402,7.108858240876231,620164000
2020-02-19,7.832087993621826,7.849758362409394,7.503324670683781,7.503324670683781,694332000
2020-02-20,7.682764053344727,7.872406404086642,7.375403572712378,7.784055978174739,810052000
2020-02-21,7.318660259246826,7.595658094730664,7.2337940614080205,7.570521784732128,768180000
2020-02-24,6.801248073577881,7.0150317449623065,6.669842252847712,6.724345781914618,856916000
2020-02-25,6.521762847900391,6.9383791289907055,6.419972975741394,6.876409179119824,1055496000
2020-02-26,6.661131381988525,6.855253824367376,6.520517514289085,6.522010416956391,747732000
2020-02-27,6.290337562561035,6.648931757628924,6.197949714649713,6.347612889037351,906416000
2020-02-28,6.7253804206848145,6.784897141438854,6.021141893667339,6.037826334431292,1133252000
2020-03-02,6.883759498596191,6.912646518267532,6.4995162543980625,6.895463828543595,890744000
2020-03-03,6.621289253234863,6.999307023640766,6.535874048383483,6.939541411420156,652792000
2020-03-04,7.084970474243164,7.09443339761163,6.653910399827267,6.728617764574341,597408000
2020-03-05,6.805567264556885,7.052349501241793,6.760991819623863,6.885503641255886,540328000
2020-03-06,6.625024318695068,6.683545020586872,6.424809118163866,6.626020340965271,515412000
2020-03-09,6.112036228179932,6.459673198416253,5.931245111708743,5.9740769221666445,614160000
2020-03-10,6.501508712768555,6.501508712768555,6.125732346102121,6.38845186990878,580648000
2020-03-11,6.137686252593994,6.389947352624878,6.040567173005976,6.361558574367237,499964000
2020-03-12,5.386630535125732,5.879946119674955,5.3739301811778155,5.614486920815418,816540000
2020-03-13,5.997486114501953,6.001968453269263,5.468809052368044,5.73999553502742,634836000
2020-03-16,4.8908233642578125,5.630423762094132,4.8310577571051,5.289510107058595,726972000
2020-03-17,5.410536766052246,5.499936546857381,4.756351898864725,5.003134146835945,833632000
2020-03-18,5.05069637298584,5.228001143281701,4.499358442377343,4.982962115786236,874268000
2020-03-19,5.303457736968994,5.397090507451132,4.815869307210959,5.02928222158514,765512000
2020-03-20,5.123661518096924,5.735512301243073,5.108221984216086,5.453617551932971,804636000
2020-03-23,5.296483516693115,5.390863877993336,4.943617068293397,5.122665029285088,643876000
2020-03-24,6.205169677734375,6.29183025625637,5.678983086676754,5.702640156905498,1101644000
2020-03-25,6.116517066955566,6.519934989132951,6.067708184473197,6.32021807223545,793432000
2020-03-26,6.4058837890625,6.529897349588991,6.225590457622035,6.323705539046025,696108000
2020-03-27,6.293574333190918,6.552309772659619,6.192719592793357,6.225590704111467,638828000
2020-03-30,6.613818168640137,6.623032205750341,6.314989641822439,6.35906683290393,602252000
2020-03-31,6.564262390136719,6.858110320495774,6.418583333995227,6.653910565095111,949960000
2020-04-01,6.053016662597656,6.512714411716045,6.008441698800573,6.366288693106729,656912000
2020-04-02,6.361806392669678,6.37500451862211,6.034091325317394,6.082152604719587,675764000
2020-04-03,6.073935031890869,6.365790446984206,5.93647398835557,6.324203549888502,663212000
2020-04-06,6.683793067932129,6.72064873714971,6.298553361056934,6.356078033453487,727884000
2020-04-07,6.450459003448486,6.929082636686835,6.407377832223849,6.9054250880511185,784520000
2020-04-08,6.647685527801514,6.672587985050832,6.489555470489437,6.559531142622338,542444000
2020-04-09,6.548075199127197,6.796351649251592,6.485072167404843,6.77344171497517,525564000
2020-04-13,6.719902992248535,6.728618781540111,6.399907656900976,6.4883109339869005,398408000
2020-04-14,7.071025371551514,7.105141388817027,6.820507495955721,6.8481491312848295,530948000
2020-04-15,6.993579387664795,7.076504300320507,6.857612606318215,6.9029347084421175,366148000
2020-04-16,7.338724613189697,7.445804826857792,7.1357707407464535,7.148968864880143,745620000
2020-04-17,7.2794575691223145,7.442318827528115,7.1454828529653955,7.420902688891552,539120000
2020-04-20,7.148221969604492,7.308842295500524,7.103895896984549,7.1529536684937245,449388000
2020-04-21,6.711434841156006,7.091444608493572,6.6516692364294805,7.030185208005617,735160000
2020-04-22,7.125810146331787,7.168642425254875,6.858110065474341,6.903681049184301,483356000
2020-04-23,7.072519302368164,7.29987788446425,7.047367959603796,7.167895675399219,424160000
2020-04-24,7.211475849151611,7.2134678939758095,6.987603544141284,7.062310924747773,352328000
2020-04-27,7.397994518280029,7.557867748351384,7.321295094747298,7.345948667480106,479388000
2020-04-28,7.255551815032959,7.575298228797527,7.250073455209136,7.545415186633848,442904000
2020-04-29,7.4323601722717285,7.485153160518575,7.315069863607896,7.390275018796557,379160000
2020-04-30,7.278463363647461,7.432359986140536,7.264518100117333,7.378321614986375,375916000
2020-05-01,7.041889190673828,7.194291509256249,6.993578552435649,7.080985792503497,342096000
2020-05-04,7.253810405731201,7.267506783566804,6.994576674262659,6.994576674262659,317556000
2020-05-05,7.314820289611816,7.477432690608223,7.253809290895876,7.357901461463599,368896000
2020-05-06,7.415673732757568,7.520513027172209,7.356406373420387,7.39425806760454,323464000
2020-05-07,7.591983795166016,7.655235729230102,7.503580514583629,7.55487923001082,373732000
2020-05-08,7.781988620758057,7.788214116659685,7.629835164045799,7.663702298727556,339216000
2020-05-11,8.034001350402832,8.080817728764211,7.7483709050665075,7.777008568160704,469060000
2020-05-12,7.772027015686035,8.140581862302048,7.7623152046208865,8.091773445172167,493060000
2020-05-13,7.749614715576172,8.046948482659857,7.565087945015073,7.886577506904461,625852000
2020-05-14,7.999138355255127,8.00461671614133,7.657477485989699,7.811125227418035,602312000
2020-05-15,8.457589149475098,8.467300485063323,7.843247666290746,7.858936085271432,987660000
2020-05-18,8.716073989868164,8.881674894814699,8.646596579808966,8.726284047612651,774460000
2020-05-19,8.771111488342285,9.052009769820181,8.728528084789303,8.755920839710528,717320000
2020-05-20,8.934967041015625,9.00768188667525,8.85403418096202,8.955884932236916,587536000
2020-05-21,8.740978240966797,9.017144765603891,8.703375432354866,9.016149218326575,761068000
2020-05-22,8.990998268127441,9.057488103343827,8.679220949290434,8.790783051898014,1038764000
2020-05-26,8.68370246887207,9.14589101839165,8.638131479647026,9.120988085794831,770780000
2020-05-27,8.491955757141113,8.599035050610656,7.965519216479686,8.591315758387081,1175892000
2020-05-28,8.45385456085205,8.726285899870943,8.346524488362034,8.379395599557078,734896000
2020-05-29,8.840835571289062,8.840835571289062,8.451860639795001,8.521089170178403,745256000
2020-06-01,8.771856307983398,8.806221687857695,8.655562517360025,8.798751283519696,389876000
2020-06-02,8.790783882141113,8.802737101399384,8.624187373025636,8.761897806387676,391320000
2020-06-03,8.735248565673828,8.831620945623646,8.666020043631217,8.787793124098316,365440000
2020-06-04,8.736248016357422,8.912387299046383,8.647554448398513,8.697880093507253,424280000
2020-06-05,8.889219284057617,8.965953240892395,8.677950951924133,8.76415262832775,481748000
2020-06-08,8.774616241455078,8.859073012868846,8.65577744970242,8.846616337617116,387736000
2020-06-09,9.01478385925293,9.07831413874504,8.72105171133623,8.769633410246842,468488000
2020-06-10,9.334426879882812,9.467217295005197,9.121912605675263,9.136114184321398,632180000
2020-06-11,8.76589584350586,9.229290402084363,8.755681123434155,9.118424384663026,583652000
2020-06-12,8.901674270629883,9.15554539189167,8.673215446649964,9.130881046214606,570908000
2020-06-15,9.142087936401367,9.150558698612832,8.713571720536578,8.784825723234025,400004000
2020-06-16,9.03720474243164,9.234771362037131,8.808247914587062,9.193165484284528,535716000
2020-06-17,9.204129219055176,9.266911550040337,9.03895067394644,9.08230146482681,408304000
2020-06-18,9.186189651489258,9.250466921441895,9.083046458766479,9.195158418164446,254408000
2020-06-19,9.229288101196289,9.41240411476857,9.195405993409821,9.21060356951185,524160000
2020-06-22,9.493873596191406,9.49835845482481,9.241248418658067,9.267906669276206,398468000
2020-06-23,9.417386054992676,9.60922181477153,9.375033186793932,9.518037317434473,375108000
2020-06-24,9.203632354736328,9.523524812244903,9.112945803952664,9.44355098508008,449372000
2020-06-25,9.45725154876709,9.472200128697818,9.15056378762105,9.323465132248014,376072000
2020-06-26,9.123407363891602,9.467217092844338,9.093511154968905,9.467217092844338,592084000
2020-06-29,9.168252944946289,9.172737804344859,8.86928797872755,9.138107732981206,342248000
2020-06-30,9.464975357055664,9.493376613630447,9.234523546788532,9.281859291207626,367892000
2020-07-01,9.497113227844238,9.542705967758568,9.380517348684924,9.487895459840797,326648000
2020-07-02,9.579075813293457,9.703893404302947,9.545192761268313,9.605733103943443,364056000
2020-07-06,9.805296897888184,9.87455704089892,9.678984287054332,9.708133497305749,315892000
2020-07-07,9.83768367767334,10.035249358720971,9.816756237339161,9.91192667092791,357800000
2020-07-08,10.180745124816895,10.18971484215439,9.931109851071897,9.959262104406426,365480000
2020-07-09,10.472734451293945,10.533523817921163,10.19818487420453,10.344428905085344,494548000
2020-07-10,10.443086624145508,10.61847890023209,10.342933337817453,10.552208677085298,497676000
2020-07-13,10.017560005187988,10.755006067364793,9.99040375490686,10.558437354482594,457076000
2020-07-14,10.341187477111816,10.366848770172666,9.75172853933137,10.040229672823857,542676000
2020-07-15,10.19195556640625,10.396995030671915,10.021047212531476,10.37831049776503,403984000
2020-07-16,10.099775314331055,10.171526393548673,9.86135078427712,9.980438549107026,344964000
2020-07-17,10.16629695892334,10.213134704535644,10.05293997765378,10.19021430782822,266284000
2020-07-20,10.47447681427002,10.494906250453667,10.121698390673775,10.238793197768803,284852000
2020-07-21,10.292859077453613,10.523560860217113,10.251253190453125,10.476722161899874,277036000
2020-07-22,10.402724266052246,10.565908831285782,10.255982277363842,10.331720200607279,367292000
2020-07-23,10.094792366027832,10.510602112104115,9.996632039770423,10.413936738581402,411660000
2020-07-24,10.159317970275879,10.32898036367836,9.743259250895763,9.840920619627777,473292000
2020-07-27,10.385537147521973,10.405716636707364,10.182489650442864,10.196940228932192,292132000
2020-07-28,10.18024730682373,10.346172824798396,10.1740194451191,10.338450010177334,271636000
2020-07-29,10.429384231567383,10.47995887667741,10.31129340937831,10.354892241369713,284508000
2020-07-30,10.577374458312988,10.586343227031168,10.259723992725158,10.339198859238788,308880000
2020-07-31,10.578120231628418,10.729347131097473,10.39699712310846,10.52679762994463,386080000
2020-08-03,10.972249984741211,11.060444564038685,10.67826805374963,10.695458578974392,412720000
2020-08-04,11.18900203704834,11.18900203704834,10.868362731603609,11.011865830271953,310336000
2020-08-05,11.247797966003418,11.332504659227881,11.127714213139697,11.205196094216685,249924000
2020-08-06,11.296381950378418,11.31880434287186,11.140173154557944,11.310582577201503,244316000
2020-08-07,11.160852432250977,11.465049231458748,10.999411764399314,11.273462404012015,342516000
2020-08-10,11.126469612121582,11.36888005134779,10.819033954905294,11.295136017955185,427796000
2020-08-11,10.812559127807617,11.098319449331218,10.758495619381051,11.035536173478329,354512000
2020-08-12,11.400772094726562,11.427429397401577,10.920435042632398,10.952823156927446,464412000
2020-08-13,11.403512954711914,11.681301477453934,11.316564275592059,11.50615721615584,374460000
2020-08-14,11.524091720581055,11.66435591118837,11.401018059489926,11.490208662293185,366436000
2020-08-17,12.294425964355469,12.36692500157999,11.7764699343852,11.810352048276599,621300000
2020-08-18,12.218440055847168,12.452878719522852,12.044542712246516,12.407036978701228,503448000
2020-08-19,12.096612930297852,12.272503236725107,12.05625204819537,12.254067699590701,622624000
2020-08-20,12.099101066589355,12.332293735229182,11.837756147522825,11.933674519900297,921388000
2020-08-21,12.639731407165527,12.76454905109329,12.153165555775876,12.159643368535798,999868000
2020-08-24,12.676353454589844,12.867940264465586,12.46433720627704,12.839289060494515,490564000
2020-08-25,12.705999374389648,12.717210094124312,12.530357162147993,12.587160613133165,289076000
2020-08-26,12.728920936584473,12.82409136442748,12.633999509151844,12.755080235422875,321244000
2020-08-27,12.584671020507812,12.805656037139427,12.523133704353224,12.737391908262952,317604000
2020-08-28,13.102375984191895,13.102624984567107,12.598869664398606,12.631257770455568,537160000
2020-08-31,13.328346252441406,13.52815388381572,12.992758311577335,13.137257437320157,500840000
2020-09-01,13.777426719665527,13.949631612697642,13.394138428428857,13.437501233016851,511316000
2020-09-02,14.301267623901367,14.680318719031057,13.856174608412418,14.65739052033488,874012000
2020-09-03,12.974465370178223,13.840725107880663,12.838146289033148,13.785150980513366,945128000
2020-09-04,12.58270263671875,13.133460418119254,11.66784587515136,12.743443391157022,1463684000
2020-09-08,11.875442504882812,12.510434346099357,11.667350850169926,11.69750507921574,795728000
2020-09-09,12.674911499023438,12.76886406789316,12.193184504037099,12.360904118495581,736200000
2020-09-10,12.272934913635254,13.024059324113075,12.128640676598586,12.94829871786249,698684000
2020-09-11,12.12614917755127,12.612610574725382,11.858246276405783,12.446137258689868,636928000
2020-09-14,12.831665992736816,13.273020068340417,12.59142659294428,13.039758568536314,1201744000
2020-09-15,12.950044631958008,13.256824165575098,12.787309325791663,13.238133086859497,727556000
2020-09-16,12.475045204162598,13.051472087075725,12.474297979375853,12.916399323525857,556384000
2020-09-17,12.42420482635498,12.550057048769823,11.99680656074234,12.093999008494725,792512000
2020-09-18,12.1508207321167,12.592672993531387,11.950953315876442,12.554045465543362,698460000
2020-09-21,12.477784156799316,12.483017581146514,11.866966056083665,11.88740160372533,721044000
2020-09-22,12.597907066345215,12.608124842781287,12.117178177313727,12.535355033042217,646452000
2020-09-23,12.085525512695312,12.68687406505385,12.04116641481339,12.53585102033723,647012000
2020-09-24,12.309067726135254,12.52986975715517,11.976121155430357,12.034187925664993,731240000
2020-09-25,12.833162307739258,12.842881933702188,12.207142912715822,12.408256652197235,588016000
2020-09-28,12.993903160095215,13.010600685407562,12.709801858885758,12.99913658510344,573808000
2020-09-29,13.184051513671875,13.400367358569484,12.892474170877144,12.896710345478045,621460000
2020-09-30,13.487842559814453,13.579552517363965,13.108791403649274,13.116018379126281,689184000
2020-10-01,13.571577072143555,13.71935930583392,13.418311387565605,13.714624981038467,525004000
2020-10-02,13.02107048034668,13.476878610295751,13.009855452411124,13.183307642961758,552496000
2020-10-05,13.59949016571045,13.601234641002163,13.181063269309869,13.194271846804734,479820000
2020-10-06,13.693191528320312,14.09741348387712,13.621917127514193,13.786396879631232,784420000
2020-10-07,13.919976234436035,14.074737334108889,13.819792968638426,13.955613915301411,418084000
2020-10-08,13.795120239257812,14.040095885233358,13.714625307805663,14.030625334081545,378900000
2020-10-09,13.719359397888184,13.780666052397772,13.617681691548734,13.723596523541781,346892000
2020-10-12,14.181148529052734,14.301767332906016,13.868637469979598,13.945394372067542,434744000
2020-10-13,14.203328132629395,14.303262307853934,13.974551882634765,14.251426207794067,344604000
2020-10-14,14.050808906555176,14.297528026005452,13.91598524798119,14.245442857440006,276100000
2020-10-15,13.925954818725586,13.961591541202662,13.724342005426598,13.767206653022203,267224000
2020-10-16,13.767955780029297,14.076978854570742,13.74901562850576,13.99249587281889,242392000
2020-10-19,13.45519733428955,13.939415208053443,13.364483665298152,13.859169341844076,298068000
2020-10-20,13.60247802734375,13.756241845405201,13.464414483515402,13.540673229981198,229212000
2020-10-21,13.482108116149902,13.748017425435206,13.435007294119284,13.582042285326583,219596000
2020-10-22,13.318877220153809,13.568836277147218,13.190034178145442,13.479868040929487,290480000
2020-10-23,13.547404289245605,13.550395089783553,13.249347153880276,13.407596247442646,233484000
2020-10-26,13.099817276000977,13.64957879899875,12.997391406196375,13.384666737166388,336896000
2020-10-27,13.35451602935791,13.39962331395523,13.149912360113271,13.264051434538397,250520000
2020-10-28,12.587188720703125,13.218193334409735,12.56924582198825,13.156388537797922,376520000
2020-10-29,12.982938766479492,13.15115654997992,12.70980245234301,12.798023456887062,320080000
2020-10-30,12.494483947753906,12.895714171196541,12.261221483654902,12.809487666588163,416820000
2020-11-02,12.541088104248047,12.796280599298889,12.355923696333516,12.617845017655036,299652000
2020-11-03,12.978452682495117,13.063682887469264,12.563016632474788,12.668433313890562,272900000
2020-11-04,13.750760078430176,13.783906056536338,13.294952018751445,13.347037197678778,410228000
2020-11-05,14.1153564453125,14.293791998345476,13.946889592613063,14.117849095729678,319028000
2020-11-06,14.516090393066406,14.542755669985283,13.851193438556013,14.065265730682986,383348000
2020-11-09,13.587775230407715,14.6451809486513,13.567838779939635,14.506619243028116,582976000
2020-11-10,12.729742050170898,13.563604136300349,12.588438593301829,13.563604136300349,644068000
2020-11-11,13.375697135925293,13.392643737566482,12.907427719129638,13.01259532860774,404744000
2020-11-12,13.414322853088379,13.722597713712116,13.27401668464067,13.436502877183004,365812000
2020-11-13,13.255078315734863,13.625656173241703,13.018077819853307,13.584286919539194,346312000
2020-11-16,13.472640037536621,13.606466469393995,13.114522593552389,13.130970094085628,413776000
2020-11-17,13.37993335723877,13.553384573065271,13.261807196529444,13.509772694181835,312028000
2020-11-18,13.38641357421875,13.562855596647298,13.14343241864319,13.422798478821212,510924000
2020-11-19,13.397876739501953,13.444977567044422,13.058699445144363,13.171094026592812,565936000
2020-11-20,13.046486854553223,13.451954163176714,13.023807729860316,13.411582165007127,341088000
2020-11-23,13.098569869995117,13.340304620077111,12.97446214519793,13.129721338620866,361356000
2020-11-24,12.916895866394043,13.120501271118869,12.844375148397543,13.101062973168126,346500000
2020-11-25,13.193021774291992,13.227662195341338,12.97894952410503,12.99140992255428,259916000
2020-11-27,13.219438552856445,13.365228168197541,13.12897493434627,13.332830370269797,167276000
2020-11-30,13.359248161315918,13.370214112302172,12.931351715293895,13.223179104994932,286952000
2020-12-01,13.347784996032715,13.48609762777796,13.186544162676142,13.449712726033608,296948000
2020-12-02,13.501798629760742,13.630391642696495,13.192526472963973,13.308410009830808,283360000
2020-12-03,13.357712745666504,13.620958145313168,13.29090480160538,13.548665129635559,199520000
2020-12-04,13.519497871398926,13.521242861894294,13.350481990906417,13.410060816255628,202244000
2020-12-07,13.567856788635254,13.692001198908406,13.46141238072456,13.56237266927651,223244000
2020-12-08,13.311843872070312,13.559882637157383,13.243539139085321,13.546171860855974,271920000
2020-12-09,12.893789291381836,13.375657659277737,12.831467938222275,13.262482439496566,401300000
2020-12-10,12.935173034667969,13.031397616453376,12.812773594068839,12.832218590000648,207764000
2020-12-11,12.976053237915039,12.98278405020142,12.786346653479503,12.930184245172232,209264000
2020-12-14,13.270710945129395,13.350482212225353,13.040122096463001,13.050592039608777,270156000
2020-12-15,13.322312355041504,13.425515937821444,13.149059056353826,13.401335220553591,193016000
2020-12-16,13.204648971557617,13.39884214592736,13.174734036543057,13.38413382690294,223116000
2020-12-17,13.303118705749512,13.341259349880422,13.14083363133033,13.32854516787109,231384000
2020-12-18,13.234064102172852,13.366683361556884,13.033140123420997,13.340757656203472,342064000
2020-12-21,13.294140815734863,13.331783154794788,12.930433506327743,13.037377156557108,302332000
2020-12-22,13.240296363830566,13.299127738654636,13.016687499991681,13.2811795382145,185580000
2020-12-23,12.972066879272461,13.237057248843026,12.96782945257242,13.218111501054674,179144000
2020-12-24,12.956610679626465,13.094964178276724,12.90176852813386,12.999986293991261,97884000
2020-12-28,12.863126754760742,13.02516265137732,12.726768366040222,13.02516265137732,212564000
2020-12-29,12.906253814697266,13.035134902377251,12.805542671902463,12.88805646583581,170372000
2020-12-30,13.108176231384277,13.175981710757751,12.859888338350087,12.953120278145812,225396000
2020-12-31,13.017683982849121,13.11340929563424,12.87808381553672,13.098951077067488,192424000
2021-01-04,13.076020240783691,13.613480246622522,12.925451787690637,13.066796989913387,560640000
2021-01-05,13.366436004638672,13.405074943901147,13.049594230220292,13.062307460654432,322760000
2021-01-06,12.578445434570312,13.207143187349473,12.550027288519626,13.184707458538943,580424000
2021-01-07,13.30585765838623,13.339511720637944,12.849665861110775,12.930433708618178,461480000
2021-01-08,13.238801002502441,13.382638612575214,13.004722188085635,13.324306483553258,292528000
2021-01-11,13.582568168640137,13.92109826379757,13.324308596029095,13.380397446544206,518344000
2021-01-12,13.446207046508789,13.71518662773532,13.30685695821669,13.713191537825285,291476000
2021-01-13,13.493072509765625,13.58605625119282,13.346742461050818,13.451441887632267,210028000
2021-01-14,13.162520408630371,13.5608784418514,13.142827216100367,13.536199426324881,283120000
2021-01-15,12.822745323181152,13.287163872887445,12.81177708254526,13.190191844917592,277780000
2021-01-19,12.988019943237305,13.056572862335285,12.807287445364308,12.979044892252457,226188000
2021-01-20,13.327546119689941,13.392110759074399,13.019429339264908,13.074271482544104,258572000
2021-01-21,13.827863693237305,13.959237226928826,13.215120034647857,13.380146684400248,337780000
2021-01-22,13.67330551147461,13.802186604239331,13.588299278392899,13.700727061039379,246820000
2021-01-25,13.614226341247559,13.788975499046002,13.19866753200428,13.74235905033523,251112000
2021-01-26,13.396848678588867,13.605749231505072,13.349234689420664,13.541682883107807,163980000
2021-01-27,12.880828857421875,13.194928106319463,12.757182726351548,13.192185570772127,371272000
2021-01-28,13.01369571685791,13.301621023796079,12.923454516478738,12.959102719549616,228316000
2021-01-29,12.952622413635254,13.296636595811426,12.874596137407885,13.037628651929008,271552000
2021-02-01,13.199165344238281,13.232818458698954,12.865870277184177,13.015940401973044,217204000
2021-02-02,13.5180025100708,13.533208177107893,13.247527071774433,13.360454111923822,220440000
2021-02-03,13.491827011108398,13.89193002868741,13.477867087311907,13.597024736589539,245408000
2021-02-04,13.625192642211914,13.634415890210278,13.299625966810302,13.492323286600454,201340000
2021-02-05,13.552154541015625,13.697987259872164,13.507033932986507,13.68577232541478,169152000
2021-02-08,14.397482872009277,14.432382686350513,13.688016242934305,13.688016242934305,434624000
2021-02-09,14.22248363494873,14.5415687180008,14.181849603051825,14.29976151859184,287560000
2021-02-10,14.722050666809082,14.862398307109832,14.300509448878522,14.421911341669587,485352000
2021-02-11,15.207159042358398,15.22859817563987,14.882340720231461,14.937432968957507,450828000
2021-02-12,14.918486595153809,15.247543280777698,14.732768268450995,15.006982807103192,374756000
2021-02-16,15.286433219909668,15.328563093363668,14.907270064514945,15.021193700381346,321960000
2021-02-17,14.863396644592285,15.179989298031265,14.737756367516171,15.12763862786288,274756000
2021-02-18,14.786613464355469,14.830736516708235,14.533338832562045,14.686898922585039,233868000
2021-02-19,14.883837699890137,15.133621451996458,14.804315578862303,14.98155717225238,271724000
2021-02-22,14.314717292785645,15.089995130190827,14.284054911103434,14.732519345236469,325884000
2021-02-23,14.101578712463379,14.198052434655088,13.35122901911437,14.035018976264617,391780000
2021-02-24,14.457557678222656,14.46528603641238,13.716681335322574,14.082383783407925,448320000
2021-02-25,13.269463539123535,14.3336633080336,13.178474888234955,14.005354056686674,824436000
2021-02-26,13.675301551818848,13.814900794289937,13.322811562682315,13.713192095526345,500932000
2021-03-01,13.802186965942383,13.885199062295472,13.51451173836479,13.835341784593728,353184000
2021-03-02,13.36793327331543,13.880713285181708,13.357712477796747,13.860271694144345,264116000
2021-03-03,12.76815128326416,13.413052208920957,12.76216791543942,13.387874897012532,377592000
2021-03-04,12.334893226623535,12.93791536777413,12.049212120822903,12.764162806346638,573344000
2021-03-05,12.425883293151855,12.514130369429822,11.645868680171928,12.514130369429822,542840000
2021-03-08,11.560111999511719,12.435601622284906,11.53343789904695,12.414412591748151,543112000
2021-03-09,12.488774299621582,12.585031142216502,12.028932816334903,12.09975442063535,521824000
2021-03-10,12.436903953552246,12.94736663668477,12.426181162680194,12.808217687288016,384376000
2021-03-11,12.960830688476562,13.013448647123326,12.702482057463122,12.917440112160783,299916000
2021-03-12,12.823677062988281,12.856344851474955,12.558346052461756,12.61644907371849,243964000
2021-03-15,13.158085823059082,13.17354692311485,12.735152011430825,12.832406735192682,221988000
2021-03-16,13.257835388183594,13.478528736507776,13.083773625331858,13.322920791007736,272128000
2021-03-17,13.307709693908691,13.419427631953024,12.956843642184772,13.006967363859617,243864000
2021-03-18,12.690513610839844,13.15085349936061,12.685027598463575,13.103473263809228,293896000
2021-03-19,12.813453674316406,12.889013577295337,12.580790435356477,12.717944549061619,299208000
2021-03-22,13.153099060058594,13.360825558253854,12.874301724797736,12.880287158091585,297804000
2021-03-23,13.037891387939453,13.310952554881895,12.988515362862906,13.220929421135745,222048000
2021-03-24,12.611214637756348,13.1261673732416,12.604980921274594,13.118187112663936,245840000
2021-03-25,12.503734588623047,12.682783882467008,12.241147031908534,12.46807503156729,295144000
2021-03-26,12.806968688964844,12.823926144794068,12.34238995379477,12.522934633293266,363968000
2021-03-29,12.915696144104004,13.0296590866071,12.668070270981813,12.788017694881296,273520000
2021-03-30,12.83938980102539,12.942629963313632,12.673059062634387,12.80971472304937,200204000
2021-03-31,13.314690589904785,13.436632836630071,12.949859836344844,12.98277686105414,314776000
2021-04-01,13.777027130126953,13.835130162239196,13.477281731340076,13.538129196852404,308276000
2021-04-05,13.9523344039917,13.978767529559853,13.698473850909528,13.832636208536442,255672000
2021-04-06,13.82664966583252,14.018915037379223,13.738871566976432,13.964552432362328,191744000
2021-04-07,14.107941627502441,14.207689643014694,13.677027574965955,13.845851593018876,251284000
2021-04-08,14.281005859375,14.43511743681889,14.213176027468212,14.21691739862396,244416000
2021-04-09,14.36379623413086,14.371776494039445,14.139362482793082,14.178263990565366,195172000
2021-04-12,15.17076301574707,15.313902572730411,14.10370261858076,14.253824546574181,869324000
2021-04-13,15.640080451965332,15.660529096417902,15.087722573627937,15.193206795688422,676212000
2021-04-14,15.238591194152832,15.680975718516903,15.189215182177342,15.585715830968239,385500000
2021-04-15,16.096677780151367,16.173483847875282,15.5921987087715,15.623120903934165,598480000
2021-04-16,15.8724946975708,16.125108122447834,15.82536274319291,16.0126405831472,335208000
2021-04-19,15.323128700256348,15.767758276852438,15.194702542617696,15.497439688816309,404420000
2021-04-20,15.133111000061035,15.458041488692649,14.925384478700941,15.284728358779589,334132000
2021-04-21,15.321882247924805,15.323877075097695,15.064281282601483,15.080739320235335,216776000
2021-04-22,14.81291389465332,15.399685082246794,14.746331191725861,15.336344329965497,277788000
2021-04-23,15.226873397827148,15.2964478790434,14.862791235395903,14.896705203918978,227500000
2021-04-26,15.439087867736816,15.44008575706988,15.086975624680411,15.146825202745054,197796000
2021-04-27,15.34307861328125,15.631102358075223,15.315896833735502,15.53933364907408,164572000
2021-04-28,15.238340377807617,15.493198783991089,15.177244640635958,15.325870188074271,209416000
2021-04-29,15.286221504211426,15.397690199904106,15.033608086346442,15.36128198854834,173196000
2021-04-30,14.97176456451416,15.326371032074357,14.95929618068849,15.136350655609169,201912000
2021-05-03,14.799449920654297,15.208419014072376,14.75032408695121,15.086975219605257,203912000
2021-05-04,14.315167427062988,14.600697844369819,13.97502517344769,14.600448609909842,405324000
2021-05-05,14.422148704528809,14.776256666947063,14.351327112045158,14.672018629638556,292024000
2021-05-06,14.486486434936523,14.534615323972524,14.18225390445764,14.458806188006658,193380000
2021-05-07,14.775010108947754,14.933111336631207,14.634863276725753,14.771020454684466,229328000
2021-05-10,14.229884147644043,14.768775720170076,14.21417381349999,14.750072669633822,268904000
2021-05-11,14.270282745361328,14.318660873982997,13.715431575761658,13.790242830465013,285584000
2021-05-12,13.72391128540039,14.224399880312989,13.674785449771695,13.974279724476874,303408000
2021-05-13,13.63089370727539,14.045349728476552,13.425162054864115,13.998467009467184,285404000
2021-05-14,14.207191467285156,14.291977805422704,13.713934538144024,13.85507926247416,258616000
2021-05-17,14.129886627197266,14.13362704722991,13.818671694394718,14.121407897860808,216980000
2021-05-18,13.980514526367188,14.368038055729718,13.968793845011385,14.231133153637117,186256000
2021-05-19,14.030386924743652,14.04410243148695,13.509200522328285,13.532391695784717,344000000
2021-05-20,14.575763702392578,14.646834538609415,14.234623498296415,14.266542637893258,321592000
2021-05-21,14.954057693481445,15.183729159487287,14.8321154486356,15.125625184737823,672992000
2021-05-24,15.57275104522705,15.705416097601091,15.137846351089925,15.1742545652697,554816000
2021-05-25,15.60841178894043,15.778732192206977,15.443577398975853,15.726364404401615,435408000
2021-05-26,15.660529136657715,15.754043443944218,15.547065605147322,15.69469328900032,370440000
2021-05-27,15.44905948638916,15.710400841238286,15.421130006657025,15.66027712813999,581476000
2021-05-28,16.203659057617188,16.236577036281336,15.46202947906416,15.46202947906416,644536000
2021-06-01,16.22360610961914,16.347045652019425,15.86326447044786,16.229093072524805,472804000
2021-06-02,16.73606300354004,16.87621075424582,16.194678271753585,16.211386490896142,594168000
2021-06-03,16.927085876464844,17.215609998459154,16.541308933559474,16.65876306621484,580008000
2021-06-04,17.534055709838867,17.616596077162153,17.052519499034798,17.06947505300827,617120000
2021-06-07,17.5747013092041,17.767715323688513,17.14952444459165,17.527072794284408,575756000
2021-06-08,17.41311264038086,17.57719836078649,17.207629259933416,17.483185585690848,323848000
2021-06-09,17.31857681274414,17.534832519599075,17.216312069425967,17.47571805921768,381656000
2021-06-10,17.385177612304688,17.45202583585592,17.13674801084878,17.31035015277787,287772000
2021-06-11,17.784507751464844,17.898247503293362,17.403879495985695,17.439547219530038,416308000
2021-06-14,17.977563858032227,17.9982664755166,17.622378570506847,17.865072468441838,321376000
2021-06-15,17.74784278869629,17.975073024219547,17.687481873167364,17.874054743695652,243032000
2021-06-16,17.76953887939453,17.913709313816597,17.54430492642031,17.75008462449621,307124000
2021-06-17,18.61461067199707,18.79195408152908,17.715670721948143,17.73387852672111,809656000
2021-06-18,18.596147537231445,19.330714616540423,18.54152223766029,18.74106585941373,968856000
2021-06-21,18.385135650634766,18.494136987006172,17.782017377989256,18.39311678865641,672384000
2021-06-22,18.843584060668945,18.920409647101682,18.343978923682204,18.429284231032042,580144000
2021-06-23,19.01369285583496,19.108975530104733,18.864534651482277,18.96430647751163,332356000
2021-06-24,19.161605834960938,19.375616025449478,19.044623366172903,19.183806109567367,320924000
2021-06-25,18.98750877380371,19.30129085681399,18.851321309687666,19.236438867858343,278364000
2021-06-28,19.93932342529297,20.03285915279017,19.274845251778927,19.31699836660214,495436000
2021-06-29,19.980979919433594,20.052813964606784,19.612073999620787,19.837058731492426,367632000
2021-06-30,19.956789016723633,20.116423218061342,19.818356024611578,19.953546322125256,326568000
2021-07-01,20.16580581665039,20.40924764246024,19.973246122217304,20.079004759784198,480136000
2021-07-02,20.440176010131836,20.458385715167392,20.241382131269432,20.39353374130317,342764000
2021-07-06,20.651195526123047,20.794366948413263,20.30374197663126,20.690105954402014,446708000
2021-07-07,20.325191497802734,20.827291472702445,20.28553319651976,20.80584097500275,418428000
2021-07-08,19.85725975036621,20.086982890992743,19.655721781967447,19.81111606957633,503300000
2021-07-09,20.004425048828125,20.03435717009147,19.709102017056413,19.91687611559388,296624000
2021-07-12,20.465620040893555,20.485822176822126,20.141611349333026,20.193741842138916,321984000
2021-07-13,20.20372200012207,20.41448952793503,20.068033125156855,20.35387740282785,290708000
2021-07-14,19.796152114868164,20.371085187091623,19.7076060162833,20.311222848316984,380100000
2021-07-15,18.92289924621582,19.80163681406628,18.81539558596507,19.766467672504746,550564000
2021-07-16,18.119487762451172,19.113211442977995,18.031689563231986,18.98700141266361,688224000
2021-07-19,18.736831665039062,18.99848131527796,17.82466976343855,17.874307343819012,749060000
2021-07-20,18.5694637298584,18.794947062988875,18.12248763276061,18.687194083624995,434687000
2021-07-21,19.365638732910156,19.482371910572084,18.69916616251025,18.83884558672833,371017000
2021-07-22,19.54921531677246,19.84154489775066,19.23194135404066,19.597105941674148,323826000
2021-07-23,19.513303756713867,19.654979435423797,19.206007080146577,19.611079366488564,195672000
2021-07-26,19.24990463256836,19.397565194519427,18.87077204812226,19.266865977371694,203943000
2021-07-27,19.164100646972656,19.577154015985894,18.698167007898192,19.220969582862597,248863000
2021-07-28,19.45842742919922,19.601100261911586,18.951589008448458,19.274847933928527,202191000
2021-07-29,19.617061614990234,19.80762505431973,19.2838234605119,19.474386899841395,190781000
2021-07-30,19.454435348510742,19.585134561055348,19.21897466845994,19.3736191961783,183497000
2021-08-02,19.704864501953125,19.915382736353678,19.316753560759693,19.654979530232666,217444000
2021-08-03,19.769716262817383,20.175785713093944,19.176074829948746,19.694886903097746,301811000
2021-08-04,20.227663040161133,20.27156310038773,19.782681342516437,19.94431173895087,231309000
2021-08-05,20.589832305908203,20.68561356328151,20.29550646605199,20.45314629356312,211435000
2021-08-06,20.319454193115234,20.522988437706402,20.163810582897227,20.477094039344426,178497000
2021-08-09,20.24861717224121,20.461129719952012,20.096964132095703,20.399271142893213,146443000
2021-08-10,19.890438079833984,20.38330854964685,19.789667174813598,20.275555576217656,179238000
2021-08-11,19.65397834777832,20.003178821250415,19.385594031751758,19.99719201633086,185925000
2021-08-12,19.859508514404297,19.983223761879053,19.57516002402308,19.824588657900602,151652000
2021-08-13,20.141864776611328,20.16780633402696,19.80563501780991,19.859512465987095,183063000
2021-08-16,19.904407501220703,20.24063722279305,19.408541689128278,20.088984173742237,210876000
2021-08-17,19.413530349731445,19.7248175706279,19.22296688145729,19.640010842343834,204585000
2021-08-18,18.996484756469727,19.589127025061778,18.95657526353266,19.455432507309833,285913000
2021-08-19,19.752750396728516,20.448157848964946,18.719117056246247,19.449444360898706,766555000
2021-08-20,20.768423080444336,20.8173108732515,19.88744183759088,19.94530793349124,675741000
2021-08-23,21.907814025878906,21.946724447846748,20.90211844107872,20.923070353137504,575807000
2021-08-24,21.743188858032227,21.9088098112893,21.485779125252666,21.703281272193063,297299000
2021-08-25,22.162227630615234,22.418640181507506,21.67235067381303,21.687315779720738,347701000
2021-08-26,22.017562866210938,22.288940552177326,21.74019837604241,22.14926114072246,237940000
2021-08-27,22.584266662597656,22.670070557019205,22.11633866678472,22.133300012367442,304722000
2021-08-30,22.636152267456055,22.990340551580676,22.499466212697243,22.77782796170388,262580000
2021-08-31,22.337779998779297,22.647125533698055,22.073339614358837,22.647125533698055,259850000
2021-09-01,22.393661499023438,22.64912199389681,22.30983905945331,22.437569306889998,201767000
2021-09-02,22.348752975463867,22.545337883825013,22.247966214051775,22.470495343605453,187834000
2021-09-03,22.79481315612793,22.937511147751092,22.153169913333517,22.27790622612633,280532000
2021-09-07,22.614192962646484,22.850692500855242,22.474487011995723,22.78483174949806,198107000
2021-09-08,22.291872024536133,22.562300203414004,21.9306343212819,22.465504722881544,254434000
2021-09-09,22.130212783813477,22.490451235776646,22.08431030296095,22.26492820000375,196856000
2021-09-10,22.430583953857422,22.578270564497437,22.223022541074023,22.30085711920523,248376000
2021-09-13,22.10527229309082,22.915559708547303,21.81189184174962,22.636149664254482,297500000
2021-09-14,22.195083618164062,22.362728510461544,22.03941254531984,22.22801304915451,199755000
2021-09-15,22.29387092590332,22.31981705301157,21.919661994088578,22.261938841506673,166538000
2021-09-16,22.195083618164062,22.230009637392705,21.880747541780984,22.136208056703595,156033000
2021-09-17,21.853797912597656,22.27390927077693,21.78394589381782,22.25295366514298,294503000
2021-09-20,21.068464279174805,21.387788954115265,20.61841542305834,21.101393708407006,349440000
2021-09-21,21.201181411743164,21.379802756895952,20.905806301905702,21.371820211672656,204688000
2021-09-22,21.89471435546875,21.91367337565563,21.151285132509745,21.32092658519888,268726000
2021-09-23,22.434574127197266,22.487461820172715,21.843822003613315,22.09329462367587,248555000
2021-09-24,22.0344181060791,22.102275447550486,21.81488289522603,22.023441631035194,217655000
2021-09-27,21.614307403564453,21.753014117831665,21.28001501008737,21.66420116567819,245215000
2021-09-28,20.655332565307617,21.37381486341932,20.607433491656852,21.169247409834707,343069000
2021-09-29,20.47371482849121,20.972659962539694,20.42381917309158,20.895822746881365,218394000
2021-09-30,20.672300338745117,21.021562413613808,20.64435952502164,20.724190693278036,221009000
2021-10-01,20.6982421875,20.814994033562147,20.160377827897204,20.70622473167738,240978000
2021-10-04,19.690378189086914,20.49866906348852,19.513751502545517,20.46074911310151,345635000
2021-10-05,20.40785789489746,20.60444281688041,19.812117171843163,19.907915325430285,279282000
2021-10-06,20.656333923339844,20.67629028663116,20.03764098150744,20.077557514740203,297202000
2021-10-07,21.030542373657227,21.277021060391967,20.927759015939795,21.047504806233384,256919000
2021-10-08,20.78705596923828,21.16126489932197,20.73117434597139,21.056486855696548,151258000
2021-10-11,20.651342391967773,21.0185661050647,20.46773053541931,20.53159660479376,163388000
2021-10-12,20.627397537231445,21.01258301552671,20.484699521843027,20.78406596107292,162134000
2021-10-13,20.89482879638672,20.945721806793706,20.66930570613976,20.873873186805923,180652000
2021-10-14,21.70012855529785,21.70910844363068,21.07744429344667,21.24309449297666,243589000
2021-10-15,21.815881729125977,21.884736417584175,21.616304770157008,21.763991377195527,226994000
2021-10-18,22.17512321472168,22.243977904095235,21.598341475085665,21.70312142601179,189494000
2021-10-19,22.24297523498535,22.331786266925064,21.990508735518052,22.229002928659522,161473000
2021-10-20,22.056373596191406,22.38567737363948,21.935628560572944,22.257947135216437,146276000
2021-10-21,22.644132614135742,22.66309354022548,22.036417993365024,22.05038840066262,187590000
2021-10-22,22.678056716918945,23.08120376239796,22.51340579315989,22.774852206054973,249384000
2021-10-25,23.11713218688965,23.305732673219815,22.72196763172872,22.924538524453713,230235000
2021-10-26,24.664857864379883,25.20571622107296,23.873531450575534,23.93839486421811,485898000
2021-10-27,24.3994197845459,25.0370717258524,24.230775672972076,24.422371980713933,245990000
2021-10-28,24.888383865356445,24.897365655301588,24.471266418851215,24.825517045714975,234204000
2021-10-29,25.5130615234375,25.654762148352756,24.94725826927448,24.948255611447724,292503000
2021-11-01,25.772518157958984,25.83937625950011,25.173783464529546,25.59489414765004,265740000
2021-11-02,26.345300674438477,26.621716711710945,25.745568776344143,25.76752362657921,294112000
2021-11-03,26.541893005371094,26.727501473983224,26.17965976317595,26.613741629026617,239910000
2021-11-04,29.73813247680664,31.29883224397883,27.060791963689024,27.171557859265718,1153631000
2021-11-05,29.689239501953125,31.333761888130987,29.3479599854821,30.12332134440191,851260000
2021-11-08,30.739017486572266,31.034392580176473,29.84390851205834,30.085398573379145,503101000
2021-11-09,30.592327117919922,32.241841813464795,29.900790147535126,32.2139010026745,646746000
2021-11-10,29.396852493286133,30.784918765255455,28.717289384564676,29.29407104741433,636206000
2021-11-11,30.32588768005371,30.525466515020483,29.714181919765508,30.40372414895419,332172000
2021-11-12,30.32588768005371,30.615276800423047,29.567490771834745,29.946690177606644,413054000
2021-11-15,29.961658477783203,30.579352109400386,29.1852998788009,30.48754713787992,384909000
2021-11-16,30.139286041259766,30.325891839785264,29.643334719095915,29.696224316711493,264484000
2021-11-17,29.199268341064453,30.44463655705098,28.739240461858056,30.353827030475077,428508000
2021-11-18,31.608177185058594,32.6908873392395,31.254923897392086,32.29871867145236,781711000
2021-11-19,32.91542434692383,33.01820772541341,31.837702499852707,32.174988891444876,533867000
2021-11-22,31.888586044311523,34.573909183585116,31.832704423703742,33.446291928728265,754335000
2021-11-23,31.679035186767578,32.291740333182865,30.814860802857893,31.46847982919522,532163000
2021-11-24,32.605064392089844,32.785682275830176,30.862747802338053,31.394624226420213,435162000
2021-11-26,31.43653678894043,32.640989147642415,31.283859702579267,32.53122061113323,283069000
2021-11-29,33.305580139160156,33.34150348310231,31.968407224400035,32.29771279160864,454964000
2021-11-30,32.60706329345703,33.282636999598125,31.79677797027339,33.09902325931394,622066000
2021-12-01,31.372529983520508,33.2228476004512,31.317638978190622,33.15298701314343,484368000
2021-12-02,32.062156677246094,32.413458348891545,30.963344820067583,31.151970308797033,472890000
2021-12-03,30.632003784179688,32.06515080587632,30.070121019469727,31.936405556758363,544325000
2021-12-06,29.977304458618164,30.18089759304379,27.982276767077416,29.82061499149107,658938000
2021-12-07,32.362552642822266,32.38451208748878,30.590083198512986,30.89547671326527,593053000
2021-12-08,31.762746810913086,32.22582532268798,31.35855105329913,31.93540331263959,475551000
2021-12-09,30.42940330505371,32.14099693386837,30.367526251043838,31.6709304355526,488507000
2021-12-10,30.13798713684082,31.242787533822337,29.801656967245915,31.088094881745874,488825000
2021-12-13,28.10503387451172,30.233796207467403,28.060123228578693,30.188885561534377,598344000
2021-12-14,28.280685424804688,28.621007355370885,27.195845739872162,27.6439528427401,667035000
2021-12-15,30.398468017578125,30.439386903160617,27.78267647993618,28.343559883214983,698297000
2021-12-16,28.330581665039062,31.0980712089087,28.037167251669285,31.090087687112458,707366000
2021-12-17,27.745746612548828,28.86451893479829,27.70482773381929,27.929380931127152,713758000
2021-12-20,27.663911819458008,28.088066423723266,27.091053166532397,27.250735034271646,461847000
2021-12-21,29.017213821411133,29.062124459469157,27.346539227787186,28.3176068548145,524385000
2021-12-22,29.341571807861328,29.496264455360905,28.39246155550184,28.8335844910948,395184000
2021-12-23,29.58109474182129,29.99926267226298,29.372510460598956,29.69586596971552,343022000
2021-12-27,30.88350486755371,31.0252228788843,29.58109789794575,29.60105861020263,403686000
2021-12-28,30.26173973083496,31.267735891884268,29.952354442300354,31.249772014643753,420591000
2021-12-29,29.941375732421875,30.48728951276,29.30763749732145,30.212836426014583,343139000
2021-12-30,29.52720069885254,30.39646994729714,29.481292592153306,29.7677209545132,308864000
2021-12-31,29.35254669189453,29.97031785211934,29.27270576326338,29.61502448239811,266530000
2022-01-03,30.061140060424805,30.649967690712824,29.725807360139775,29.755748425658155,391547000
2022-01-04,29.23179054260254,30.40744890598463,28.29266068276136,30.216828510864207,527154000
2022-01-05,27.549137115478516,29.357536037891197,27.478279080838995,28.89146324143612,498064000
2022-01-06,28.121999740600586,28.381483256103156,27.01121270492406,27.58506883228335,454186000
2022-01-07,27.192848205566406,28.36551411614278,27.003225284481758,28.085072447229507,409939000
2022-01-10,27.345544815063477,27.414407928007527,25.59303417452998,26.528172253329963,594681000
2022-01-11,27.76171875,28.009226996384303,26.785663592042308,27.268700993300914,404089000
2022-01-12,27.943355560302734,28.538169841179762,27.553131884370423,28.01121930597054,383413000
2022-01-13,26.522188186645508,28.42340115632872,26.4453396404375,28.322602041435534,540171000
2022-01-14,26.88845443725586,27.14294871181414,26.157908876529852,26.24773016124949,395832000
2022-01-18,25.851520538330078,26.585060416480562,25.71878543976193,26.20781139067626,424270000
2022-01-19,25.01718521118164,26.490251872701148,25.00221562896833,26.027175156596083,488315000
2022-01-20,24.102005004882812,25.52816592790516,24.030147591877117,25.25371283114106,435181000
2022-01-21,23.32754898071289,24.773668763232777,23.216769512080788,23.460284088756683,718958000
2022-01-24,23.325551986694336,23.333535509414546,20.846489247606883,22.28562296184168,913982000
2022-01-25,22.279632568359375,22.89740375021859,21.956277081612978,22.501191486192454,664616000
2022-01-26,22.72674560546875,24.009191831407684,22.255683467670956,23.1938159816246,755959000
2022-01-27,21.900390625,23.94731523787376,21.63192420739024,23.52116377527102,573353000
2022-01-28,22.79461097717285,22.812574856114637,21.253678692839582,21.968255413826792,543774000
2022-01-31,24.43733787536621,24.46029288211656,23.006187716140168,23.135928523427957,564680000
2022-02-01,24.58903694152832,25.09502934074459,23.842522359091557,25.05411045530758,518925000
2022-02-02,25.191837310791016,25.76569347477143,24.50420547493788,25.742740370347118,543419000
2022-02-03,23.900405883789062,25.027161828554508,23.7327404966598,24.409392542148876,410178000
2022-02-04,24.270671844482422,24.586043852193274,23.585036824296264,23.924361305059936,354829000
2022-02-07,24.678857803344727,25.13195412147848,24.153902167281217,24.323564396360993,376868000
2022-02-08,25.0580997467041,25.179857022998263,23.93234129371506,24.31058777349292,410359000
2022-02-09,26.65192985534668,26.671890566783304,25.302617361297145,25.571081886954367,524282000
2022-02-10,25.77267837524414,26.871490147981913,25.549124513702214,25.94333997182691,513200000
2022-02-11,23.90140151977539,26.100024146681793,23.72575262390276,25.864493128365556,605472000
2022-02-14,24.218774795532227,24.825566329350934,23.707791249016562,23.886436378110282,440424000
2022-02-15,26.44234275817871,26.492242623139074,24.734742881710144,24.8994139589256,699869000
2022-02-16,26.458314895629883,26.529174849501977,25.501221062795562,26.206816786682104,732676000
2022-02-17,24.458295822143555,25.733755858622583,24.11697644225443,25.579063213609647,810595000
2022-02-18,23.595016479492188,24.936345412834687,23.054093778189063,24.61897658197623,761255000
2022-02-22,23.3435115814209,24.016171787907638,22.954287318634705,22.989217603574094,633422000
2022-02-23,22.342510223388672,24.106998291616694,22.25668259013841,23.75469915667704,566511000
2022-02-24,23.700803756713867,23.752700460531262,20.848483782736597,20.973235364784678,735801000
2022-02-25,24.108991622924805,24.168871850041366,23.334534721068575,23.67385918065925,528866000
2022-02-28,24.336538314819336,24.615982537692595,23.659886251331425,23.944319699810443,477319000
2022-03-01,23.430343627929688,24.328556587897697,23.086029928980732,24.242727053391707,412056000
2022-03-02,24.175983428955078,24.364641033795944,23.372447983953073,23.712827876260754,389642000
2022-03-03,23.670907974243164,24.281795369595773,23.426352346873195,24.217910588033938,365095000
2022-03-04,22.894317626953125,23.63696498590784,22.441142240714978,23.341503399554565,431415000
2022-03-07,21.313194274902344,22.991140894785616,21.2912348972877,22.775531944141846,450821000
2022-03-08,21.47490119934082,22.33233933851528,20.61247108080546,21.270273834836342,557467000
2022-03-09,22.972177505493164,23.17780252535281,22.206571146307404,22.34631612059236,492742000
2022-03-10,22.616825103759766,22.74658802016599,21.842234335180756,22.490055090570973,428066000
2022-03-11,22.059839248657227,23.102940302954398,22.00593652699091,22.980162727551132,367209000
2022-03-14,21.291234970092773,22.221540369503135,21.120546216146405,21.829254954549043,385354000
2022-03-15,22.931251525878906,22.996133936687787,21.283252760840114,21.478895723800314,491996000
2022-03-16,24.45148468017578,24.552300969340088,23.129891326873263,23.457294382081265,671422000
2022-03-17,24.720993041992188,24.79685323515595,23.862555326463934,24.076167120982394,471941000
2022-03-18,26.404924392700195,26.520714705600792,24.57924978276127,24.753930982548006,730719000
2022-03-21,26.685413360595703,27.10265486766904,25.919807094663252,26.45882662219231,591727000
2022-03-22,26.47579574584961,27.188498830843827,26.024617540690265,26.67842593251297,547007000
2022-03-23,25.587413787841797,26.563635115721986,25.52852099865223,26.078518306597157,502120000
2022-03-24,28.098840713500977,28.268531837117266,25.859917039185778,26.11844711768974,877379000
2022-03-25,27.64167594909668,28.306466021323548,27.221441486555513,27.835323644890032,579016000
2022-03-28,28.167720794677734,28.198664599104973,27.15656111298667,27.70556280503334,425494000
2022-03-29,28.60392189025879,28.89339386605595,27.929149831104116,28.64285057154714,488984000
2022-03-30,27.639678955078125,28.444213951833504,27.453018519672682,28.252563440733994,463487000
2022-03-31,27.236413955688477,28.19666565950048,27.220444189167058,27.73151289162019,523440000
2022-04-01,26.663455963134766,27.446031589701068,26.219264969798488,27.325251194574196,517235000
2022-04-04,27.310279846191406,27.507919979186674,26.564637612794822,26.679428397203534,397120000
2022-04-05,25.883872985839844,27.269350934287917,25.773074655335627,27.20446853162703,436615000
2022-04-06,24.36264419555664,25.254020976141952,23.959379064062016,24.88868689300515,703833000
2022-04-07,24.16400718688965,24.67707303806538,23.435334266714467,24.396583559935085,557992000
2022-04-08,23.076984405517578,23.879524117334512,23.02008878589578,23.873534503516744,524781000
2022-04-11,21.87717056274414,22.27943807836627,21.62063763333046,22.17363171495148,575207000
2022-04-12,21.464920043945312,22.68370176540481,21.243323367316314,22.496043695875855,662258000
2022-04-13,22.162649154663086,22.459110293944573,21.416009317470518,21.68851390489682,516943000
2022-04-14,21.2193660736084,22.735606515539892,21.124539407798157,22.464099572114247,569097000
2022-04-18,21.7434139251709,22.047858038582817,21.040692857198728,21.161473248993577,525701000
2022-04-19,22.15765953063965,22.332340741600348,21.27526524698662,21.680527560297847,512781000
2022-04-20,21.442956924438477,22.62879746631426,21.161469869244495,22.476075664885503,468974000
2022-04-21,20.146320343017578,22.351305380675164,19.963652360371036,21.66954608901935,656209000
2022-04-22,19.479534149169922,20.448770189585975,19.46456201839812,20.26610219786414,624713000
2022-04-25,19.86583137512207,19.90875249765362,19.061296409060496,19.167102763902953,641566000
2022-04-26,18.753854751586914,19.752037349254017,18.63606917460008,19.682164872038474,653143000
2022-04-27,18.381534576416016,19.13216683922804,18.25676174406092,18.564200662650713,499460000
2022-04-28,19.746049880981445,20.000587537213033,18.45639800746317,18.932530442416695,570327000
2022-04-29,18.51329231262207,20.091418271941166,18.483346151251226,19.366737920929154,500435000
2022-05-02,19.49750328063965,19.538427232283176,18.35757845927692,18.507305480868084,572049000
2022-05-03,19.566375732421875,19.788971942411177,19.098228203230406,19.364743170731728,475751000
2022-05-04,20.297048568725586,20.362928617902014,18.716925022967168,19.886796140998648,648855000
2022-05-05,18.809755325317383,19.88879023761166,18.46638060148286,19.830896979302434,626331000
2022-05-06,18.64105987548828,19.47653863115754,17.957305306226015,18.701949838466604,633297000
2022-05-09,16.919200897216797,18.22182798096653,16.796423304020628,18.00123079403469,644455000
2022-05-10,17.563024520874023,18.164929349233372,16.994060667065273,17.656853560798723,761474000
2022-05-11,16.599777221679688,17.720737474100222,16.537891524903785,17.315475166719338,670167000
2022-05-12,16.145606994628906,16.75749395581578,15.538712965856375,16.18952766493069,708728000
2022-05-13,17.67382049560547,17.895417154710085,16.562844297235856,16.757489599664027,670437000
2022-05-16,17.232627868652344,17.755675825530098,17.074915945165092,17.477183493359433,521446000
2022-05-17,18.143962860107422,18.33761050359506,17.601950508278644,18.041149425668817,585830000
2022-05-18,16.907215118408203,18.085070787489677,16.833350206512566,17.67282130331116,545161000
2022-05-19,17.09288215637207,17.65485877694169,16.70358958474404,16.906221705811088,621310000
2022-05-20,16.663663864135742,17.378362351094147,15.72637008787695,17.300504976295468,739105000
2022-05-23,16.867294311523438,16.88426361777237,16.1496009881176,16.244427672325003,639889000
2022-05-24,16.1246395111084,16.566835152715054,15.751319657965462,16.479993381421657,588550000
2022-05-25,16.944150924682617,17.079903445712347,15.97092245670094,15.990886566703573,781132000
2022-05-26,17.818552017211914,18.059113174018794,15.992876123733142,16.006850614967718,996575000
2022-05-27,18.77681541442871,18.846687898146087,18.06710707974636,18.152951232834447,738379000
2022-05-31,18.63806915283203,19.165109521892898,18.316653805372184,18.945508098862536,664100000
2022-06-01,18.286705017089844,19.018372668475514,18.089064907013434,18.68997202318387,544514000
2022-06-02,19.556394577026367,19.583345936482782,18.164928787379736,18.258757824402238,648656000
2022-06-03,18.685976028442383,19.296865145190786,18.488335935816092,19.047319515999547,598779000
2022-06-06,18.751855850219727,19.30185500483549,18.530259212120434,19.104214914413042,422406000
2022-06-07,18.8916072845459,18.965472213893936,18.154947548277914,18.438431844745782,388914000
2022-06-08,18.61804962158203,19.149194749604547,18.50523024581006,18.76880616680508,363252000
2022-06-09,18.019006729125977,18.902585229950912,18.012018004898287,18.45131169043326,395574000
2022-06-10,16.946735382080078,17.66857359163236,16.841902597628902,17.571729282063977,465248000
2022-06-13,15.621866226196289,16.28579798543527,15.580931719685918,15.974298882999761,604153000
2022-06-14,15.810563087463379,16.040193181616115,15.387243419466994,15.705731253766638,469680000
2022-06-15,16.500450134277344,16.84090192856141,15.900414844094753,16.069143021465198,563936000
2022-06-16,15.575940132141113,15.916392943958204,15.376261580184906,15.834523928335084,545749000
2022-06-17,15.854490280151367,15.969305314173598,15.303376974273872,15.62286261751567,630334000
2022-06-21,16.539390563964844,16.980680030237714,16.380645564342693,16.44853713036233,483089000
2022-06-22,16.33371925354004,16.63523415441029,16.15400810802624,16.199933739530884,437135000
2022-06-23,16.198936462402344,16.558356861748027,15.827533351841502,16.49246289970144,463680000
2022-06-24,17.098487854003906,17.112465303147033,16.28379871027583,16.473494023135874,472153000
2022-06-27,16.841901779174805,17.302161688571072,16.599292094417013,17.28419095345656,427968000
2022-06-28,15.956328392028809,17.17436801500843,15.91938717022095,16.87285307326158,461149000
2022-06-29,15.517034530639648,15.794587854289764,15.145632337338009,15.788597926333088,482352000
2022-06-30,15.134650230407715,15.541994845285537,14.838127375234018,15.336325419135894,686070000
2022-07-01,14.49967098236084,15.038803524181898,14.368881846227062,14.875067404670956,577610000
2022-07-05,14.939963340759277,14.946952066314836,14.032424007393097,14.152231139263709,651397000
2022-07-06,15.105696678161621,15.294393215490263,14.765243873049544,14.985889549347426,529066000
2022-07-07,15.832528114318848,15.919388265162539,15.364281576027004,15.431174346701193,492903000
2022-07-08,15.812561988830566,16.011242721672684,15.364282795138564,15.40521730834069,467972000
2022-07-11,15.127660751342773,15.502058363657559,15.013843557279245,15.501059566316355,437321000
2022-07-12,15.057772636413574,15.406211993432294,14.853102016672706,15.243473723701138,458483000
2022-07-13,15.139642715454102,15.350304243121299,14.4417660630257,14.56656528451449,521918000
2022-07-14,15.347307205200195,15.448144798089075,14.704341629701336,15.083731337790685,456235000
2022-07-15,15.736679077148438,15.756646452854604,15.420187936175017,15.633844854727334,385935000
2022-07-18,16.07513999938965,16.869861070689765,15.976299978387807,16.275817386358206,670517000
2022-07-19,16.964704513549805,17.082514988008967,16.146022071859953,16.45951683745517,702366000
2022-07-20,17.778396606445312,17.90419557403467,16.774013886344825,16.919779281556753,760538000
2022-07-21,18.02100372314453,18.114852584461335,17.51681579289386,17.856269769328147,557049000
2022-07-22,17.291181564331055,17.93813952472273,17.109472790103464,17.864258981512034,536671000
2022-07-25,16.99665069580078,17.09649042421537,16.622253142459385,16.991657662023613,480748000
2022-07-26,16.50644302368164,16.891822649479725,16.451531068699488,16.861870154684528,397865000
2022-07-27,17.76142692565918,17.907192331594356,16.885834740379728,17.00464308668516,569776000
2022-07-28,17.955110549926758,18.11086009552277,17.411985687188125,17.946126134465974,474646000
2022-07-29,18.133825302124023,18.214694569102246,17.663581188162542,17.784387118127725,435460000
2022-08-01,18.4113826751709,18.815732907355017,17.961106793902616,18.152797867160455,476469000
2022-08-02,18.49624252319336,18.90758142194784,18.062939600781153,18.09289210018399,489527000
2022-08-03,18.862648010253906,18.93752828432932,18.107862007683355,18.154787385684635,418146000
2022-08-04,19.184131622314453,19.243036855177056,18.729862647284317,18.818720371263073,409652000
2022-08-05,18.958498001098633,19.198112256942917,18.636016886602366,18.779784678395007,386068000
2022-08-08,17.76441764831543,18.2097022715193,17.214304052200333,17.473886632127186,981859000
2022-08-09,17.05855369567871,17.418973850532034,16.697135695647425,17.224287400886112,668263000
2022-08-10,18.067934036254883,18.088900216176043,17.289186130000665,17.669574713467647,597422000
2022-08-11,17.913177490234375,18.67694989267418,17.84728352756443,18.101874963139256,509327000
2022-08-12,18.67894744873047,18.687933769017686,17.92416129028976,18.130829518331936,478094000
2022-08-15,19.00142478942871,19.13321270171444,18.583099190213602,18.670957163642598,457666000
2022-08-16,18.848676681518555,19.111254744277208,18.471283557711025,18.88961119385509,451240000
2022-08-17,18.3055477142334,18.657981332845214,18.115854280880267,18.49324736132435,446799000
2022-08-18,18.742849349975586,18.83470064400147,18.153796798227294,18.27160730857695,415447000
2022-08-19,17.82032585144043,18.490247392890844,17.741452295596194,18.37643021818228,441588000
2022-08-22,17.00663948059082,17.529797971537494,16.93874791361986,17.461906404566534,409593000
2022-08-23,17.153398513793945,17.436942664447834,16.94273704308187,16.961707525081724,369986000
2022-08-24,17.194337844848633,17.378042316071028,16.867863413110875,16.984674160286165,522661000
2022-08-25,17.88422393798828,17.918169715102525,16.805958969898168,16.816940979132873,770691000
2022-08-26,16.23387908935547,17.895205487932916,16.210915322065308,17.828313684831375,769127000
2022-08-29,15.775617599487305,16.31175468886111,15.741672771666877,15.994266622399852,496132000
2022-08-30,15.443155288696289,16.01323727983435,15.157614418315411,15.934364651664499,530181000
2022-08-31,15.069754600524902,15.515038296538872,14.934971220455097,15.359288739854978,573710000
2022-09-01,13.914613723754883,14.356901987282448,13.248685287003793,14.186176179149008,1178865000
2022-09-02,13.625079154968262,14.148236669923433,13.56916839929729,14.07735157024542,743157000
2022-09-06,13.443368911743164,13.75686460680835,13.329551730436686,13.708941382649355,535751000
2022-09-07,13.696040153503418,13.819878314045399,13.328522048866603,13.545237877389667,512657000
2022-09-08,13.9716796875,13.989656718202694,13.351493557830084,13.441374901641682,624873000
2022-09-09,14.368159294128418,14.455045254829914,14.107501412023929,14.138460000064642,486612000
2022-09-12,14.486002922058105,14.527947731810595,14.179404839818012,14.350181361214242,484159000
2022-09-13,13.113802909851074,13.903767364016517,13.081845229225642,13.783924633033108,714956000
2022-09-14,13.110807418823242,13.272594961389391,12.896088837173366,13.23664185667735,588507000
2022-09-15,12.912067413330078,13.215669180142505,12.773249515880076,12.99795522520399,523625000
2022-09-16,13.18071460723877,13.194696210561576,12.600475212066435,12.725311500263086,670751000
2022-09-19,13.364476203918457,13.44537046183126,12.992963597995722,12.99496083422158,569685000
2022-09-20,13.158744812011719,13.465342935530723,13.039901168379119,13.197694249472493,524818000
2022-09-21,13.243633270263672,14.012625346801554,13.092830994775037,13.195696747526322,807679000
2022-09-22,12.544550895690918,13.1317811906846,12.411725641921524,13.052884170953144,759162000
2022-09-23,12.499608039855957,12.594483888456596,12.240947418073999,12.40373404951629,663309000
2022-09-26,12.211986541748047,12.642422835414386,12.198004936367159,12.47464261841831,547343000
2022-09-27,12.396742820739746,12.719319742448128,12.241946090666989,12.490619571943231,553854000
2022-09-28,12.719321250915527,12.806207210789621,12.337821540927935,12.393747960630728,542414000
2022-09-29,12.203996658325195,12.483629696855662,11.930355327743255,12.431697751600325,532763000
2022-09-30,12.123102188110352,12.616455658995795,12.05918587570381,12.07117024380662,565638000
2022-10-03,12.495615005493164,12.661397986074181,12.089147450998603,12.330831119191432,547478000
2022-10-04,13.149754524230957,13.202685557771737,12.862131621505267,12.862131621505267,584182000
2022-10-05,13.191699981689453,13.30355376155447,12.604470732780348,12.894090885519283,507131000
2022-10-06,13.112804412841797,13.638115559922221,13.085839346698974,13.202686696750762,644157000
2022-10-07,12.060185432434082,12.653407390361005,12.00625625011576,12.488623513159082,672478000
2022-10-10,11.654715538024902,12.108120441007816,11.393058603226073,12.021234494107956,698699000
2022-10-11,11.57082748413086,11.830486265809176,11.268223841612809,11.545859652529316,667482000
2022-10-12,11.484940528869629,11.719632448977713,11.330143771029212,11.563837549253588,492590000
2022-10-13,11.944336891174316,12.062182385586972,10.798838721715281,10.956631792924158,850103000
2022-10-14,11.212296485900879,12.095138555665246,11.18932684468692,12.041209377307327,713432000
2022-10-17,11.872431755065918,11.932353601891439,11.501918256315049,11.50291639818063,580774000
2022-10-18,11.95132827758789,12.475640367724393,11.602785343462813,12.327834421594872,659362000
2022-10-19,12.035218238830566,12.333827422065536,11.818502403849406,11.863443550233667,523131000
2022-10-20,12.178030014038086,12.752276757936729,12.089145874513667,12.097135770429727,652398000
2022-10-21,12.449673652648926,12.481632285200682,11.871432413251382,12.0821555690685,609494000
2022-10-24,12.582498550415039,12.69335323012042,12.048199414232464,12.491618133053988,517457000
2022-10-25,13.243633270263672,13.282582706939756,12.647414970734918,12.677376368924335,505482000
2022-10-26,12.879111289978027,13.370466592779119,12.691357769324208,12.852147174952409,532953000
2022-10-27,13.158744812011719,13.819878535178242,13.10481562757985,13.612150741855237,583113000
2022-10-28,13.815881729125977,13.83186152118797,13.043894336346346,13.086838241715473,521040000
2022-10-31,13.479325294494629,13.819879308054368,13.279587386831182,13.759957459542598,486341000
2022-11-01,13.525262832641602,13.906762493344775,13.501294098029572,13.792911480150275,432817000
2022-11-02,13.20168685913086,14.191389115723172,13.193697915853496,13.83186095275916,672628000
2022-11-03,13.403423309326172,13.762952460821824,12.93903307601992,13.025919033651268,500065000
2022-11-04,14.137459754943848,14.21036409974022,13.679060329272222,13.967682330980322,612576000
2022-11-07,14.282270431518555,14.393125122055553,13.935725708295829,14.209366081203711,410061000
2022-11-08,14.582877159118652,14.871498236897642,14.197382040182664,14.781615950345596,595292000
2022-11-09,13.75795841217041,14.192389137520287,13.740980477958338,14.143452570833958,454414000
2022-11-10,15.729373931884766,15.75234357507586,14.527949302036653,14.78061823441489,700819000
2022-11-11,16.305614471435547,16.367533537797133,15.461721942772888,15.786296065522002,655487000
2022-11-14,16.273656845092773,16.518336781624008,15.90114525664208,16.196758035135932,527852000
2022-11-15,16.644174575805664,16.975738615290787,16.36054610593409,16.70010099439711,545876000
2022-11-16,15.889163970947266,16.340571692497278,15.85221272363111,16.140834757175984,649547000
2022-11-17,15.656468391418457,16.244697698362444,15.514654166070915,15.694418730732606,710894000
2022-11-18,15.38882064819336,15.981044462160867,15.10019861437429,15.945090404179322,492072000
2022-11-21,15.296939849853516,15.456730146887825,15.060249781863105,15.127162421148238,404739000
2022-11-22,16.016996383666992,16.03697064838447,15.10219563199428,15.307926177427646,472866000
2022-11-23,16.497364044189453,16.50535489230616,16.026982150723164,16.07691590341239,427241000
2022-11-25,16.248695373535156,16.465410273649304,16.150824128322316,16.296632854209083,167934000
2022-11-28,15.80627155303955,16.335578114870664,15.704405855375358,16.00501033484104,303741000
2022-11-29,15.618518829345703,15.9111353323506,15.499675191959904,15.806272346937764,298384000
2022-11-30,16.90515899658203,16.912151586236597,15.580556739527186,15.680450741353981,565298000
2022-12-01,17.11693572998047,17.24679783970152,16.61746285278934,16.981079427481237,470977000
2022-12-02,16.85820960998535,16.915150636132893,16.42766419266872,16.641439305658572,371389000
2022-12-05,16.592491149902344,16.977085530136808,16.454636135070988,16.66141865731802,352255000
2022-12-06,15.970148086547852,16.55552985566231,15.802324959390125,16.512575914907618,352694000
2022-12-07,16.103008270263672,16.168938682471737,15.6504847696813,15.75537458146814,372388000
2022-12-08,17.15089988708496,17.160889573039334,15.942174561334516,16.25584460322099,515456000
2022-12-09,16.983076095581055,17.564463251970096,16.95710443596456,17.14190886566031,465338000
2022-12-12,17.516517639160156,17.519514736231685,16.779296541065285,17.019043348066607,457328000
2022-12-13,18.05295181274414,18.770195420423224,17.692332261799088,18.51146764054295,656589000
2022-12-14,17.655370712280273,18.23276249935812,17.401638727640112,17.968040523898743,496888000
2022-12-15,16.934127807617188,17.30173986952119,16.68239457922902,17.127923524585228,478542000
2022-12-16,16.55353355407715,17.023039400348072,16.39270394689365,16.846225910038616,478232000
2022-12-19,16.236862182617188,16.591487428402555,16.12797785448351,16.554527689533725,354039000
2022-12-20,16.06804656982422,16.292809815920624,15.835293287085545,16.04706879387778,403260000
2022-12-21,16.483606338500977,16.60947488301715,16.085026742432447,16.097015130166447,325025000
2022-12-22,15.322831153869629,16.120989680017022,14.866313091281313,16.077035434762546,565045000
2022-12-23,15.189971923828125,15.322831151410716,14.867312438743172,15.17998223602925,349326000
2022-12-27,14.106115341186523,15.08408346858157,14.041183324202558,15.058110852321793,464902000
2022-12-28,14.021204948425293,14.246966554872388,13.86936474434743,13.912319639203043,351066000
2022-12-29,14.587606430053711,14.667522024551847,14.212003326446284,14.386819046661842,354923000
2022-12-30,14.598596572875977,14.613580152560912,14.217997644037638,14.31889101828184,310490000
2023-01-03,14.299909591674805,14.980192432307444,14.081140585137454,14.835344825073602,401277000
2023-01-04,14.733452796936035,14.837343262850888,14.225988854764774,14.551645434254098,431324000
2023-01-05,14.249963760375977,14.548648374304229,14.133086509590795,14.475725368544696,389168000
2023-01-06,14.84333610534668,14.994176946626181,14.019205996590792,14.45874173703761,405044000
2023-01-09,15.611527442932129,16.03907580315993,15.125040304206118,15.267890176019389,504231000
2023-01-10,15.892230033874512,15.94517366128145,15.455690420036634,15.490653372601406,384101000
2023-01-11,15.984132766723633,16.011104732768004,15.546594737725535,15.823303178294324,353285000
2023-01-12,16.493593215942383,16.619459833672344,15.475667427433098,16.083027207439695,551409000
2023-01-13,16.88118553161621,16.904162001817628,16.147960048723682,16.260839889557317,447287000
2023-01-17,17.68334197998047,17.709315551841687,16.881188834859515,16.881188834859515,511102000
2023-01-18,17.35868263244629,17.854158152300805,17.263781558432793,17.648375934651437,439624000
2023-01-19,16.74732780456543,17.17887355641003,16.713365152180454,17.018042058487556,452932000
2023-01-20,17.8201961517334,17.837178429750637,16.80726509622476,16.993067946601407,564967000
2023-01-23,19.17276954650879,19.2247147792948,17.799218927189443,18.044958004082773,655163000
2023-01-24,19.24468994140625,19.47444892004992,18.80015937186395,18.807151961874666,496204000
2023-01-25,19.302631378173828,19.349582719059857,18.560414551747876,18.893063715882672,449537000
2023-01-26,19.781126022338867,20.14474263652142,19.25767822252368,19.680232657858443,489535000
2023-01-27,20.343530654907227,20.606253883767415,19.384543617188243,19.441482734234384,542142000
2023-01-30,19.141799926757812,20.11876764644554,19.129811540746857,19.928969317759073,488611000
2023-01-31,19.51640510559082,19.66624659725309,18.93002401700691,19.14979141108904,498017000
2023-02-01,20.920921325683594,21.16965745715704,19.590324874698545,19.670240457303972,660477000
2023-02-02,21.686113357543945,21.925860113730366,20.6781782034606,20.977861172359162,564276000
2023-02-03,21.0777587890625,21.72207934933685,20.767085792265146,20.977863818383533,429366000
2023-02-06,21.066770553588867,21.54726252016348,20.764088546903054,20.78406792196353,452197000
2023-02-07,22.149627685546875,22.235537474634327,21.12770531761483,21.3594611160502,664150000
2023-02-08,22.181589126586914,22.853879916035094,21.984796321260635,22.363396450827928,559651000
2023-02-09,22.31345558166504,22.99573622959342,22.09668525553156,22.58217304827231,523876000
2023-02-10,21.242584228515625,22.054726981350132,20.789064216864638,21.6671373847091,550737000
2023-02-13,21.765029907226562,22.024756028474826,20.939900511928794,21.515293472026823,474919000
2023-02-14,22.9467830657959,23.02469994876541,21.343473718903144,21.555250107252977,675474000
2023-02-15,22.740001678466797,22.830905348150583,22.082696315415404,22.525228183306545,420575000
2023-02-16,21.978805541992188,22.526226251527607,21.903883847439104,22.109666050196253,412026000
2023-02-17,21.365453720092773,21.717081932888007,20.9528889890741,21.60819758522636,465888000
2023-02-21,20.63322639465332,21.47134072519899,20.596264744241374,20.977862013234812,410015000
2023-02-22,20.732120513916016,21.08175191942392,20.399471384893207,20.6851710833237,513184000
2023-02-23,23.639049530029297,23.86281428647973,23.000723317667138,23.41528667891649,1117995000
2023-02-24,23.26145362854004,23.449257089535415,22.922812171124363,23.200519010604086,589716000
2023-02-27,23.476224899291992,23.854825071141974,23.429275467548678,23.6450473658971,452994000
2023-02-28,23.191530227661133,23.79988950766087,23.181540538896495,23.347365942780517,455963000
2023-03-01,22.674072265625,23.23148459935281,22.484272025585433,23.167550984389926,460026000
2023-03-02,23.28942108154297,23.35535148775119,22.408350934456944,22.464293559566894,389415000
2023-03-03,23.864816665649414,23.874806353174602,23.105617561777713,23.295417814080157,412393000
2023-03-06,23.52916717529297,24.222433809128542,23.462236474015327,23.8658117595346,437429000
2023-03-07,23.26740074157715,24.103660267777396,23.220441431129053,23.5791250368648,515154000
2023-03-08,24.15961456298828,24.178598765957478,23.40328406914848,23.46622807879238,513573000
2023-03-09,23.41526985168457,24.4323690005714,23.362315331755266,24.15361456298328,501257000
2023-03-10,22.944686889648438,23.60610198543216,22.705897972493613,23.388294401646913,474866000
2023-03-13,22.9456844329834,23.277391485551078,22.27727749488012,22.731874936608868,421890000
2023-03-14,24.041715621948242,24.197577774691457,23.439248344671885,23.475217706481274,474910000
2023-03-15,24.206571578979492,24.264518937841256,23.33933927282555,23.739983668370748,524486000
2023-03-16,25.518407821655273,25.565365225905747,23.872863426440126,24.005747106314715,583253000
2023-03-17,25.70224952697754,26.37565323674263,25.645298824126904,25.95902220904214,848547000
2023-03-20,25.877092361450195,26.000983238469185,25.107772930663263,25.59234458217973,432747000
2023-03-21,26.17582893371582,26.36865903671038,25.358553488198883,26.156846636843376,547408000
2023-03-22,26.444589614868164,27.564598386349715,26.21379303359335,26.401626474238157,797295000
2023-03-23,27.16695213317871,27.474680300568725,26.666395768826245,27.091019134511235,564889000
2023-03-24,26.755313873291016,27.142971183393072,26.331689105706722,27.007091792651533,454920000
2023-03-27,26.507537841796875,26.97612295141189,26.34168427554185,26.813266991321488,361026000
2023-03-28,26.386642456054688,26.4895520016458,25.8271382618564,26.42361038825946,356104000
2023-03-29,26.960132598876953,27.054049321086534,26.57347575940691,26.801274739572264,393694000
2023-03-30,27.35877799987793,27.474676521126977,27.078026419046342,27.204914890179356,364516000
2023-03-31,27.75243377685547,27.809382571922825,27.081027225666862,27.115996118368173,433933000
2023-04-03,27.94026756286621,27.97523645598325,27.311824147854885,27.484671479925822,398716000
2023-04-04,27.428714752197266,27.975231771386614,27.28284399228964,27.94126145071521,368592000
2023-04-05,26.857227325439453,26.97412252588098,26.371657076286322,26.8052732678004,515015000
2023-04-06,27.013084411621094,27.05604564313856,26.40362339232595,26.560484102488175,397654000
2023-04-10,27.554609298706055,27.596571970496065,26.645414265265643,26.79927739516235,395279000
2023-04-11,27.144969940185547,27.765420962103274,27.102006799330113,27.699479353630412,314378000
2023-04-12,26.47156524658203,27.44370417314176,26.42460593521108,27.345791283837347,446259000
2023-04-13,26.439590454101562,26.863215174744923,26.30571011723808,26.710350638891573,353615000
2023-04-14,26.734331130981445,26.85922056456347,26.196806902127364,26.480556091603322,395660000
2023-04-17,26.978118896484375,26.982115069024893,26.409621904454085,26.541505126599592,321471000
2023-04-18,27.64253044128418,28.08513943393583,27.332805146499545,27.508650082334086,604812000
2023-04-19,27.906295776367188,27.975234992237034,27.20791461166313,27.33680022607394,358660000
2023-04-20,27.080028533935547,28.005210147455717,26.976120423056454,27.646526498743864,427713000
2023-04-21,27.095012664794922,27.15895713906588,26.698364452495547,26.928160559616323,345103000
2023-04-24,27.01807975769043,27.341792568225937,26.647407636879258,26.989106080495755,339282000
2023-04-25,26.217790603637695,27.2229013742331,26.201805913337573,27.054050219721624,378527000
2023-04-26,26.93215560913086,27.305825338536614,26.6813781784844,26.978116353168147,406337000
2023-04-27,27.201921463012695,27.470684568616697,26.601453148375764,27.338801338428016,377161000
2023-04-28,27.72446060180664,27.733451514466264,27.047058791443998,27.200923835753162,292216000
2023-05-01,28.884429931640625,29.03229974718171,27.755430216862095,27.81537661530885,570329000
2023-05-02,28.185049057006836,28.810496754933304,28.058162478439368,28.654634590232256,402730000
2023-05-03,27.77741050720215,28.341911325325526,27.44770245263645,27.815377004737694,383387000
2023-05-04,27.537620544433594,27.834356814204146,27.21590486366876,27.626540615871196,321850000
2023-05-05,28.65463638305664,28.729568911412038,27.706476251048336,27.801391549229898,361494000
2023-05-08,29.125215530395508,29.194154745050692,28.32492531170623,28.49677215933893,344979000
2023-05-09,28.545730590820312,28.947375483780448,28.424839220758987,28.87344152488721,314869000
2023-05-10,28.859455108642578,29.08725411185413,28.435830296315775,28.979347916687313,369350000
2023-05-11,28.552722930908203,28.92439555714759,28.221017746526314,28.870442464415532,322149000
2023-05-12,28.314931869506836,28.754543198981384,28.02119130356018,28.503763865404448,274222000
2023-05-15,28.927392959594727,28.943379556146176,28.127102678492278,28.48278682439075,293926000
2023-05-16,29.187158584594727,29.8435789202714,28.806496990692356,28.81548790146732,449405000
2023-05-17,30.151308059692383,30.17228939441913,29.403970448812785,29.557833570142268,432535000
2023-05-18,31.64998435974121,31.799851322804358,30.293185535146684,30.383106094116936,748725000
2023-05-19,31.236345291137695,31.55206575731735,30.888653542259405,31.508104052568303,473908000
2023-05-22,31.14842987060547,31.49212551447805,30.652868222178014,30.873671544340333,372000000
2023-05-23,30.660856246948242,31.260325929202107,30.603907456096916,30.972580557946717,356253000
2023-05-24,30.510986328125,30.579925534957418,29.779633501418378,30.183275454027516,721419000
2023-05-25,37.94640350341797,39.44507664562874,36.60259203294565,38.48892244912427,1543911000
2023-05-26,38.911556243896484,39.13535716800428,37.516790924073234,37.8564903887327,714397000
2023-05-30,40.075523376464844,41.90090712766281,39.91366790954096,40.559096455146374,923401000
2023-05-31,37.800533294677734,40.25935493570893,37.78854287268503,39.453069566174214,1002580000
2023-06-01,39.734825134277344,40.01457626339759,38.306089619716126,38.45495609590561,635873000
2023-06-02,39.29222106933594,40.46418406925683,39.02345795167412,40.061540581838685,482731000
2023-06-05,39.1363639831543,39.53001277855941,38.67277357971231,38.874594623272664,396094000
2023-06-06,38.61981201171875,39.125365001144544,38.11425902229296,38.79565884971586,388729000
2023-06-07,37.44572448730469,39.46814549212033,37.32681796379226,38.88460205575025,511998000
2023-06-08,38.47991943359375,38.833643027365426,37.47570715034152,37.694534053593046,417772000
2023-06-09,38.73971939086914,39.679982507586125,38.53687882707075,39.0065091445359,427717000
2023-06-12,39.45116424560547,39.49912709454757,38.58784058808382,39.16938679625348,388701000
2023-06-13,40.98995590209961,41.06889657145173,39.70895962649225,40.15461038931082,613208000
2023-06-14,42.963417053222656,42.966413063285984,40.52032331528582,40.79211402973289,740465000
2023-06-15,42.619686126708984,43.2551909701653,42.11408081517457,42.56872727104233,568622000
2023-06-16,42.658653259277344,43.6868488037051,42.62767543128522,43.416060581927226,655709000
2023-06-20,43.77378463745117,43.95564551444472,42.64067141901623,42.96441968644821,451153000
2023-06-21,43.011375427246094,43.58093370313804,42.04713285457767,43.467020523272616,551603000
2023-06-22,42.991397857666016,43.39208183010409,42.20101528373677,42.21999763880809,417737000
2023-06-23,42.176025390625,42.77555513779792,41.982176702107104,42.43082724844622,358140000
2023-06-26,40.60026168823242,42.73059631968799,40.06867574743641,42.42783159494467,594322000
2023-06-27,41.843284606933594,41.90723378479605,40.41640261431228,40.76712632853293,462175000
2023-06-28,41.08488464355469,41.812316652912195,40.486353490200045,40.628240868259915,582639000
2023-06-29,40.79011535644531,41.567507592478876,40.568288623316235,41.5255405787365,380514000
2023-06-30,42.26895523071289,42.51676261089797,41.468582218513255,41.647443251980995,501148000
2023-07-03,42.37986373901367,42.864485450578925,42.169030043008505,42.48378258219759,198209000
2023-07-05,42.2839469909668,43.143272032107916,42.0521259526018,42.102086134617814,323618000
2023-07-06,42.07011413574219,42.14605498586675,41.31370545626282,41.81131756799603,303582000
2023-07-07,42.46979522705078,43.180242145503854,42.14704950459855,42.288936867275254,355881000
2023-07-10,42.14705276489258,42.7775603980854,41.61646549525351,42.6236813610569,353908000
2023-07-11,42.37187957763672,42.72460451753315,42.03414612426581,42.44782043348418,298244000
2023-07-12,43.867706298828125,43.90068146612332,42.74358509464824,42.99938563817074,481277000
2023-07-13,45.94109344482422,46.11895201895111,44.45725261049975,44.48323328046501,478204000
2023-07-14,45.43348693847656,48.05044077711324,45.024806002911156,46.54661523204283,772075000
2023-07-17,46.424713134765625,46.45968564777863,45.22665203775024,46.25285039179776,510488000
2023-07-18,47.4568977355957,47.85858412490547,45.69827430374762,46.66451794958182,569164000
2023-07-19,47.04023361206055,47.78065603639918,46.70549615415564,47.42693241076301,427502000
2023-07-20,45.48444366455078,47.05022098399054,45.02680123666584,46.470672206647684,537865000
2023-07-21,44.27438735961914,45.83017417101583,44.06555098011311,45.7522321711593,963769000
2023-07-24,44.5771484375,45.07376182575431,44.005596688922395,44.69605495582579,382516000
2023-07-25,45.64332580566406,46.14692998888213,44.88791571911896,44.90590321639875,348081000
2023-07-26,45.41649627685547,46.017028562917005,44.59513975878737,45.985052064508444,364237000
2023-07-27,45.86415100097656,47.357982253239214,45.71426663486367,46.4826670082,455976000
2023-07-28,46.71348571777344,46.99026979268205,46.344774445154044,46.63154903236518,331194000
2023-07-31,46.6925048828125,47.09319267881654,46.469679472055226,46.717486882574775,251055000
2023-08-01,46.470672607421875,46.86336718401233,45.991048000510794,46.42370843555568,237858000
2023-08-02,44.23442077636719,45.80419275361582,43.35310977121058,45.79520091213266,530142000
2023-08-03,44.48023223876953,45.08276192345427,43.76579051634056,43.76579051634056,324176000
2023-08-04,44.64509582519531,45.606342288223864,44.35832128281738,44.949857860967036,362666000
2023-08-07,45.381526947021484,45.504431975857,44.528193870776704,45.07576619174701,322154000
2023-08-08,44.629119873046875,45.20666758358326,44.02159299987499,44.817971444919216,353843000
2023-08-09,42.52075958251953,44.277385732589195,42.101085685540646,44.23941340389369,586449000
2023-08-10,42.354896545410156,43.53997113311342,41.80232702153618,42.12707396720268,492705000
2023-08-11,40.823089599609375,41.985183246912044,40.607258703595875,41.71838968414298,533085000
2023-08-14,43.71882247924805,43.765786651430616,40.27951352736408,40.45437607089752,690286000
2023-08-15,43.905677795410156,45.23264344321466,43.67585790214367,44.52519626774696,676512000
2023-08-16,43.45203399658203,44.640104468597144,43.37209465339346,44.4852267558164,527451000
2023-08-17,43.31014633178711,44.027584017095954,42.96741192711898,43.93565682241001,452395000
2023-08-18,43.26517868041992,43.543960081000186,41.62745897404412,42.601695871064955,583768000
2023-08-21,46.93031692504883,47.02823995825299,44.1874618900852,44.4592488124891,692573000
2023-08-22,45.63232421875,48.14935742594029,45.29758682975093,48.097396095838995,755293000
2023-08-23,47.07920455932617,47.16313859123231,45.17269372042857,45.83018078207806,779046000
2023-08-24,47.12615966796875,50.22673658703904,47.12216498787686,50.17677640386691,1156044000
2023-08-25,45.9820556640625,47.767658540303835,44.98882881073535,46.975278705672146,925341000
2023-08-28,46.79841613769531,46.94330333520207,44.852938347469795,46.44569122659898,685192000
2023-08-29,48.74589538574219,49.04266428440614,46.35476299443785,46.62954971759292,701397000
2023-08-30,49.22551727294922,49.88799757012422,48.38717195801793,49.005687906612565,735206000
2023-08-31,49.31644821166992,49.705144301675666,48.91975894986802,49.34143020878583,528570000
2023-09-01,48.47111511230469,49.76110725432437,48.104401146535636,49.72313873006912,463830000
2023-09-05,48.51008605957031,48.81285082996846,47.82262363775037,48.185339110764936,382653000
2023-09-06,47.02811813354492,48.515077394105326,46.54745522657099,48.40715496062999,468670000
2023-09-07,46.20869445800781,46.31162313659779,45.120454595762936,45.49319509398626,433330000
2023-09-08,45.54015350341797,46.57343135473317,45.239365149462806,45.909897697113266,473069000
2023-09-11,45.14643478393555,46.130743345970416,44.28103874415618,46.11575443664463,473966000
2023-09-12,44.838645935058594,45.64108624011381,44.49988211053749,44.70673820080512,349256000
2023-09-13,45.45322036743164,45.897909142211645,44.471904231366715,44.568836579722586,398355000
2023-09-14,45.549156188964844,45.95487076893904,45.0994698183301,45.91789786927569,370097000
2023-09-15,43.86932373046875,45.567133950218214,43.77738515441512,45.309314822834715,506831000
2023-09-18,43.93527603149414,44.211084137750255,41.97065027461465,42.71812866784668,500271000
2023-09-19,43.489585876464844,43.93527332902396,42.97194633294254,43.802366857424914,373064000
2023-09-20,42.20948791503906,43.872326816521394,42.193500252380844,43.56953710623469,367108000
2023-09-21,40.98833465576172,42.07057801307491,40.951361762571175,41.55394101252563,450736000
2023-09-22,41.58091735839844,42.08556545672071,41.20218064361925,41.542941905693134,479236000
2023-09-25,42.19248962402344,42.50626933455587,41.148218030436,41.56193013453454,419091000
2023-09-26,41.881717681884766,42.79008299471649,41.62589602088143,41.97165495479975,402282000
2023-09-27,42.43832778930664,42.842048671557556,41.599917076129024,42.30042752855497,444935000
2023-09-28,43.05888748168945,43.41563643301945,42.085569148140415,42.430325448929366,424663000
2023-09-29,43.468605041503906,44.113154796580034,43.276737862234015,43.79637496273023,397830000
2023-10-02,44.75070571899414,45.14342881532186,43.83034792394179,43.9992285379224,433298000
2023-10-03,43.4865837097168,45.09845913874494,43.215773206538074,44.776681779419775,470850000
2023-10-04,44.01022720336914,44.11215712134903,43.26175000991843,43.71143633979229,361821000
2023-10-05,44.656776428222656,44.86863010408986,43.85733614690028,44.019221707908876,393483000
2023-10-06,45.73002243041992,45.75700398969615,43.99523549081201,44.16211860779347,434436000
2023-10-09,45.241355895996094,45.57312458126316,44.336989652628624,44.810657381240446,409675000
2023-10-10,45.765995025634766,46.22667139823051,45.05649211437215,45.27833709467453,368582000
2023-10-11,46.77329635620117,46.82626072787499,46.01782405573412,46.16372195389678,378137000
2023-10-12,46.912193298339844,47.575730741552675,46.297625211200135,46.74431143305413,481325000
2023-10-13,45.429229736328125,47.08307579073531,45.24835646569822,46.92718276252737,474115000
2023-10-16,46.06278991699219,46.192696327999904,44.880614130194836,45.0315095868921,375099000
2023-10-17,43.90729904174805,44.72273077097073,42.45031760329598,43.96925599511655,812333000
2023-10-18,42.16651916503906,43.188807074933266,41.79577997825451,42.56124365811376,627294000
2023-10-19,42.07158279418945,43.26674621056965,41.85273405618411,42.78108575212414,501233000
2023-10-20,41.35808181762695,42.4403252529677,41.049295810508625,41.860728698935155,477266000
2023-10-23,42.94497299194336,43.21778487682209,40.91639251850647,41.200194491752654,478530000
2023-10-24,43.632484436035156,43.66646107168209,42.6611674055464,43.04689542430625,401463000
2023-10-25,41.74980545043945,43.61950024898592,41.525962950621626,43.36767362465919,398379000
2023-10-26,40.297821044921875,42.22647269652664,39.852133556535904,41.8237544285133,541001000
2023-10-27,40.471702575683594,41.177210573030834,39.987040836148445,41.1012634608965,416784000
2023-10-30,41.132240295410156,41.73681712722262,40.45271510334961,41.05829449956598,388028000
2023-10-31,40.75150680541992,40.850440472726774,39.20259051438913,40.421739350493176,517969000
2023-11-01,42.295433044433594,42.35139367956083,40.84044890706074,40.855437818322336,437593000
2023-11-02,43.4755973815918,43.853331578454224,42.864025551225126,43.29772036984495,409172000
2023-11-03,44.97355270385742,45.27733731815709,43.69244703893823,43.989240387189966,424610000
2023-11-06,45.719032287597656,45.90290564428218,44.86762640814462,45.25335828782106,400733000
2023-11-07,45.922889709472656,46.18570260804149,45.12644574728523,45.687054558944546,343165000
2023-11-08,46.54145431518555,46.834248828049994,45.93587499644732,46.06778272127609,346719000
2023-11-09,46.91718673706055,48.19629090693493,46.7173257575099,47.43382369058895,540496000
2023-11-10,48.301231384277344,48.43813671048467,47.24996819068083,47.466815645191716,421245000
2023-11-13,48.586021423339844,49.081676995363466,48.06538560948801,48.28623183718149,384136000
2023-11-14,49.62130355834961,49.79918059248535,49.005736641538505,49.64528886328257,416954000
2023-11-15,48.853843688964844,49.925093307072636,48.16632465148742,49.900113061154364,475497000
2023-11-16,49.4454231262207,49.49039366266599,48.29622902861317,48.644984172997816,339756000
2023-11-17,49.263553619384766,49.68225956451404,48.972756588136555,49.48939362933796,325205000
2023-11-20,50.373779296875,50.512682115669016,49.14663666812377,49.27754565599921,414120000
2023-11-21,49.90909957885742,50.48169721701578,49.187603987551,50.090971605091276,565747000
2023-11-22,48.68195724487305,50.29982538193606,47.6566732297451,49.81716500278888,899420000
2023-11-24,47.74261474609375,48.886815068886136,47.711634365879085,48.43613001762004,294645000
2023-11-27,48.208290100097656,48.49608705256933,47.6187022270162,47.766597618423056,395662000
2023-11-28,47.7875862121582,48.28923817471284,47.439829789625705,48.20229716306376,401491000
2023-11-29,48.106361389160156,48.727928411184934,47.826558260033494,48.345196613263326,382005000
2023-11-30,46.7373161315918,48.07637985053357,46.389559751727184,47.99043760178817,526247000
2023-12-01,46.732322692871094,47.16702011217605,46.15472745047927,46.4924925258304,369317000
2023-12-04,45.47820281982422,46.04480802783984,44.9785521441802,46.04480802783984,437543000
2023-12-05,46.537559509277344,46.57153532629203,45.24334850919928,45.438229098759074,371718000
2023-12-06,45.47520446777344,47.35805637744802,45.3842604483653,47.18616055304672,380590000
2023-12-07,46.56753158569336,46.600512368918565,45.57613709541874,45.67207911260122,350823000
2023-12-08,47.47697830200195,47.71183534651791,46.52156105756746,46.566535548739374,359224000
2023-12-11,46.59851837158203,47.50196552269277,45.80200812005124,47.46199285274284,509728000
2023-12-12,47.62788772583008,47.63688109924922,46.017871828359986,46.017871828359986,372387000
2023-12-13,48.05862808227539,48.56431952524785,47.578921733918634,47.59990881517736,447792000
2023-12-14,48.32046127319336,48.6402654789673,47.39303060139569,48.36043775200682,391232000
2023-12-15,48.86013412475586,49.37382007835511,48.09060403450958,48.16456014183968,479948000
2023-12-18,50.046409606933594,50.402191134156865,49.11997773498407,49.36982501987744,412587000
2023-12-19,49.573692321777344,49.66963433728467,48.86512588284418,49.39380199579273,464444000
2023-12-20,48.081607818603516,49.9684548790202,48.0686152726536,49.624663268494515,397894000
2023-12-21,48.9600715637207,49.06500695718709,48.389417453965386,48.781180068606574,300425000
2023-12-22,48.800174713134766,49.35283451146827,48.43739367116176,49.16494962310715,252507000
2023-12-26,49.2488899230957,49.569692938536456,48.93008458769596,48.93807912022649,244200000
2023-12-27,49.386810302734375,49.64965012045702,49.05501239405432,49.48075464580007,233648000
2023-12-28,49.49174880981445,49.85352719386826,49.38181539341571,49.6126770927999,246587000
2023-12-29,49.49174880981445,49.96646094313931,48.72121986722186,49.7825714182401,389293000
