Date,Close,High,Low,Open,Volume
2015-01-02,170.12501525878906,171.325829928709,169.08983891329257,170.91175939051038,121465900
2015-01-05,167.05258178710938,169.24715009688967,166.7461737006491,169.0815244457335,169632600
2015-01-06,165.47911071777344,167.88071412827958,164.68408994172034,167.35898134910641,209151400
2015-01-07,167.54122924804688,167.8807701425897,166.35699350286723,166.80418415106138,125346700
2015-01-08,170.5142059326172,170.72953065352303,168.93246642029644,168.94902014003745,147217800
2015-01-09,169.14781188964844,170.94487647756347,168.53498295474012,170.92831011812547,158567300
2015-01-12,167.82273864746094,169.43762341842782,167.21819936354106,169.2802746346781,144396100
2015-01-13,167.3507080078125,170.16638190252374,166.05052078045333,169.04010981735388,214553300
2015-01-14,166.34039306640625,166.53915144512624,164.44395583561231,165.33833694878177,192991100
2015-01-15,164.8166046142578,167.29273780529536,164.70066539430715,166.97805285767345,176613900
2015-01-16,166.97808837890625,167.13543720440362,164.42741236095966,164.60960440770086,211879600
2015-01-20,167.3341827392578,167.88075887871344,165.76899662094755,167.61574767057863,130991100
2015-01-21,168.17886352539062,168.65918678671582,166.4066424201559,166.87039932448977,122942700
2015-01-22,170.67982482910156,170.81231775411237,167.55773045853948,168.93244722648654,174356000
2015-01-23,169.7440643310547,170.6798677187709,169.6115587363211,170.42313339031367,117516800
2015-01-26,170.14154052734375,170.2326365292039,168.81652270697356,169.5287243661273,92009700
2015-01-27,167.89724731445312,169.04007286894813,167.06910662803043,168.08771613413163,134044600
2015-01-28,165.744140625,169.18092074926022,165.55367173160218,169.08154787208377,168514300
2015-01-29,167.27618408203125,167.53290573788595,164.53502710249373,165.94287673441366,173585400
2015-01-30,165.17274475097656,167.42528962048652,164.90774616208577,166.10027140317112,197729700
2015-02-02,167.21820068359375,167.30929668351396,163.8559508188736,165.669581321377,163107000
2015-02-03,169.63641357421875,169.6447030722255,167.73997608586896,168.11263703970548,124212900
2015-02-04,168.99041748046875,170.08356945276037,168.5349374920139,168.8744782685372,134306700
2015-02-05,170.6964569091797,170.84552889333736,169.57847389193944,169.65300356580246,97953200
2015-02-06,170.22438049316406,171.62394076730268,169.70264763355704,171.06079833152506,125672000
2015-02-09,169.4624786376953,170.2988964085735,169.05668504224863,169.57841785976186,87219000
2015-02-10,171.26783752441406,171.5245592115905,169.5038931575931,170.4976724628847,96164200
2015-02-11,171.3672332763672,171.7978701903845,170.45628564015155,171.10223469296227,91087800
2015-02-12,173.01516723632812,173.07314315540543,171.40029527066008,172.16218325865665,97545900
2015-02-13,173.72740173339844,173.77708816692638,172.88269445414045,173.13942875474757,93670400
2015-02-17,174.00071716308594,174.1746323442568,173.1642992486139,173.41273145538702,76968200
2015-02-18,174.01724243164062,174.09177207607388,173.363004077811,173.6280152176981,80652900
2015-02-19,173.89303588867188,174.25741993425422,173.2802196633091,173.4210021106608,91462500
2015-02-20,174.93650817871094,175.01103783545233,172.8578661957788,173.47897194148132,140896400
2015-02-23,174.9116973876953,174.9116973876953,174.30714525156807,174.68809573958757,74411100
2015-02-24,175.4085693359375,175.60732775468037,174.53901862902975,174.83714993892866,72472300
2015-02-25,175.25950622558594,175.76467280547013,174.9199653395393,175.28434944784004,73061700
2015-02-26,175.05242919921875,175.3257172152652,174.4478772380732,175.16836842089657,72697900
2015-02-27,174.45614624023438,175.21803426981833,174.40645981341328,174.95302314487125,108076000
2015-03-02,175.5576171875,175.6155804872333,174.50587456702831,174.55556100577942,87491400
2015-03-03,174.83714294433594,175.60732072927564,173.97588177043423,175.1269973805194,110325800
2015-03-04,174.10009765625,174.31542242677207,173.1311740981912,174.24088012505203,114497200
2015-03-05,174.29058837890625,174.57215333133064,173.78542178241264,174.42308135647423,76873000
2015-03-06,171.8392791748047,173.85994549150837,171.5080277875941,173.42930857899026,188128000
2015-03-09,172.5514678955078,172.90756247783182,171.88067567378718,172.0380244934855,89818900
2015-03-10,169.7523193359375,171.26781870995183,169.71090976336123,171.18501220122667,157121300
2015-03-11,169.35482788085938,170.18296884849192,169.27200872952477,170.00905368526062,110145700
2015-03-12,171.5080108642578,171.57425102601943,169.93453533919217,169.98422177872797,93993500
2015-03-13,170.45623779296875,172.19532604836107,169.42106169936847,171.23469223718448,162410900
2015-03-16,172.73361206054688,172.8247080553119,170.48106804128992,171.18499278596744,136099200
2015-03-17,172.22018432617188,172.60112205758392,171.4085971591291,171.99658274860482,94510400
2015-03-18,174.29058837890625,174.96138067468297,171.11051682508818,171.74818903558065,228808500
2015-03-19,173.4955291748047,174.29882690791254,173.10630191705437,173.87647957216197,117917300
2015-03-20,175.0269317626953,175.53435314639842,174.26164278434246,174.44464805012606,177715100
2015-03-23,174.68589782714844,175.60923808051962,174.68589782714844,175.0352680996626,71784500
2015-03-24,173.70431518554688,175.01860728358153,173.6377666615093,174.56110680667695,77805300
2015-03-25,171.158935546875,174.14524279752095,171.11735381250836,173.91232923658438,159521700
2015-03-26,170.7512664794922,171.66628000286894,169.79464585475975,170.4933989166057,153067200
2015-03-27,171.14230346679688,171.31698228652505,170.44355010937383,170.63488193095372,118939000
2015-03-30,173.2301788330078,173.52964087435808,172.15711392232274,172.17374153535073,96180400
2015-03-31,171.7162628173828,173.10544304719463,171.65804077441965,172.40668968177818,126768700
2015-04-01,171.10903930664062,171.70796356041745,170.11915025684732,171.68300944091325,137303600
2015-04-02,171.7245635986328,172.17375033720432,170.85944534924582,171.04245064458402,86900900
2015-04-06,172.88082885742188,173.39656416417543,170.701418168536,170.83450255255133,114368200
2015-04-07,172.4232940673828,173.6544101425023,172.39002614874036,172.9057613911213,81236300
2015-04-08,173.00558471679688,173.44645764013111,172.25693593565734,172.64790063262691,89351900
2015-04-09,173.7709197998047,174.00383337971292,172.34848420056778,172.83926548017172,85548900
2015-04-10,174.71917724609375,174.76077166783332,173.82080373926343,174.02043665507665,72722900
2015-04-13,173.92892456054688,175.2099616006904,173.87901633430343,174.57775688738096,74436600
2015-04-14,174.26165771484375,174.444662996307,173.10540399623537,173.72928217590538,75099900
2015-04-15,175.04356384277344,175.55098523943107,174.64428538579418,174.72747421521345,99529300
2015-04-16,174.99368286132812,175.50110433696972,174.51121549982994,174.71086110581254,68934900
2015-04-17,172.9806365966797,174.04538777213105,172.1987071756499,173.8041604387327,191113200
2015-04-20,174.5611114501953,174.8938413864011,173.820776553229,173.90395269086372,92189500
2015-04-21,174.3531951904297,175.4013061722621,174.05373309664378,175.24325497098113,72559800
2015-04-22,175.2099609375,175.39296622825637,173.77087272447622,174.69421298498898,78264600
2015-04-23,175.6508331298828,176.29966545157106,174.6942122607432,174.81066901866583,102585900
2015-04-24,176.0584259033203,176.32462003232672,175.60923917666534,176.06675240287345,61327400
2015-04-27,175.3264617919922,176.7488973636394,175.13512995354867,176.62412676712225,79358100
2015-04-28,175.88380432128906,175.93371256350252,174.1286258773628,175.30152034073413,86863500
2015-04-29,175.1600341796875,175.75894552181222,174.35315076294765,174.9936565199954,125684900
2015-04-30,173.4048614501953,174.9770339137259,172.7061082608666,174.58606924936552,161304900
2015-05-01,175.2847900390625,175.32638445049903,174.08694206955124,174.18675850273308,103399700
2015-05-04,175.78392028808594,176.36620404488573,175.60091500840113,175.7090452606993,70927200
2015-05-05,173.7709197998047,175.90043533342572,173.6295088900631,175.5427384617421,113326200
2015-05-06,173.05543518066406,174.6276072505648,171.9906843974948,174.319831495489,135060200
2015-05-07,173.74591064453125,174.17015593221083,172.62293753129305,172.95566748495605,88244900
2015-05-08,176.03346252441406,176.23310811066005,175.33472201180402,175.41791084594837,155877300
2015-05-11,175.19334411621094,176.25809539088837,175.1184817670937,175.9919139186372,75708100
2015-05-12,174.66929626464844,175.20999844593865,173.5379963581667,174.361520342868,119727600
2015-05-13,174.70252990722656,175.70073245209886,174.46961640318415,175.07685427494943,94667900
2015-05-14,176.52427673339844,176.61577938439606,175.4428852287453,175.71739318173817,95934000
2015-05-15,176.71559143066406,176.85700230725067,176.23312407316172,176.71559143066406,76510100
2015-05-18,177.26455688476562,177.51409795312964,176.4826276896743,176.54917620551524,74549700
2015-05-19,177.20635986328125,177.65555926753893,176.9235381304282,177.3810513411224,72114600
2015-05-20,177.08160400390625,177.830252816043,176.7655016333957,177.30619103184608,76857500
2015-05-21,177.5973663330078,177.80532577836263,176.77384235998136,176.940220070535,64764600
2015-05-22,177.17308044433594,177.63058093249938,177.10653191866064,177.21466216665377,57433500
2015-05-26,175.26817321777344,177.1065398297752,174.8522544333493,176.68229454624878,124308600
2015-05-27,176.9318389892578,177.1647524807789,175.31807216026635,175.72567711684493,93214000
2015-05-28,176.73226928710938,176.8403995728642,176.04184237155204,176.6241263085167,74974600
2015-05-29,175.6342315673828,176.7072967383214,175.3680500731995,176.66571500283214,124919600
2015-06-01,175.99192810058594,176.63243406287347,175.20167204232382,176.29970402253807,93338800
2015-06-02,175.81716918945312,176.5075958167085,174.9104693881596,175.53434749428806,91531000
2015-06-03,176.28306579589844,176.9069441485281,175.79228453811078,176.34961434331944,87820900
2015-06-04,174.7940216064453,176.23309695766497,174.47791928810233,175.57595090371493,151882800
2015-06-05,174.4945526123047,175.16833894364447,173.8373938918091,174.644277266899,121704700
2015-06-08,173.4215087890625,174.53618088064647,173.34664644724396,174.38644350417422,89063300
2015-06-09,173.39657592773438,173.93727807931117,172.76438380905586,173.39657592773438,105034700
2015-06-10,175.47616577148438,175.85881671031495,174.10363860063796,174.16186064118648,134551300
2015-06-11,176.04183959960938,176.42447788380207,175.6841427414247,175.91705631254314,73876400
2015-06-12,174.69419860839844,175.9170008174416,174.4196906948547,175.21826032451227,135382400
2015-06-15,173.9455108642578,174.2283325203897,172.84747945645518,173.55454628961573,124384200
2015-06-16,174.89389038085938,174.97707923463193,173.62117961372883,173.79585843667937,85308200
2015-06-17,175.1767120361328,175.7839627439491,174.15355513829485,175.1767120361328,126708600
2015-06-18,176.9984130859375,177.4642401362793,175.2099672263391,175.77561073237266,165867900
2015-06-19,176.2127227783203,176.8312815958883,175.8365774891499,176.75605508897002,130478700
2015-06-22,177.11549377441406,177.70061013424993,176.9065227348598,177.13221502886083,70696000
2015-06-23,177.2408447265625,177.57520599247403,176.84799096530594,177.32443823168492,68476800
2015-06-24,175.9535675048828,177.34949213933672,175.92849200731476,176.97334692123923,92307300
2015-06-25,175.41859436035156,176.5804724618703,175.34336787105184,176.4550949797041,97107400
2015-06-26,175.38519287109375,176.02046014070368,174.83350635153408,175.77804663002834,104174800
2015-06-29,171.70726013183594,175.39351099709683,171.6320336459103,173.90563875410464,202621300
2015-06-30,172.0666961669922,173.29544645073344,171.59023624879336,173.24528270573194,182925100
2015-07-01,173.4458770751953,173.88889443964797,172.66014431421925,173.63812676525103,135979900
2015-07-02,173.28707885742188,174.08953296522503,172.86913693253123,173.92235874618385,104373700
2015-07-06,172.79388427734375,173.57125001771135,171.79918060602085,171.99979729123189,117975400
2015-07-07,173.880615234375,174.005992748395,170.61230532007585,172.99458012308924,173820200
2015-07-08,170.9633331298828,172.82735065650917,170.72928665813495,172.54315319146906,164020100
2015-07-09,171.27256774902344,173.32049305021542,171.163911539407,173.06135838525742,144113100
2015-07-10,173.42918395996094,173.84712590022323,171.3143987625998,173.27036398192914,129456900
2015-07-13,175.3433380126953,175.4519942272115,174.64955296883963,174.691349707303,106069400
2015-07-14,176.1039581298828,176.41324374799498,175.24299900605055,175.3015169827052,81709600
2015-07-15,176.04551696777344,176.60555767656038,175.56905700017123,176.1458189590258,97914100
2015-07-16,177.45819091796875,177.45819091796875,176.8563533661645,177.09875413486793,106683300
2015-07-17,177.60861206054688,177.66713005724577,177.04021711615076,177.44979207473725,89030000
2015-07-20,177.7005157470703,178.19368407736846,177.3828886087727,177.8342602024447,70446800
2015-07-21,176.9984130859375,177.82594272577882,176.69749437641119,177.56680800694502,77965000
2015-07-22,176.68077087402344,177.01513207733043,176.27955018463078,176.3129799276736,88667900
2015-07-23,175.68605041503906,176.91480061758097,175.32662650435347,176.81449864335698,90509100
2015-07-24,173.8638153076172,175.8448556601876,173.52946691847038,175.78635043164496,117755000
2015-07-27,172.8524627685547,173.48774283036434,172.4094452278605,172.97785303292287,132361100
2015-07-28,174.97555541992188,175.11765413377742,172.86077045003267,173.68828723981355,123544800
2015-07-29,176.17929077148438,176.40497028935027,174.95889440503456,175.10099316780972,105791300
2015-07-30,176.2210693359375,176.38824358344127,175.05082409425617,175.66938284005533,91304400
2015-07-31,175.9535675048828,176.7476546885501,175.66937002939375,176.72257919098203,103266900
2015-08-03,175.36009216308594,175.97865089150653,174.40718494905138,175.92014564608382,113965700
2015-08-04,175.01731872558594,175.744533403032,174.5325046890979,175.2847948551061,81820800
2015-08-05,175.59420776367188,176.6306960544716,175.30999742965076,175.91183510057118,85786800
2015-08-06,174.15640258789062,175.8866754985696,173.5712736981722,175.77800651826615,116030800
2015-08-07,173.8220672607422,174.14806149557737,172.91931105168084,173.997608504689,117858000
2015-08-10,176.01205444335938,176.09563516897882,174.9337572199016,174.9337572199016,80270700
2015-08-11,174.42388916015625,175.09259882063466,173.6632317619298,174.67465687715764,126081400
2015-08-12,174.63284301757812,174.81673847505203,171.6570987123818,173.11989537119487,172123700
2015-08-13,174.41552734375,175.15946346067116,173.87219518806353,174.47403258091833,89383300
2015-08-14,175.05084228515625,175.12606879116368,174.08121369246425,174.22331245533792,72786500
2015-08-17,176.02880859375,176.02880859375,173.99761659485281,174.45735534601607,79072600
2015-08-18,175.51893615722656,176.10405246434468,175.2848896343793,175.7529826800738,71692700
2015-08-19,174.1313018798828,175.54393464641035,173.32049365480808,174.77492315805998,172946000
2015-08-20,170.49525451660156,174.10626663748775,170.43673651645807,172.6183941900729,194327900
2015-08-21,165.3629150390625,170.4701662267819,165.10379306833215,168.62285717821266,346588500
2015-08-24,158.40000915527344,165.07035953153323,152.4652279848282,156.7198870007359,507244300
2015-08-25,156.5359344482422,163.37345657175447,156.24337006939646,163.35673532750187,369833100
2015-08-26,162.5459442138672,162.82177460117012,157.45540296590627,160.55653699616815,339257000
2015-08-27,166.5665740966797,166.6919515691399,163.17288779329004,164.68583548232655,274143900
2015-08-28,166.57492065429688,167.0430135359747,165.43811818969027,165.92293231844926,160414400
2015-08-31,165.2292022705078,166.4495986223896,164.6775157242635,165.59699330133736,163298800
2015-09-01,160.29747009277344,162.80512196514385,159.42814363445524,161.42590578259393,256000400
2015-09-02,163.34005737304688,163.3818541142059,160.84076020480347,162.67970202462845,160269300
2015-09-03,163.4570770263672,165.54678649294164,162.96390865335349,164.05054737231268,152087800
2015-09-04,160.98291015625,162.04448649759297,160.16374733803622,161.20024817761805,207081000
2015-09-08,165.02853393554688,165.17899965322377,163.13944112289605,163.78307522572973,116025700
2015-09-09,162.82183837890625,166.73378212241914,162.45406013358513,166.60840462453442,149347700
2015-09-10,163.70782470703125,164.8529812733041,162.3704057100358,162.62952761149262,158611100
2015-09-11,164.4517822265625,164.5186544606328,162.60447342977204,163.31497975651632,119691200
2015-09-14,163.84158325195312,164.6774670734092,163.35676910495962,164.62731608485382,79452000
2015-09-15,165.88954162597656,166.33255911859737,163.79983165905676,164.34315114862494,113806200
2015-09-16,167.3272247314453,167.51948720226258,165.84771948467198,166.19043492787617,99581600
2015-09-17,166.95106506347656,169.59246088923587,166.57491991056307,167.19347850406095,276046600
2015-09-18,164.22288513183594,166.93682335451308,163.81118080217664,164.4413530496671,223657500
2015-09-21,165.07147216796875,166.0965402320797,164.02118542685872,165.05466399026372,105726200
2015-09-22,162.9288787841797,163.39100749780152,161.79456401627903,162.90367292897145,153890900
2015-09-23,162.66844177246094,163.5674807006895,162.08868134671624,163.09695421628368,92790600
2015-09-24,162.08026123046875,162.54239000769567,160.11412732832267,161.45008912176417,159378800
2015-09-25,162.03826904296875,163.84475739356947,161.16442315717407,163.54227425169978,155054800
2015-09-28,157.9715118408203,161.24841392290182,157.66063109116044,161.13918000723447,178515900
2015-09-29,158.06393432617188,159.42511453201104,157.0640593919351,158.18997641570465,159045600
2015-09-30,161.0131378173828,161.18118110585462,159.17303367954602,159.9544407403364,163452000
2015-10-01,161.43331909179688,161.73580226426947,159.49239074380048,161.39130504711446,131079000
2015-10-02,163.84474182128906,163.86994767897548,158.90418858061045,159.45034541254506,211003300
2015-10-05,166.76036071777344,166.98722628735067,164.96226998386578,165.07150392864102,126320800
2015-10-06,166.18902587890625,167.18890126817698,165.52525006046352,166.62594891053877,110274500
2015-10-07,167.5502166748047,167.9031116295084,165.92856659866663,167.12169129910924,124307300
2015-10-08,169.06260681152344,169.34828180417875,166.8611964976431,167.16367967248007,153055200
2015-10-09,169.1633758544922,169.6422999150963,168.53320384467253,169.20538988598997,107069200
2015-10-12,169.3230743408203,169.5247212415479,168.81053376666046,169.23904625159292,56395600
2015-10-13,168.25596618652344,169.86080769258092,168.0879228419,168.59205287577035,88038700
2015-10-14,167.44931030273438,168.77687428386866,167.15523770734023,168.19711395062006,99106200
2015-10-15,170.02047729492188,170.02887497602552,167.74344926889634,168.11315237165064,134142200
2015-10-16,170.79351806640625,170.81031343166399,169.65920268792325,170.42381489650396,114580100
2015-10-19,170.87747192382812,170.87747192382812,169.8355955332714,170.14647635033947,76523900
2015-10-20,170.6590118408203,171.27237577728562,170.18848537882585,170.44055678943275,78448500
2015-10-21,169.60032653808594,171.2303609681213,169.43227038451462,171.07912581496848,102038000
2015-10-22,172.46548461914062,172.67554197229597,169.60031206597318,170.54976258403462,174911700
2015-10-23,174.3560028076172,174.72570580477407,173.33933238631926,174.13754777333517,144442300
2015-10-26,173.927490234375,174.23837101761845,173.55778723760793,174.17956162497833,69033000
2015-10-27,173.59144592285156,173.9275326450187,172.9108491560002,173.2553463797978,77905800
2015-10-28,175.56591796875,175.5911238232708,173.2636977833024,173.92747332048708,135906700
2015-10-29,175.4651336669922,175.8348367102245,174.94419546292036,175.06182708386837,90525500
2015-10-30,174.70896911621094,175.97772426842752,174.54933623019386,175.65843285461585,131076900
2015-11-02,176.77587890625,176.96912809584242,174.91056844424497,175.03661055814953,86270800
2015-11-03,177.2884063720703,177.84296086237885,176.1961055695823,176.42297110123278,95246100
2015-11-04,176.75067138671875,177.7085324673243,176.21292504007855,177.58250317548837,96224500
2015-11-05,176.57423400878906,177.27162607065398,175.68359274114252,176.8094972560585,78408700
2015-11-06,176.48178100585938,176.7170570376993,175.15422981012625,176.22972243760842,110471500
2015-11-09,174.83493041992188,176.01965691928476,173.88546712060347,175.86840896446597,131008700
2015-11-10,175.23826599121094,175.27188235158212,174.087155655755,174.35602243429958,75874600
2015-11-11,174.54930114746094,175.55757409997923,174.48208124117488,175.50716237548625,67846000
2015-11-12,172.11256408691406,173.97787412988546,172.09576873220726,173.50734778046592,121315200
2015-11-13,170.18008422851562,171.96977723917988,170.09606896762043,171.70091045507593,153577100
2015-11-16,172.76795959472656,172.8267818048675,169.87756849991152,169.99521292019335,117645200
2015-11-17,172.64198303222656,173.9611368839341,172.14625062773905,173.07890602949882,121123700
2015-11-18,175.381103515625,175.52394099502678,173.07888284412175,173.12088406326907,121342500
2015-11-19,175.2299041748047,175.650019019232,174.93581865535054,175.26350772116834,88220500
2015-11-20,175.86842346191406,176.54900726249437,175.4903227750232,175.98605507163307,94011500
2015-11-23,175.66685485839844,176.43145425175376,175.2047258925971,175.92732405160746,64931200
2015-11-24,175.90206909179688,176.3053757035368,174.2720216423702,174.6585200725292,98874400
2015-11-25,175.87686157226562,176.22975645682286,175.61637963331742,176.0280967424105,51980100
2015-11-27,176.07850646972656,176.28016618185288,175.49034833546534,175.9692725230474,37317800
2015-11-30,175.34751892089844,176.35579188618337,175.23828496918972,176.23816025391488,112822700
2015-12-01,177.01953125,177.13717567897376,175.7003777036247,175.9776549557406,97858400
2015-12-02,175.2130584716797,177.2884263844097,174.96098705482348,176.9691350683328,108441300
2015-12-03,172.7595977783203,175.73400473534974,172.03699985461813,175.46513794700394,166224200
2015-12-04,176.12890625,176.42299170763283,172.7595905214948,172.7595905214948,192913900
2015-12-07,175.06182861328125,176.22133665250286,174.0955569562305,175.80122188532042,102027100
2015-12-08,173.885498046875,175.01140253603222,172.90243103880024,173.49899964415422,103372400
2015-12-09,172.53274536132812,175.33910918693573,171.55807593490235,173.24694565951123,162401500
2015-12-10,172.9780731201172,174.28882931654118,172.36470906838275,172.59997234359287,116128900
2015-12-11,169.62551879882812,171.5244326656426,169.3146251963517,170.8606570674319,211173300
2015-12-14,170.48255920410156,170.60860132073222,168.00388476098058,169.78518000646062,182385200
2015-12-15,172.27223205566406,173.17968134195252,170.45733348308715,171.99495481644678,154069600
2015-12-16,174.79295349121094,175.09543664417558,172.07901561545526,173.39816935138043,197017000
2015-12-17,172.12939453125,175.17102084127197,172.11258635348722,175.10380095110403,173092500
2015-12-18,169.06289672851562,171.5225060595982,168.90230097587343,171.38727907064435,251393500
2015-12-21,170.45755004882812,170.63505404180987,169.12208496408795,170.23779486925858,99094300
2015-12-22,172.00433349609375,172.30016920397958,170.35613730247303,171.34505501864547,111026200
2015-12-23,174.13430786132812,174.17657194553465,172.9171744604314,173.01015028681067,110987200
2015-12-24,173.84693908691406,174.39634644809036,173.62718388075706,173.8807555169008,48539600
2015-12-28,173.44969177246094,173.49194296391917,172.37624582732627,173.15385604911867,65899900
2015-12-29,175.30072021484375,175.63035944290874,174.51466240068416,174.5484659304294,92640700
2015-12-30,174.05821228027344,175.14011857409662,173.91452472416242,175.05559041300234,63317700
2015-12-31,172.3170166015625,174.0243846208377,172.3170166015625,173.38201453603799,114877900
2016-01-04,169.9081573486328,169.91660500659725,167.85424151075537,169.460186429951,222353500
2016-01-05,170.19552612304688,170.65194468263027,169.08827680327653,170.22932965082862,110845800
2016-01-06,168.0486602783203,169.0967373830813,167.01747849014774,167.64294053081133,152112600
2016-01-07,164.01695251464844,166.88228289430504,163.62814087765688,165.09884633428806,213436100
2016-01-08,162.21656799316406,165.53832917185426,161.92919283899013,164.9804741804424,209817200
2016-01-11,162.3771209716797,163.4759224506666,160.44155012338786,163.13782274326326,187941300
2016-01-12,163.68724060058594,164.43949476496124,161.55725744525915,163.8224804923623,172330500
2016-01-13,159.60476684570312,164.7015022157034,159.2244159623211,164.354954854255,221168900
2016-01-14,162.2250213623047,163.34917904316922,158.61589779958007,160.2133823150846,240795600
2016-01-15,158.74270629882812,159.54567253332021,156.80713451685494,157.8636724299212,324846400
2016-01-19,158.95399475097656,160.68671929930625,157.38186600965548,160.559939923873,195244400
2016-01-20,156.91696166992188,158.4806425014782,153.00355510783967,156.39292313915038,286547800
2016-01-21,157.79603576660156,159.63863150145605,156.0633111929954,157.39032886210708,195772900
2016-01-22,161.03323364257812,161.23608060151886,159.6470568686722,160.40775875907423,168319600
2016-01-25,158.5989532470703,160.72047585810714,158.40455396249536,160.52607657353218,130371700
2016-01-26,160.7627410888672,161.041668532484,158.92014590624152,159.2582327424634,141036800
2016-01-27,159.0131378173828,161.9122707781583,158.10873544829985,160.23871884423306,185681700
2016-01-28,159.8414764404297,160.7627742216194,158.19328020408372,160.5599272369545,143798800
2016-01-29,163.7379608154297,163.8732007142099,160.4922806278243,160.61061231496032,210529300
2016-02-01,163.6788330078125,164.46490384807208,162.14896831648707,162.7321792534432,136061600
2016-02-02,160.72900390625,162.25886875197457,160.20495232745785,162.25042109159733,182564900
2016-02-03,161.6925506591797,162.09825757111477,158.1425861610698,161.7855265032888,205054900
2016-02-04,161.94606018066406,162.91806944389361,160.55988360763845,161.19380605683648,139531800
2016-02-05,158.86099243164062,162.00524939021113,158.22706986575446,161.43049912112437,180788300
2016-02-08,156.7225341796875,157.31419255920386,154.50803586041826,157.01836981803837,191526700
2016-02-09,156.73095703125,158.00726229491218,154.8460981715298,154.98133803606862,184513100
2016-02-10,156.5957489013672,159.190598016285,156.468956676666,157.55931048204576,148214100
2016-02-11,154.5587921142578,155.6068821864375,153.06273107589232,154.11926880693227,219058900
2016-02-12,157.7453155517578,157.76221086969568,155.48855247688485,156.3337826725911,127632400
2016-02-16,160.4077911376953,160.43314701268105,158.59055131203985,159.55411325306656,120250700
2016-02-17,163.0279541015625,163.39985733676687,161.44736535194392,161.57415758059193,136009500
2016-02-18,162.36026000976562,163.35763831536678,162.047528974448,163.2984660129073,102343000
2016-02-19,162.28416442871094,162.43629964221327,160.97405531352098,161.58262196190358,114793000
2016-02-22,164.63392639160156,164.77761396839716,163.79714390618048,163.86476386535287,103640300
2016-02-23,162.55462646484375,164.24508632626424,162.4362818932465,163.97460655778806,111455300
2016-02-24,163.29843139648438,163.5773588406894,160.01894780722012,161.126197029946,150812200
2016-02-25,165.27627563476562,165.28473618932878,162.9857094586589,163.74641133250677,110728300
2016-02-26,164.8959503173828,166.23986318866883,164.7353545219734,166.14690025152532,129833700
2016-02-29,163.6027374267578,165.85950026450092,163.40833811338493,164.91284667188035,125918100
2016-03-01,167.44854736328125,167.5330755380809,164.35500188513095,164.82832871075618,141799700
2016-03-02,168.20077514648438,168.2514868844862,166.72162260122636,167.13578995688582,102415000
2016-03-03,168.86007690429688,168.8769851183664,167.4485441134209,168.0232944198999,95172200
2016-03-04,169.40943908691406,170.1870620198103,168.22612227109113,169.05444404216718,129293600
2016-03-07,169.5447540283203,169.9504738852109,168.41214844651543,168.48821608323553,100219000
2016-03-08,167.69366455078125,168.97841805089885,167.53308164830707,168.47128767517106,123974900
2016-03-09,168.52200317382812,168.8685377576054,167.71902415763944,168.50509495843744,94801200
2016-03-10,168.65719604492188,169.950409867992,166.83150896538407,169.01220401027405,156838700
2016-03-11,171.37887573242188,171.42113982309857,168.6403380583518,170.11103039525915,137964500
2016-03-14,171.15908813476562,171.61550669502927,170.54207379862802,170.87171300803712,73612000
2016-03-15,170.88018798828125,171.1844713761723,169.93353429137107,170.19555358982376,93169100
2016-03-16,171.8690948486328,172.27481460482147,170.35613856156,170.39840264831153,129303200
2016-03-17,172.95948791503906,173.466618378712,171.38735897298923,171.78461826298835,134278500
2016-03-18,173.63912963867188,173.97896029914256,173.14636610639326,173.4607101155141,138372400
2016-03-21,173.88546752929688,174.114860305824,173.14632887168338,173.37572164821052,72926700
2016-03-22,173.7919921875,174.36121548595858,172.95090704313338,173.1123181271733,97471900
2016-03-23,172.64503479003906,173.59657058839065,172.47510657144517,173.40965991889973,81052500
2016-03-24,172.5685577392578,172.60254856763703,171.39613343422832,171.61702196388254,84360900
2016-03-28,172.6705780029297,173.19731935478111,172.22029659627466,172.984921975653,62408200
2016-03-29,174.2677764892578,174.37822726148767,171.95689224557793,172.26274495323278,92922900
2016-03-30,175.0324249267578,175.75456819261893,174.66709471626987,175.27030893947753,86365300
2016-03-31,174.607666015625,175.36380027482747,174.44624191022632,174.93900545586632,94584100
2016-04-01,175.79705810546875,175.98396883290673,173.29926289671315,173.6136198276081,114423500
2016-04-04,175.227783203125,175.92445261225555,174.92193055389507,175.72054652486787,63497000
2016-04-05,173.4777069091797,175.23635068476798,173.2228274299572,173.88550629771035,99662200
2016-04-06,175.37228393554688,175.43176143021483,173.2992832342897,173.47770275458515,91839800
2016-04-07,173.2738037109375,174.6416435437733,172.54315610525424,174.28481745221296,113859000
2016-04-08,173.74105834960938,174.88800939705797,173.20581279897237,174.45471044132043,95040600
2016-04-11,173.33326721191406,175.07492841823893,173.23981184092958,174.37825875022577,83757500
2016-04-12,174.94747924804688,175.22784535626184,173.06138940275196,173.5031796002762,115350600
2016-04-13,176.71458435058594,176.79954847085173,175.72905759580317,175.86499500274658,96336400
2016-04-14,176.72314453125,177.22441229447622,176.3748226151426,176.77413080152618,65212900
2016-04-15,176.5277099609375,176.85904935618856,176.20486179397741,176.72311192128882,75761600
2016-04-18,177.76808166503906,177.80205953527738,175.86499683907383,176.52767550021161,82531000
2016-04-19,178.32879638671875,178.58367578018218,177.51319788408114,178.19287194541545,88316100
2016-04-20,178.49876403808594,179.1954207060925,177.89554977248713,178.37131783136135,81100300
2016-04-21,177.53872680664062,178.62620037826784,177.26685193188004,178.5157495899329,85695000
2016-04-22,177.53872680664062,177.81058871769366,176.6381639704844,177.18190075629803,99251700
2016-04-25,177.23291015625,177.27539223454826,176.3238429427658,176.93554857187232,66166500
2016-04-26,177.49624633789062,178.0060052508106,177.02047826647606,177.59819293499154,75864200
2016-04-27,177.861572265625,178.25237618749588,176.75710329025068,177.11392933514873,77329400
2016-04-28,176.247314453125,178.20986384856798,175.83102395330687,177.10540802449896,97216200
2016-04-29,175.2958526611328,175.9755270460738,174.19138340606756,175.62719214128134,142424100
2016-05-02,176.6891326904297,176.86753922912456,175.36377511958173,175.79706110583365,62188000
2016-05-03,175.15139770507812,175.6951345387806,174.4037546973465,175.45725048426755,106422100
2016-05-04,174.17433166503906,174.88799666851617,173.67307699165534,174.15734920959673,92243800
2016-05-05,174.14036560058594,174.9984463520497,173.71557083900257,174.64162030796456,67619200
2016-05-06,174.77755737304688,174.82003944185675,173.21431576501837,173.36723565628523,89315000
2016-05-09,174.92196655273438,175.35525249343715,174.4716851936592,174.65010467730497,74374900
2016-05-10,177.09686279296875,177.1138582064835,175.55910844428686,175.6270771346438,77472200
2016-05-11,175.4402313232422,177.17338819499523,175.4402313232422,176.63815562661793,81727000
2016-05-12,175.49119567871094,176.2813206126645,174.48018215348213,176.1113923507691,89586300
2016-05-13,173.96194458007812,175.74608774865698,173.63910937941026,175.19385974889587,96474600
2016-05-16,175.6781005859375,176.15386859061536,174.07237708829686,174.13185457073453,77486800
2016-05-17,174.03842163085938,175.69511863327767,173.51166730323104,175.40626130233449,114924900
2016-05-18,174.08937072753906,175.27029949983358,173.00189730975876,173.69006266404253,120062100
2016-05-19,173.4861297607422,173.77498700694684,172.27971452920767,173.36718777914592,115430500
2016-05-20,174.58216857910156,175.1004187447686,174.0469229918874,174.0978962928205,104990400
2016-05-23,174.3442840576172,174.8795166796659,174.1573733122325,174.59915056158883,58682600
2016-05-24,176.60411071777344,176.91846755108577,175.1343249661774,175.1598116062158,93537800
2016-05-25,177.80210876464844,178.21841233163534,176.60418432871938,177.28385859501512,76621400
2016-05-26,177.85301208496094,178.1673689256093,177.53866820801582,177.93797619620713,55280700
2016-05-27,178.61766052246094,178.6261517485952,177.96347312641018,178.01444641062378,64211200
2016-05-31,178.27789306640625,179.00004947068078,177.7171607734667,178.8895986653022,109879400
2016-06-01,178.64320373535156,178.82161028659505,177.47076597234752,177.6661679449455,69936200
2016-06-02,179.18687438964844,179.20385684102487,177.76806187751578,178.24382979012273,63044700
2016-06-03,178.65167236328125,179.000007156586,177.44525687389782,178.62618571632788,101757100
2016-06-06,179.5607452392578,179.91757127208038,178.84708020990576,179.00850428840553,64887000
2016-06-07,179.84112548828125,180.4018577517311,179.6882055784543,179.71369223009214,60974800
2016-06-08,180.42735290527344,180.5547991331768,179.84963815598184,179.97707142017572,66170900
2016-06-09,180.1809539794922,180.29989599837947,179.42481979577144,179.696681711639,73786900
2016-06-10,178.47325134277344,179.1444212642248,177.92950168203606,178.8045906899694,113829200
2016-06-13,177.09686279296875,178.72807247042863,177.0119116527992,177.8699920616139,117751200
2016-06-14,176.74850463867188,177.34322735937212,175.79696902747216,176.71452677985778,125059300
2016-06-15,176.50221252441406,177.87005209068462,176.31530180377783,176.74858776686733,109124500
2016-06-16,177.02896118164062,177.1988894537725,174.66710339252674,176.5022198364116,149533100
2016-06-17,176.36965942382812,176.95037835738,175.71206989991128,176.9247591709658,117055700
2016-06-20,177.50552368164062,179.00857269505818,177.42011769051902,178.33391227724638,82789600
2016-06-21,178.00936889648438,178.419288947969,177.44572068124083,177.88980833850454,72461700
2016-06-22,177.718994140625,178.91459961774572,177.57380137521815,178.18868791520092,95560500
2016-06-23,180.0333709716797,180.08460935149466,178.71820477564012,179.17936322509908,102731400
2016-06-24,173.5685577392578,180.0675579096648,173.12447001464724,173.90162027493437,333444400
2016-06-27,170.45994567871094,172.16796111424463,169.64862792193355,172.15941269714784,230775800
2016-06-28,173.5343780517578,173.5599972426327,171.75804030805926,172.06548362968255,159382400
2016-06-29,176.48924255371094,176.71981526094208,174.83246545427784,174.93494221304724,137328600
2016-06-30,178.89752197265625,178.94876034756433,176.40382115518798,176.95893395597878,165021900
2016-07-01,179.27325439453125,179.76004492870024,178.73522549489613,178.8974890062858,106055300
2016-07-05,177.98374938964844,178.5559329897525,177.3859466008176,178.4449078178541,109803700
2016-07-06,179.05130004882812,179.1708606339886,176.83087428884568,177.48846402279167,96021500
2016-07-07,178.94024658203125,179.8967311122073,178.17164480330044,179.23060609567406,85593800
2016-07-08,181.60476684570312,181.8524364233916,180.00777631193074,180.23836208364483,133971000
2016-07-11,182.2452392578125,182.8174358882521,181.86093839631639,182.06590493697192,73633900
2016-07-12,183.56895446777344,183.86786237841264,182.27085910120599,183.21027279368047,101275600
2016-07-13,183.54331970214844,183.99594270707593,183.05654212544937,183.98740732191362,87324100
2016-07-14,184.56813049316406,185.03783731031177,184.17529426872974,184.80725159441695,91230900
2016-07-15,184.3204803466797,185.32820316074802,183.87639270145345,185.1317850417746,107155400
2016-07-18,184.8157958984375,184.97805943448904,184.18382555569,184.44003045308074,58725900
2016-07-19,184.6279296875,184.6620842623495,184.1496874528655,184.39734395611424,54345700
2016-07-20,185.39649963378906,185.63562071011253,184.6278980357667,184.6278980357667,58159500
2016-07-21,184.69625854492188,185.50756329594216,184.2521708690835,185.28552597358498,67777300
2016-07-22,185.524658203125,185.57589658587986,184.55108983740817,184.81583016905816,62787500
2016-07-25,185.02076721191406,185.37091350436867,184.4400482176101,185.31967512617993,55873100
2016-07-26,185.1061553955078,185.46483703945992,184.26068314332773,184.91827267280112,70080500
2016-07-27,184.9097137451172,185.5502193915808,184.1410991506884,185.48189722555685,84083900
2016-07-28,185.1232147216797,185.4135741525205,184.25212339803662,184.71328172754139,65035700
2016-07-29,185.422119140625,185.78080075573368,184.57665998755502,184.85848404895214,79519400
2016-08-01,185.26844787597656,185.87478609579406,184.81582479995802,185.48194981866922,73311400
2016-08-02,184.08139038085938,185.17451936087704,183.24446635609203,185.0207911752767,92295500
2016-08-03,184.619384765625,184.67917156164796,183.72268707427097,184.02158196101436,53993600
2016-08-04,184.8157958984375,185.13177455425006,182.97113627457105,184.73038992226645,46585500
2016-08-05,186.32740783691406,186.37011083137153,184.8158234758889,184.8158234758889,71892200
2016-08-08,186.2163543701172,186.61773897293264,185.95161410679665,186.51524920275074,39906500
2016-08-09,186.32740783691406,186.82273390414736,186.0028937475107,186.28471787358092,51251700
2016-08-10,185.86624145507812,186.51528263734355,185.51609515902592,186.43842506927075,57941100
2016-08-11,186.72882080078125,186.97649038745888,186.13101788123808,186.39575824338388,72504300
2016-08-12,186.56655883789062,186.78006079832295,186.16517410978778,186.4213660374062,61313500
2016-08-15,187.1045379638672,187.45468423729244,186.92520364995283,186.9337390354792,49813500
2016-08-16,186.1395721435547,186.75444585786863,186.1395721435547,186.686136691599,53213600
2016-08-17,186.48960876464844,186.62625308857065,185.33670648824454,186.17363016780826,75134300
2016-08-18,186.9081268310547,186.94228140555919,186.35302703527333,186.46403917575554,52989300
2016-08-19,186.63479614257812,186.81414345398696,185.9516005571285,186.43837806331737,75443000
2016-08-22,186.62632751464844,186.85691327433418,186.02852464798647,186.3957417549627,61368800
2016-08-23,187.0020751953125,187.54010423953017,186.9422883987888,187.24119631915949,53399200
2016-08-24,186.0456085205078,186.95085472337053,185.62713999813016,186.85691334206635,71728900
2016-08-25,185.91746520996094,186.33593365509222,185.50754518135895,185.66126030541366,69224800
2016-08-26,185.56732177734375,187.13015738473075,184.67915952994585,186.10535078200306,122506300
2016-08-29,186.4811248779297,186.7458651841872,185.66127173911343,185.69543934508937,70502200
2016-08-30,186.17367553710938,186.67753694435032,185.6185757536911,186.39571284425205,58114500
2016-08-31,185.64418029785156,185.96015894676873,184.86703023747037,185.8405984014118,85269500
2016-09-01,185.6527557373047,185.94311526279898,184.49130460420253,185.63567193253297,97844200
2016-09-02,186.48960876464844,186.91661250356543,185.91742531823405,186.50669256291872,79293900
2016-09-06,187.0532684326172,187.13012598292184,186.0540811852944,186.7714443837127,56702100
2016-09-07,187.0362091064453,187.21555644507737,186.42987097765442,186.89102937094438,76554900
2016-09-08,186.6092071533203,186.9764372194823,186.30176387767503,186.70314851618755,74102900
2016-09-09,182.14279174804688,185.345321159921,182.11717255524192,185.2940827743111,221589100
2016-09-12,184.7559814453125,185.15736601719664,181.3143322251216,181.38265438960406,168110900
2016-09-13,182.10006713867188,183.73976043922337,181.47664513586105,183.4750201242403,182828800
2016-09-14,182.03175354003906,183.35546820850354,181.4766536941304,182.1513141082867,134185500
2016-09-15,183.85079956054688,184.2351004672881,181.69016085236018,181.8695082254394,134427900
2016-09-16,183.1400909423828,183.41476016392667,182.4534440824219,183.23450685016985,155236400
2016-09-19,183.17440795898438,184.43614170473515,182.84824157392163,183.79240053228875,80250500
2016-09-20,183.18299865722656,184.18723338147768,183.14867155506735,184.03274177633838,69665300
2016-09-21,185.2429656982422,185.42320589187506,183.20015619075215,183.8868160593742,110284400
2016-09-22,186.41026306152344,186.7106808349363,186.00686399277765,186.2557714731034,76678700
2016-09-23,185.388916015625,186.15282183490012,185.2945001010202,186.01548721421128,73630900
2016-09-26,183.88685607910156,184.73658622790907,183.68943264717916,184.55634599505012,89827300
2016-09-27,185.02842712402344,185.12282994405805,183.35468922319856,183.72377438848656,78494800
2016-09-28,185.94680786132812,186.10131257383443,184.29025330876007,185.25156939742342,87411000
2016-09-29,184.2644805908203,186.14420704939064,183.71515527343914,185.74079483696008,128070600
2016-09-30,185.6549530029297,186.35876986017539,184.84812865424877,185.0970361399101,117202900
2016-10-03,185.20867919921875,185.43183815501885,184.57351634462412,185.24301940592736,83512100
2016-10-04,184.2644805908203,185.54338452990322,183.6722496696497,185.3202256217932,119948100
2016-10-05,185.07989501953125,185.50905582931773,184.8223959142697,184.89106321546933,72816000
2016-10-06,185.20867919921875,185.43183815501885,184.31603027906687,184.85676411368857,62927400
2016-10-07,184.573486328125,185.654980015392,183.84392076610686,185.48331830062003,89788300
2016-10-10,185.53477478027344,185.99826261811654,185.3888616998979,185.53477478027344,51855000
2016-10-11,183.19158935546875,185.17432343207392,182.46202378771093,185.10565612623503,130367400
2016-10-12,183.43194580078125,183.95552258886428,182.83111010200201,183.32893828550314,73866100
2016-10-13,182.83111572265625,183.32894392146179,181.28614701244356,182.10155007548934,101357000
2016-10-14,182.92544555664062,184.27301638945707,182.84819977687204,183.80951551695605,93346200
2016-10-17,182.2903594970703,183.1572596642625,182.11010618467034,182.8997605452408,58275700
2016-10-18,183.43194580078125,183.94693098937003,183.05428213764588,183.88685527766236,76869700
2016-10-19,183.92115783691406,184.2301541476059,183.3375054150232,183.69799892800557,66519200
2016-10-20,183.57785034179688,184.13575421091858,182.9169389622136,183.56925874270433,73639800
2016-10-21,183.6636505126953,183.7494879106389,182.6164971231346,183.57782621169983,89089100
2016-10-24,184.44468688964844,184.81377190559687,184.0927719690092,184.53910276843104,60146600
2016-10-25,183.82672119140625,184.5219595377776,183.66363800458882,184.26446045843153,66542300
2016-10-26,183.45765686035156,184.0413092406965,182.7624053880732,183.00274747656863,75705500
2016-10-27,182.96841430664062,184.21297801001447,182.8911685057367,184.17865090859547,77220200
2016-10-28,182.4276885986328,183.62075523934593,181.71529311199853,182.94268685809953,140623200
2016-10-31,182.436279296875,182.9856046590172,182.2731960789508,182.76243263577368,61272500
2016-11-01,181.11448669433594,182.81397336688,179.90426285394787,182.76246305505438,122781800
2016-11-02,180.02438354492188,181.19170148659722,179.58663113120068,180.80544627520825,103330800
2016-11-03,179.20034790039062,180.45350295639042,178.92569185198732,180.23892259794115,88939300
2016-11-04,179.0029754638672,180.15312328493232,178.85706236092147,179.31197176920767,109122100
2016-11-07,182.95127868652344,182.98561889136246,179.00300643183252,179.00300643183252,109794900
2016-11-08,183.77528381347656,184.34177935304183,182.29039074487497,182.55646841125977,106772100
2016-11-09,185.7236328125,186.3416254149627,182.25600619902065,182.28175479937755,258429000
2016-11-10,186.1870880126953,187.38015430848472,184.7279441619879,186.51325435585727,172113300
2016-11-11,185.7579803466797,185.99830937441178,184.81383433686068,185.46615411256926,100552700
2016-11-14,185.90383911132812,186.4875045058534,185.15710364326452,186.28150264361872,94580000
2016-11-15,187.35443115234375,187.35443115234375,186.08411889656378,186.2901076912078,91652600
2016-11-16,187.0025177001953,187.23426819301946,186.6162756101203,186.73644010696472,65617700
2016-11-17,187.96385192871094,188.02392763030738,187.04544153003013,187.15702752907129,69797200
2016-11-18,187.54324340820312,188.2041546150475,187.36299013471958,188.03249293841097,86265800
2016-11-21,188.95945739746094,188.985205992581,187.97239299267036,188.11830606399923,72402600
2016-11-22,189.3285675048828,189.50880769460164,188.59898895463746,189.26847871034497,67429000
2016-11-23,189.43161010742188,189.4831073175899,188.61620705354298,188.81361739150404,56620200
2016-11-25,190.13540649414062,190.16973359584355,189.69765409150062,189.77491298999192,37872300
2016-11-28,189.24276733398438,190.1010890457094,189.13977291960137,189.82643290837134,76572500
2016-11-29,189.61184692382812,190.06675636995516,188.9766841608632,189.27710198994313,69886700
2016-11-30,189.1569061279297,190.39289124725988,189.09681733329265,190.2298080583278,113291800
2016-12-01,188.461669921875,189.45731297095935,188.1011633438361,189.45731297095935,79040500
2016-12-02,188.5561065673828,189.0453562275838,188.1956130215794,188.54752806520293,74840300
2016-12-05,189.68910217285156,190.03242562578706,189.19127399822997,189.38868432882037,67837800
2016-12-06,190.28990173339844,190.32424193270595,189.39725300563228,189.87791102034856,59877400
2016-12-07,192.77903747558594,192.83911317744608,190.01524086325963,190.13540536392824,110738100
2016-12-08,193.25108337402344,193.72316282546717,192.48717775148606,192.75326842189756,99714400
2016-12-09,194.41842651367188,194.43559661331304,193.43994038530235,193.4742805845847,88005800
2016-12-12,194.1952667236328,194.80468083711352,193.77468441450114,194.32400972798507,102016100
2016-12-13,195.4912872314453,195.98911524024462,194.83896764936995,194.85613774538257,110477500
2016-12-14,193.87765502929688,195.8947025964433,193.43990270388534,195.19088581163928,142501800
2016-12-15,194.67591857910156,195.5342401728347,193.88626428450084,194.11801478195426,124972600
2016-12-16,194.295166015625,195.19308922448477,193.9757194067393,195.1326462584023,156420200
2016-12-19,194.7182159423828,195.14127715795195,194.32969732660885,194.47647044038382,90341100
2016-12-20,195.46942138671875,195.61620772613185,195.02047282501357,195.25357617177136,89838800
2016-12-21,194.92544555664062,195.5125380525151,194.92544555664062,195.33986456397218,67909000
2016-12-22,194.5886993408203,194.8995168446474,194.19153851820872,194.77864410283357,56219100
2016-12-23,194.87362670898438,194.8822557716593,194.44193644069242,194.6318680385307,36697800
2016-12-27,195.35716247558594,195.75431023591776,195.1240459885206,195.14131729197032,42672500
2016-12-28,193.74256896972656,195.63337427537977,193.63033846891236,195.6161161516485,64095000
2016-12-29,193.699462890625,194.16568266616719,193.25913030768334,193.8116934218026,48696100
2016-12-30,192.99151611328125,194.1139138284906,192.3008088136027,194.02757047572604,108998300
2017-01-03,194.46788024902344,194.9772717176174,193.29368192997538,194.29519356381343,91366500
2017-01-04,195.62477111816406,195.771544234157,194.7872909113898,194.79591997439806,78744400
2017-01-05,195.46942138671875,195.62483679203703,194.67511257660985,195.35719083336568,78379000
2017-01-06,196.16871643066406,196.6349361687553,195.03767675239263,195.58161075861804,71559900
2017-01-09,195.52125549316406,196.04791839898226,195.48671287768377,195.90977428535666,46939700
2017-01-10,195.52125549316406,196.37599420115825,195.13272352682364,195.5385136267564,63771900
2017-01-11,196.07371520996094,196.07371520996094,194.77000223421376,195.4348089025154,74650000
2017-01-12,195.5816192626953,195.7715640612507,194.2261184811609,195.55571889690535,72113200
2017-01-13,196.03057861328125,196.3327539353642,195.7197610532733,195.75429048254387,62717900
2017-01-17,195.33985900878906,195.79744966877882,194.95134037708073,195.39165973646453,61240800
2017-01-18,195.77159118652344,195.81476286020285,195.03771225640872,195.5902754267279,54793300
2017-01-19,195.0463104248047,195.98739209731042,194.61462013384144,195.84924804240805,66608800
2017-01-20,195.76292419433594,196.25504429133156,195.09811743607892,195.72838159242662,129168600
2017-01-23,195.25347900390625,195.82331324958463,194.49371318380827,195.76288347002838,75061600
2017-01-24,196.50540161132812,196.91982055105734,195.35710399732747,195.4693345007942,95555300
2017-01-25,198.20626831054688,198.20626831054688,197.291073911489,197.45511831484978,84437700
2017-01-26,197.99905395507812,198.3271427646296,197.72276586826825,198.0594837402296,59970700
2017-01-27,197.68826293945312,198.22355471171284,197.50694721141585,198.07678158622687,59711100
2017-01-30,196.4622344970703,197.02342654980666,195.47798125860876,196.99752618885827,79737300
2017-01-31,196.44503784179688,196.5054808230703,195.40035442222,195.97017575374107,75880800
2017-02-01,196.52268981933594,197.36017006320674,195.9355973293586,196.4449887263935,79117700
2017-02-02,196.65219116210938,196.93710832392662,195.8319822761067,196.52267617538791,69657600
2017-02-03,198.00772094726562,198.18903668573455,197.24795491128205,197.55877248141195,80563200
2017-02-06,197.6536865234375,197.99904661915414,197.31696866395163,197.60188580261516,57790100
2017-02-07,197.66233825683594,198.2839732848533,197.47239348860057,198.04222779330667,57931200
2017-02-08,197.92135620117188,198.05085801020482,197.11840546274374,197.6623394089647,51566200
2017-02-09,199.09555053710938,199.3977258106109,197.92135251854037,197.92135251854037,65955200
2017-02-10,199.88128662109375,200.10577406319265,199.11287822700316,199.44096715059655,66015900
2017-02-13,200.96913146972656,201.2281483174449,200.34749630486021,200.37339667221764,55182100
2017-02-14,201.77206420898438,201.7807064473189,200.44246374570403,200.78781075134617,71109000
2017-02-15,202.82540893554688,203.01535375890472,201.50443741119582,201.55623814953978,86785800
2017-02-16,202.65267944335938,203.03256898514903,201.90154259654713,202.85125327687982,84722400
2017-02-17,202.97210693359375,202.97210693359375,201.97058244928255,201.98785374705074,77204100
2017-02-21,204.18087768554688,204.3535511663621,203.33475523351058,203.3433974707437,88946100
2017-02-22,203.9995574951172,204.22403169784153,203.61103887826502,203.77508329239282,62115200
2017-02-23,204.1377410888672,204.53488884555063,203.37796183379365,204.51763071640397,74615900
2017-02-24,204.39671325683594,204.43987174441176,203.24841556069094,203.29158722240828,82381600
2017-02-27,204.7161865234375,204.8888600186721,204.06002197188874,204.31039656385744,56515400
2017-02-28,204.16358947753906,204.57800843200422,203.77507088434416,204.33626294405445,96961900
2017-03-01,207.02142333984375,207.48765629569718,205.80405339018023,205.82132469295286,149158200
2017-03-02,205.71774291992188,206.84014057300965,205.66594218078856,206.83149833372394,70246000
2017-03-03,205.8472137451172,206.0112581770802,205.25147898657502,205.63136858182762,81974300
2017-03-06,205.23423767089844,205.58821375534086,204.62986062486473,205.05292192225946,55391500
2017-03-07,204.6212158203125,205.28602261532427,204.41399971982818,204.9320333839673,65103700
2017-03-08,204.24134826660156,205.17380105820413,204.10320418470235,204.9147841981793,78168800
2017-03-09,204.50035095214844,204.82843983038214,203.53336879416761,204.36220687982436,90683900
2017-03-10,205.21694946289062,205.50186665919932,204.267225475195,205.45869499173256,81991700
2017-03-13,205.32058715820312,205.36375883328833,204.82846694983928,205.15654269736663,57256800
2017-03-14,204.53488159179688,204.8284410407562,203.92188867522026,204.77662713272062,59880800
2017-03-15,206.30474853515625,206.72780968325893,204.87153387747583,205.10465027942135,96081800
2017-03-16,205.8990020751953,206.52063716195985,205.57092640517246,206.4429360696499,78344000
2017-03-17,205.53741455078125,206.35252518012385,205.53741455078125,206.1617540442583,89002100
2017-03-20,205.31195068359375,205.823558137421,204.9217418329027,205.53740145185947,52537000
2017-03-21,202.67587280273438,206.04036769204072,202.54580758029502,205.91896907394496,131809300
2017-03-22,203.1527557373047,203.43891239483597,202.08618145483652,202.71052084736766,97569200
2017-03-23,202.93597412109375,204.07192093148615,202.56311174028892,203.15275826754893,100410300
2017-03-24,202.78857421875,203.811789098104,202.00815653895305,203.23948897426524,112504900
2017-03-27,202.58041381835938,202.8405574004247,200.8374743119905,201.11495109646188,87454500
2017-03-28,204.05462646484375,204.47951500442747,202.16426146852515,202.27699348014863,93483900
2017-03-29,204.24534606933594,204.47947665285002,203.542967550248,203.7684315312076,61950400
2017-03-30,204.8957061767578,205.0951571260625,204.01123635075146,204.18466102851025,56737900
2017-03-31,204.41883850097656,205.0865243250438,204.36679917740523,204.55757033612667,73733100
2017-04-03,204.0632781982422,204.6702712330258,202.83194569012235,204.470833499766,85546500
2017-04-04,204.19332885742188,204.28004781254936,203.39556474977752,203.77710698201065,56466200
2017-04-05,203.58636474609375,205.84959218884566,203.37824716313773,204.86972342901407,108800600
2017-04-06,204.15866088867188,204.67893495482306,203.28284437874893,203.72509255115142,69135800
2017-04-07,203.95053100585938,204.6442429502869,203.46493661419655,203.90717152843487,74412300
2017-04-10,204.07196044921875,204.86972467488317,203.54300650018013,204.08930688910144,67615300
2017-04-11,203.8291778564453,203.93323004030114,202.33770147437562,203.69043279033238,88045300
2017-04-12,202.93597412109375,203.74241802626318,202.71052337210392,203.5516469188663,81864400
2017-04-13,201.61795043945312,203.33489064134773,201.61795043945312,202.59781914979595,92880400
2017-04-17,203.40428161621094,203.40428161621094,201.93881833535443,202.1382560907117,68405400
2017-04-18,202.7972412109375,203.3348749236641,202.11220908904167,202.66717600787345,83225800
2017-04-19,202.42440795898438,203.73377970706045,202.19894393259753,203.3609172502775,68699900
2017-04-20,204.07196044921875,204.51420866175764,202.71922923042013,203.0400655952371,92572200
2017-04-21,203.4215850830078,204.0459245342356,203.02270963061275,203.99389845187585,110389800
2017-04-24,205.65879821777344,205.86691577762866,203.3955710262372,205.66746482097167,119209900
2017-04-25,206.85545349121094,207.20230286363807,206.21376759761978,206.30048655645427,76698300
2017-04-26,206.7253875732422,207.70525629530476,206.68204132265512,206.82077314115497,84702500
2017-04-27,206.89881896972656,207.20230887153625,206.3611852259836,207.0462306188551,57410300
2017-04-28,206.44793701171875,207.1849953745508,206.31785854901338,207.1589823283013,63532800
2017-05-01,206.96820068359375,207.3931024699073,206.55197873322894,206.96820068359375,66882500
2017-05-02,207.04624938964844,207.22834070095143,206.63869405097995,207.10694208293043,57375700
2017-05-03,206.7947540283203,207.1416166430293,206.11838846895753,207.0462310779163,73137700
2017-05-04,207.03756713867188,207.17631219520794,206.18777682243794,207.09827306270273,61462700
2017-05-05,207.8526611328125,207.87000757135223,206.96817800766829,207.41042618596828,62001300
2017-05-08,207.8180389404297,208.04348977795078,207.3931370832013,207.89607808824937,48385700
2017-05-09,207.62721252441406,208.2775650461545,207.28034990727892,208.07812731096178,51363200
2017-05-10,208.00006103515625,208.00006103515625,207.3757215975435,207.58383915389945,54293800
2017-05-11,207.57521057128906,207.73996867965013,206.49128957571077,207.54919752591178,62358300
2017-05-12,207.2283172607422,207.61852611513942,206.9595070106342,207.323702823502,53912700
2017-05-15,208.37294006347656,208.4943386654643,207.6358686169011,207.6532150547437,61918900
2017-05-16,208.18215942382812,208.69376684942557,207.79195059466826,208.66775380957856,51241800
2017-05-17,204.4882049560547,208.1822029323497,204.42749902942148,208.1822029323497,172174100
2017-05-18,205.31195068359375,206.16174090554728,204.14997750334095,204.4101211476201,107047700
2017-05-19,206.64732360839844,207.3150225035401,205.74550735498167,205.79753343459836,115011400
2017-05-22,207.6965789794922,207.86133706388557,207.08958595656034,207.15894524650494,61010600
2017-05-23,208.1561737060547,208.32093180101464,207.68791246443632,208.06945474087902,48341700
2017-05-24,208.6417694091797,208.7458215828506,208.0521095516462,208.39030557898954,46927700
2017-05-25,209.63893127441406,209.91642132642227,208.94523260730145,209.15333691485367,64071700
2017-05-26,209.5956268310547,209.76037169690403,209.37016281097016,209.44820194186562,46629900
2017-05-30,209.41355895996094,209.665022836249,209.11873559287594,209.27481388199428,35201900
2017-05-31,209.36151123046875,209.74305353972326,208.6677991437749,209.70836065808695,91796000
2017-06-01,211.02639770507812,211.0437441446966,209.53492145284687,209.82107816499718,68962000
2017-06-02,211.72877502441406,211.88486651709152,210.78359915869203,211.0784224730804,88666100
2017-06-05,211.5726776123047,211.84148785882437,211.373226654634,211.55533117436477,44698800
2017-06-06,210.89634704589844,211.5640328555531,210.81829467795515,211.00906583255866,50375400
2017-06-07,211.28652954101562,211.5119803176038,210.56680449890564,211.23450345653035,54144300
2017-06-08,211.39059448242188,211.86752233811313,210.86164053910187,211.38192787830263,65950700
2017-06-09,211.06973266601562,212.4571433508012,209.80370735008688,211.6593792299721,132256400
2017-06-12,211.02639770507812,211.07842379247697,210.1766074041648,210.82695995956365,86108100
2017-06-13,212.05828857421875,212.11031466064384,211.21716489312982,211.56401429026786,60067000
2017-06-14,211.7894744873047,212.33576161637254,210.96568402890944,212.32709501261013,78602300
2017-06-15,211.3819122314453,211.50331083741182,210.15924633684702,210.43672319414657,66464900
2017-06-16,211.4281005859375,211.59366213965603,210.54802631656844,211.5413823428988,84553100
2017-06-19,213.188232421875,213.24922107751615,212.16001447840495,212.2558651909659,65123800
2017-06-20,211.75047302246094,212.83967962820253,211.73305528987402,212.83097076190907,56906400
2017-06-21,211.69821166992188,212.25588496879118,211.22768022549286,212.14261651319507,55977600
2017-06-22,211.6023712158203,212.20361547108342,211.428100794464,211.7069441054188,44148100
2017-06-23,211.85508728027344,212.18619711182996,211.27998288906974,211.66338581653886,66986800
2017-06-26,211.9945068359375,212.9443053367406,211.78538762517763,212.52604032325613,56700500
2017-06-27,210.28662109375,212.0729228867936,210.26919006225233,211.7766485352585,82247700
2017-06-28,212.16879272460938,212.36920306894754,211.07086367305584,211.3061360835291,70042600
2017-06-29,210.30404663085938,212.36917839400562,209.09284924505067,212.31689859685977,106949700
2017-06-30,210.69610595703125,211.48905147230505,210.50440455122927,211.11435752606388,86820700
2017-07-03,211.05348205566406,212.07297828088142,211.05348205566406,211.63729545150727,39153800
2017-07-05,211.54141235351562,211.75053157021162,210.60904485913684,211.41942171178204,54427600
2017-07-06,209.60696411132812,210.89658126955553,209.42397151445326,210.7745906369662,65400800
2017-07-07,210.96629333496094,211.11442386854364,209.6156742045538,210.18206973458612,57972300
2017-07-10,211.19281005859375,211.56750406312796,210.66127667726363,210.96625986011753,36663300
2017-07-11,211.03598022460938,211.34967228836572,209.86835382461976,211.1928196084974,50354600
2017-07-12,212.62181091308594,212.78737242318456,212.00314908648073,212.00314908648073,59610400
2017-07-13,212.97914123535156,213.092422998322,212.40403684855306,212.63060037449395,39471600
2017-07-14,213.9724884033203,214.3297514132089,212.88328163852415,212.97913236566546,60262700
2017-07-17,213.94638061523438,214.27750377614365,213.77211016590743,213.8941008100346,33531900
2017-07-18,214.0596160888672,214.11189588275872,213.19695960171654,213.53679155799162,42742500
2017-07-19,215.21853637695312,215.22724524405382,214.36458874579398,214.37331090887497,51034300
2017-07-20,215.31439208984375,215.5932220993125,214.76542764222825,215.47123147717355,47135200
2017-07-21,215.12269592285156,215.14883582138162,214.5127295012009,214.73929301643605,82340800
2017-07-24,215.0704345703125,215.2098429424349,214.59988976445536,215.04428137355856,46622300
2017-07-25,215.59323120117188,215.9243543163771,215.3666809779153,215.81978142442844,54915600
2017-07-26,215.60194396972656,215.91563605928576,215.3405449750784,215.88078729199316,47575400
2017-07-27,215.40151977539062,216.09861474020028,214.0770406718503,216.06376597515103,70766600
2017-07-28,215.14881896972656,215.27951845213977,214.4691550692181,214.92225547223714,50088400
2017-07-31,215.02685546875,215.6455174914915,214.81772297453762,215.54966676030853,65838700
2017-08-01,215.50608825683594,215.662927640322,214.98326371992184,215.6280788759852,55050400
2017-08-02,215.61062622070312,215.75004785602735,214.67825899244878,215.63676611532904,47211200
2017-08-03,215.1923828125,215.52349258904115,214.91353953122382,215.49735269341895,40856000
2017-08-04,215.5845489501953,215.91565881029913,215.20114598967032,215.68039969032657,60191800
2017-08-07,215.98533630371094,215.98533630371094,215.54965360600968,215.6542264947249,31995000
2017-08-08,215.4538116455078,216.8915725839997,215.07913089231317,215.6716530032204,61719400
2017-08-09,215.4451141357422,215.49739393699232,214.4081870910078,214.7654501275264,62632600
2017-08-10,212.40402221679688,214.73928837081584,212.35174242086774,214.60857558501237,120479500
2017-08-11,212.71771240234375,213.31024777490836,212.3953114663189,212.6305838418946,74869900
2017-08-14,214.826416015625,215.0442573617208,213.96377279451312,213.99862155965698,73291900
2017-08-15,214.80027770996094,215.22725153802665,214.49530780075457,215.20982050733522,55242700
2017-08-16,215.17498779296875,215.72395228486332,214.7480139330528,215.3231183249441,56715500
2017-08-17,211.82022094726562,214.87872214140077,211.82022094726562,214.56503005215566,128490400
2017-08-18,211.4891357421875,212.77875301655217,211.04473080803385,211.65468402591017,136748000
2017-08-21,211.65463256835938,211.91604482560402,210.72227858256187,211.42808236993656,65469700
2017-08-22,213.86795043945312,214.0247898473758,212.2210701763533,212.2385012092277,63140100
2017-08-23,213.10116577148438,213.52813969555254,212.7526248551725,212.90075540940424,50203800
2017-08-24,212.6044464111328,213.6413600571869,212.3953139308632,213.48452066897022,50741700
2017-08-25,213.10116577148438,214.01610229678263,212.95303521725265,213.39742687994783,64445900
2017-08-28,213.1099090576172,213.6588603904145,212.69164396140923,213.63272048389962,40565600
2017-08-29,213.3538360595703,213.61523505816322,211.68080269268597,211.79408445606398,51135700
2017-08-30,214.3646240234375,214.63475849977831,213.1534264981007,213.33641910517255,62030800
2017-08-31,215.65419006347656,215.89817126929418,214.39942197871252,214.98323509948887,103803900
2017-09-01,215.95919799804688,216.38617183149577,215.81106747525382,216.02890882571083,62007000
2017-09-05,214.4081573486328,215.68035661849729,213.44094127173,215.45379311653255,91398800
2017-09-06,215.14007568359375,215.47119873450276,214.55626255950273,215.0877958957615,57916900
2017-09-07,215.114013671875,215.46256787691527,214.70447079094234,215.4451368426674,58034700
2017-09-08,214.8612823486328,215.3231049478595,214.6173010998331,214.82642028681522,63832800
2017-09-11,217.15298461914062,217.2314043167902,216.1160576302813,216.13347536577143,71364800
2017-09-12,217.88491821289062,217.91976697822463,217.33595376302054,217.5189463449708,56896000
2017-09-13,217.9894561767578,218.0243182346136,217.48406270568398,217.5973444497462,59228000
2017-09-14,217.91973876953125,218.12016235619492,217.4927782935498,217.6670486896226,95446300
2017-09-15,218.21311950683594,218.30068046006895,217.67019616611202,217.7752746547774,95432400
2017-09-18,218.67727661132812,219.027547216473,218.2919709284885,218.5809501906182,46235200
2017-09-19,218.89617919921875,218.98375352353474,218.57217825078814,218.92244882412038,47108100
2017-09-20,218.97499084472656,219.08883479538468,217.97670499993538,218.9837562944486,59574100
2017-09-21,218.38827514648438,218.9049289132353,218.21313986171728,218.81736795183463,48211400
2017-09-22,218.43209838867188,218.59848161337172,218.0643102213202,218.09057985027619,51214000
2017-09-25,217.98544311523438,218.52837984652382,217.24111484470356,218.17809592924593,57064400
2017-09-26,218.11676025390625,218.6596835128594,217.8803203280553,218.41449150159266,54082000
2017-09-27,218.9662322998047,219.35153794116275,217.93291141052939,218.81736664054645,81001400
2017-09-28,219.2289276123047,219.3077364805443,218.5984299424583,218.68599089762515,44778800
2017-09-29,219.99954223632812,220.07836447253501,219.03629148435007,219.2201788575793,85578000
2017-10-02,220.95404052734375,220.95404052734375,220.05206780655772,220.2272164432711,59023000
2017-10-03,221.4269256591797,221.45319528449488,220.87523680362833,220.95405904154,66810200
2017-10-04,221.68959045410156,221.93478248211568,221.16417133009227,221.27801525808573,55953600
2017-10-05,223.0032196044922,223.02072378395283,221.72470631950634,222.0224377139657,63522800
2017-10-06,222.74923706054688,223.03821633289445,222.29388793015156,222.5565842123152,80646000
2017-10-09,222.38136291503906,223.0381300904302,222.11865337249014,222.97683876894746,35803100
2017-10-10,222.96812438964844,223.3446779380046,222.4076834727646,222.95062021490847,43057400
2017-10-11,223.31838989257812,223.31838989257812,222.70540977810776,222.87177959620632,47674300
2017-10-12,222.9856414794922,223.3534295777759,222.74920150132218,223.0031590161625,47065100
2017-10-13,223.25709533691406,223.53732246594643,222.98563365689205,223.42347852453142,54800400
2017-10-16,223.55482482910156,223.74747763825945,223.14326294986222,223.4847814093758,38221700
2017-10-17,223.71249389648438,223.7562810627181,223.28340104654148,223.5023235157429,31561000
2017-10-18,223.93133544921875,224.1327403067566,223.73868267697827,224.08895315634518,40888300
2017-10-19,223.99269104003906,224.0277261152057,222.73170893532952,223.15203630356604,61903800
2017-10-20,225.14859008789062,225.17488643668273,223.97518233287232,224.78958078944234,89176400
2017-10-23,224.27291870117188,225.49890589243145,224.19410982012243,225.47263626541496,63915300
2017-10-24,224.66696166992188,224.9033882834358,224.30792566307667,224.70199674286374,66935900
2017-10-25,223.55482482910156,224.44803209320048,222.42519095900735,224.33418815270767,103715300
2017-10-26,223.8438262939453,224.43928895455974,223.72123025429138,224.1678406117184,69798000
2017-10-27,225.6740264892578,225.8316709743532,223.85260333776702,224.58817961378833,85562500
2017-10-30,224.83335876464844,225.57770044809095,224.53562743605787,224.5881666867543,54285700
2017-10-31,225.18362426757812,225.43758178950736,224.88589294569937,225.20989389233412,60304800
2017-11-01,225.48135375976562,226.30450429401682,225.1135790161657,225.96299917495975,54202700
2017-11-02,225.56890869140625,225.70902225156678,224.34294844491293,225.41129095769904,56449500
2017-11-03,226.322021484375,226.36579528131784,225.31495691539166,225.72653215758763,59589700
2017-11-06,226.67230224609375,226.80365036677094,226.1206134153186,226.19065683836942,49652600
2017-11-07,226.51467895507812,227.1101415701888,226.00676393565465,226.77737519000038,57502200
2017-11-08,226.89993286132812,226.996272619473,226.05927827825934,226.3395053805914,50469600
2017-11-09,226.07687377929688,226.26952662671255,224.49185047050648,225.69156808446556,95085500
2017-11-10,226.0067596435547,226.18190827946347,225.37626196778473,225.6915241676346,59984700
2017-11-13,226.21690368652344,226.4445915553938,225.28867476195268,225.32370983191618,50228600
2017-11-14,225.69154357910156,225.7966220801126,224.6319396713987,225.41131642711738,61315200
2017-11-15,224.56190490722656,225.2449419140767,223.8525982741104,224.7195226648228,80811500
2017-11-16,226.47091674804688,226.83871826309365,225.46387871189867,225.507652517148,67777000
2017-11-17,225.80535888671875,226.4446220610121,225.7265500116303,226.12062111100445,75756800
2017-11-20,226.190673828125,226.38332666089917,225.80536816257666,226.05058697150102,48075500
2017-11-21,227.6706085205078,227.85452264071768,226.15568209701803,226.96130183951243,69176800
2017-11-22,227.4691925048828,227.81069763269807,227.30280930386726,227.67934950661527,45033400
2017-11-24,227.9945831298828,228.09968835381474,227.81946120452662,227.95957477917068,27856500
2017-11-27,227.88075256347656,228.33610161146362,227.67933430098003,228.03837030424936,52274900
2017-11-28,230.1925811767578,230.21885080268228,228.24854868654762,228.34488846422593,98971700
2017-11-29,230.05239868164062,230.85804484186974,229.605815174705,230.3238603095176,77512100
2017-11-30,232.06655883789062,232.97725697448604,230.893137731025,230.97194660492661,127894400
2017-12-01,231.5848846435547,232.32922621426226,228.34484887095724,231.84760758117812,164390900
2017-12-04,231.30471801757812,233.63402938279867,231.2521520432385,233.20494992982626,94040600
2017-12-05,230.4728240966797,232.18916879696056,230.34147595807508,230.4728240966797,77994500
2017-12-06,230.51657104492188,230.94567721294945,230.05245652663484,230.56911029424256,75898600
2017-12-07,231.2433624267578,231.55859785982798,230.25382888863285,231.2433624267578,77218600
2017-12-08,232.50442504882812,232.51316377521968,231.2083944255536,232.19792825071,76563900
2017-12-11,233.20492553710938,233.26623023081655,232.47811483320623,233.20492553710938,83077500
2017-12-12,233.61647033691406,234.08935020344703,233.23993022278862,233.9930104510395,85195800
2017-12-13,233.59022521972656,234.29953173196404,233.5026509057863,233.86168688619134,102905400
2017-12-14,232.63575744628906,234.001831407951,232.58321819575838,233.88798745715712,100666700
2017-12-15,234.57296752929688,235.03945427234981,233.58718625043218,233.639994043191,144610300
2017-12-18,236.06051635742188,236.4125773620688,235.86687877578615,235.97249439112693,83653600
2017-12-19,235.15394592285156,236.35095870776016,235.0835176057788,236.3069611549893,82382900
2017-12-20,235.03067016601562,236.17487495044367,234.73141702025026,236.12206715181026,76751500
2017-12-21,235.51478576660156,236.2277448756455,235.2683403826782,235.65561553749097,67032300
2017-12-22,235.4532012939453,235.56762716484587,234.9162860983042,235.5324130059842,78720900
2017-12-26,235.1715087890625,235.39155024518007,234.90746978593313,235.04827268058258,45244400
2017-12-27,235.2859344482422,235.6468056592384,235.01308519172568,235.33874224882416,57751000
2017-12-28,235.77000427246094,235.81402867797968,235.4003496850609,235.78762477887966,45116100
2017-12-29,234.88099670410156,236.36847882828334,234.68738604371111,236.35088518475453,96007400
2018-01-02,236.5621337890625,236.59734793924068,235.35631103559285,235.74358610597346,86655700
2018-01-03,238.05844116210938,238.20808116432923,236.72938223016916,236.72938223016916,90070400
2018-01-04,239.0618438720703,239.5459512266381,238.12008678620776,238.70099949537035,80636400
2018-01-05,240.6549835205078,240.77819278482892,239.36113851220546,239.85402929055562,83524000
2018-01-08,241.09500122070312,241.25342460074083,240.26764331091647,240.55808617431893,57319200
2018-01-09,241.6407470703125,242.26565732120056,241.23585142785015,241.517510954642,57254000
2018-01-10,241.27110290527344,241.53516882518736,240.21491980722283,240.88382771116105,69574300
2018-01-11,243.0313720703125,243.0313720703125,241.65831559560675,241.82554924347087,62361500
2018-01-12,244.61575317382812,244.7829600066717,242.99622405262795,243.2955041380164,90816100
2018-01-16,243.77947998046875,246.525592497555,243.08414159937195,245.8742785150605,106555100
2018-01-17,246.10317993164062,246.49045508517855,243.7795558709453,244.7125295970506,113258800
2018-01-18,245.6894989013672,246.41121445686719,245.1965813324595,245.98875205570212,100728000
2018-01-19,246.80731201171875,246.80731201171878,245.68951103937377,246.27039686967373,140920100
2018-01-22,248.8140869140625,248.8140869140625,246.5432439734275,246.5960786362487,91322400
2018-01-23,249.34225463867188,249.63269762447223,248.5324900319093,248.85814718162203,97084700
2018-01-24,249.2453155517578,250.58318460151446,248.06589674141077,249.98465151374285,134816100
2018-01-25,249.3509521484375,250.20471402062026,248.5588083267436,250.10790867887582,84587300
2018-01-26,252.2378692626953,252.28189366309874,249.93183947414482,250.1870950428048,107743100
2018-01-29,250.56564331054688,252.10593376676047,250.40721988157878,251.66585077927087,90118300
2018-01-30,247.99554443359375,250.61842153870128,247.52024734225674,248.7348805420454,131796400
2018-01-31,248.1188507080078,249.3510780372552,247.0450468509762,248.84940370857174,108364800
2018-02-01,247.83702087402344,249.1396756478145,247.04487719639653,247.38815467766443,90102500
2018-02-02,242.44168090820312,246.64887236739563,242.40646675517465,246.51682600867105,173174800
2018-02-05,232.30221557617188,242.79380655030562,231.75651693120585,240.68141343472863,294681800
2018-02-06,236.87901306152344,237.38071398653761,227.6988907174772,228.79028765425716,355026800
2018-02-07,235.59402465820312,239.7219781294161,235.51478608778726,236.32455055637257,167376100
2018-02-08,226.7571563720703,236.03411293957473,226.72194221337324,235.89328316531945,246449500
2018-02-09,230.1633758544922,232.0205129539918,222.6115510503879,229.5472489990059,283565300
2018-02-12,233.543212890625,235.0131017383919,230.30420887774528,232.21415380783523,143736000
2018-02-13,234.12413024902344,234.66982881131727,231.7564818205949,232.33739453996532,81223600
2018-02-14,237.283935546875,237.64480681010988,232.62785014434985,232.63666039923194,120735700
2018-02-15,240.3116912841797,240.32050153842815,236.56217600658562,239.02665660887322,111200300
2018-02-16,240.382080078125,242.32726592741432,239.6427439945313,239.68676840292403,160420100
2018-02-20,238.87698364257812,240.87497712315854,238.08483982487812,239.4314923731264,86369700
2018-02-21,237.68873596191406,241.7991215895347,237.59193062820205,239.3170478750535,98883700
2018-02-22,237.996826171875,240.32926016216408,237.3279184312155,238.61295297407747,110511300
2018-02-23,241.7903289794922,241.7903289794922,238.74496296365007,239.22025999611984,92766400
2018-02-26,244.5980987548828,244.69493097156393,242.274474741448,242.86417085379668,86491400
2018-02-27,241.54388427734375,245.49584682465152,241.48226622730925,244.7828878438035,99099200
2018-02-28,239.0970001220703,243.0929598055188,238.78015337228064,242.6440667161254,121907800
2018-03-01,235.62039184570312,240.4348997734121,234.12409926408978,238.8857993934386,176855100
2018-03-02,236.83494567871094,237.39826455064633,233.0854585219147,233.9480036113477,139083200
2018-03-05,239.5723876953125,240.18851464468656,235.54121233965114,235.646854823385,97307400
2018-03-06,240.17967224121094,240.6285654402573,238.68337948474397,240.5493268729292,79213200
2018-03-07,240.09158325195312,240.44364413738393,237.82076770947924,238.01440522554475,87063500
2018-03-08,241.25350952148438,241.37671879581904,239.77483706625813,240.7694020980413,66901200
2018-03-09,245.4518585205078,245.4518585205078,242.3448739896355,242.66174767889817,113625300
2018-03-12,245.1438446044922,246.36728833713502,244.75656938412587,245.7423779472181,71924800
2018-03-13,243.5594482421875,246.807261752872,242.9521317736514,246.30556086833784,91968900
2018-03-14,242.3096160888672,244.70366796236553,241.75513423868796,244.51884067897245,105895100
2018-03-15,242.04563903808594,243.46269334085287,241.54393799427896,242.82018938069317,83433000
2018-03-16,242.30809020996094,243.3596846887556,242.25507090582929,242.57318673061928,100343700
2018-03-19,239.02955627441406,242.48479112275547,237.37705851392633,241.55692641312461,109208400
2018-03-20,239.4360809326172,240.07233951458812,238.75562162094462,239.42723539305518,59757300
2018-03-21,238.97653198242188,241.4862109901256,238.76445478878995,239.3918677986891,78709600
2018-03-22,233.0028076171875,237.5979844347918,232.72883860854253,236.74964866306775,148785900
2018-03-23,228.0364227294922,233.77159492761265,227.8420096555202,233.44463361413833,183534800
2018-03-26,234.27529907226562,234.55808665375656,229.23827674648547,231.64191725294216,141956100
2018-03-27,230.28988647460938,235.74224499591256,228.73458164104392,235.21205195547876,129941400
2018-03-28,229.60939025878906,232.09258645062064,228.50477665506375,230.42239773709733,146452300
2018-03-29,232.54322814941406,234.40782975700319,229.61821376486174,230.7493369078176,111601600
2018-04-02,227.52392578125,232.52562014188928,225.0495882525477,232.0130642531419,186286300
2018-04-03,230.44004821777344,230.91724881743016,226.96714972539726,228.76104103303032,119956900
2018-04-04,232.90562438964844,233.612566483105,226.7551418786171,226.8876901501262,123715300
2018-04-05,234.74363708496094,235.62732788506736,233.5771587564757,234.6640811810207,82652600
2018-04-06,229.51223754882812,234.27531822190647,227.992287884209,232.78190517782255,179521200
2018-04-09,230.6433868408203,234.03675757195995,229.70667639270897,230.97034824673102,105442900
2018-04-10,234.31068420410156,235.09718220910804,232.3930896648069,233.53303173968084,103529000
2018-04-11,233.08233642578125,234.743679746807,232.75537508521705,232.8260584961061,91140200
2018-04-12,234.9999237060547,235.94547947818188,234.2311169080454,234.4078658821633,68890500
2018-04-13,234.31068420410156,236.42271882761298,233.3032903974558,236.30783467244473,85079200
2018-04-16,236.2371368408203,237.00597077363312,235.12370436040914,235.9455306352184,63405300
2018-04-17,238.76443481445312,239.3653381248785,237.49191782290248,238.00444665400536,64682000
2018-04-18,238.94117736816406,239.7453122945607,238.48164087524708,239.20627383092074,57303900
2018-04-19,237.6156768798828,238.4905223067502,236.58174658331473,238.28726367597648,77655900
2018-04-20,235.6007843017578,237.76583748520963,234.71709352779416,237.5449147917187,99953100
2018-04-23,235.5654754638672,236.73195385379043,234.4873715522299,236.17522430550414,65558000
2018-04-24,232.39305114746094,236.81150581015282,230.89076577490286,236.59058307701824,112885500
2018-04-25,232.96746826171875,233.4093137723716,230.5108083012133,232.33120964765425,103840900
2018-04-26,235.335693359375,236.16636486377158,233.55064766274774,233.99249306006067,67731900
2018-04-27,235.55667114257812,236.24594904484874,234.6199608386747,235.94549734058813,57053600
2018-04-30,233.7451171875,236.73199710984161,233.67440680470918,236.1752674598288,82182300
2018-05-01,234.16038513183594,234.26642370716084,231.62417002084163,233.17947437387755,74203400
2018-05-02,232.5874481201172,234.77898422141712,232.19862197928552,233.96600372193657,86368900
2018-05-03,232.07493591308594,232.72885865092718,228.92015243741184,231.75682008433407,136311500
2018-05-04,235.07948303222656,235.7599423992167,230.7759119405855,231.10287331365893,91222100
2018-05-07,235.87481689453125,236.84685543367848,235.15900236383027,235.84830724288375,55304900
2018-05-08,235.87481689453125,236.23710647767695,234.31066654300142,235.50365480335702,67499200
2018-05-09,238.15467834472656,238.48163963646277,236.02498021129696,236.54635456407956,59666100
2018-05-10,240.3816375732422,240.70862592564802,238.79100441847086,238.89704303304075,72063900
2018-05-11,241.11508178710938,241.38017828562056,239.99277701782748,240.505332872426,59871500
2018-05-14,241.22998046875,242.20201900063026,240.6820693919491,241.54809628614152,54790600
2018-05-15,239.56866455078125,240.01932867712787,238.62310859374907,240.00166456350468,87036100
2018-05-16,240.5759735107422,241.03550998393763,239.57739859704026,239.60393521028112,53942600
2018-05-17,240.372802734375,241.45090685639775,239.59515032267205,240.31093789069186,56536400
2018-05-18,239.77178955078125,240.3903838377882,239.4183186588203,240.02806740889562,64368000
2018-05-21,241.57452392578125,242.1135892797227,240.86758214839264,241.25640821638643,58025900
2018-05-22,240.9029541015625,242.35222006688994,240.57599279594973,242.0959421646103,52966400
2018-05-23,241.56578063964844,241.59231726143065,239.47143709533174,239.63052198546725,64694200
2018-05-24,241.07083129882812,241.44199328823933,239.28578565172222,241.16805130695334,76043800
2018-05-25,240.4964599609375,241.12387291474323,239.9927497029885,240.4964599609375,56374800
2018-05-29,237.73048400878906,239.630440760924,236.61705196391603,238.87045266644952,115908600
2018-05-30,240.9029541015625,241.34479953468355,238.967695915149,239.03837931848213,69678400
2018-05-31,239.4271697998047,240.79687965125052,238.82626657259624,240.4964280376463,93519900
2018-06-01,241.77781677246094,242.07826841884986,240.65551215742434,240.72622252604762,71258400
2018-06-04,242.92666625976562,243.18294421745537,242.36111800650752,242.5997048834602,45385200
2018-06-05,243.10337829589844,243.48335892041933,242.2903707808217,243.0591775688871,51135000
2018-06-06,245.13592529296875,245.2419639185261,243.09460084664707,243.7131954532173,62732200
2018-06-07,245.1093292236328,245.91349114142224,244.19912871766982,245.62188502394488,72969400
2018-06-08,245.833984375,245.88700367386923,244.48193831762,244.64984175340834,72139700
2018-06-11,246.16102600097656,246.8768137372964,245.9401031942577,246.05498736865007,58892500
2018-06-12,246.47911071777344,246.84140030338042,245.8340065658228,246.57630378510464,72329000
2018-06-13,245.69256591796875,246.97392843756035,245.48930731397496,246.7176505400211,79070600
2018-06-14,246.3112030029297,246.84139603030306,245.7191181648838,246.55863540507366,77097600
2018-06-15,245.99697875976562,246.33429356306655,244.41694659367712,245.52652050495294,120041600
2018-06-18,245.49099731445312,245.61528259065716,244.06187917334162,244.54119558074223,52917600
2018-06-19,244.55007934570312,244.77199411824915,242.80138985447235,243.21859071042707,97531500
2018-06-20,244.96725463867188,245.63299888683773,244.62993988532875,245.2335415022571,53785500
2018-06-21,243.43167114257812,244.97621670323363,242.93458411523488,244.95844618062125,71061400
2018-06-22,243.8753662109375,244.8074241898082,243.6534515144249,244.69202421335024,54898500
2018-06-25,240.5555419921875,242.88120378344922,238.8689956396021,242.72143169607955,137854200
2018-06-26,241.0881805419922,241.94032556422917,240.36917894679195,241.1236944856026,68547400
2018-06-27,239.0909423828125,243.10315106426856,238.94002844283239,241.67403316486272,105110700
2018-06-28,240.4579315185547,241.22130516686488,238.32752849521523,239.03767186606163,76650500
2018-06-29,240.80413818359375,242.91677098828745,240.68873817656709,241.54976851068503,97592500
2018-07-02,241.3189697265625,241.47876893898498,238.99330741347623,239.23299268750813,63554800
2018-07-03,240.4668426513672,242.31318873303871,240.0407836242166,242.2155321465129,42187100
2018-07-05,242.42857360839844,242.49071624932256,240.52011188401102,241.59419894270374,56925900
2018-07-06,244.47906494140625,244.8518665685956,242.07348943656189,242.45520341190885,66493700
2018-07-09,246.68045043945312,246.7337078165824,245.43773315776116,245.4821052756339,50550400
2018-07-10,247.56809997558594,247.66575655603182,246.84021306391304,247.13315571604667,51966800
2018-07-11,245.75730895996094,246.8047673860751,245.45550808776144,246.01473770859317,77054700
2018-07-12,247.98533630371094,248.03859368641244,246.41418933560087,247.0177910656898,60124700
2018-07-13,248.18060302734375,248.48240386882594,247.35508657071247,247.80780137753868,48216000
2018-07-16,247.95863342285156,248.36694893113057,247.5148039736614,248.22494734588554,48201000
2018-07-17,248.9617156982422,249.35228781735347,247.1331403629495,247.186397734719,52315500
2018-07-18,249.4854736328125,249.5919883944477,248.59781450024312,249.0416440665278,44593500
2018-07-19,248.54458618164062,249.201445348002,248.06524260902577,248.81975837777637,61412100
2018-07-20,248.26051330566406,248.97065690417503,248.10074115445224,248.34039938126998,82337700
2018-07-23,248.72207641601562,248.9262206602363,247.71013209713192,248.05633212913037,47047600
2018-07-24,249.97357177734375,250.8168584396658,249.1036835248386,250.13337094281238,68026900
2018-07-25,252.10400390625,252.42354809608824,249.68068544318126,249.72505755092584,78882900
2018-07-26,251.50933837890625,252.1928261670429,251.28742359311036,251.3850801852483,57919500
2018-07-27,249.80502319335938,251.93539950765498,248.88185019112294,251.83774292521235,76768700
2018-07-30,248.50018310546875,250.0447013158275,247.97644038274046,249.88492917459178,63742500
2018-07-31,249.72511291503906,250.33759983721637,248.88185305654915,249.26353995320895,68570500
2018-08-01,249.30792236328125,250.4352667598153,248.65994855596927,249.92929457030976,53853300
2018-08-02,250.6660614013672,250.8346917050347,247.7989128117331,248.00308415289646,63426400
2018-08-03,251.7401123046875,251.79336968061608,250.61276797272257,250.79031061862074,53935400
2018-08-06,252.66326904296875,252.9739280194918,251.3850379245333,251.77561004901094,39400900
2018-08-07,253.49765014648438,253.8793641115752,253.19584933141965,253.32901985532757,43196600
2018-08-08,253.39117431640625,253.79063177107486,252.9296013088043,253.32905876347291,42114600
2018-08-09,253.04501342773438,253.84390128604824,252.91186996621687,253.453329072791,35717000
2018-08-10,251.3494873046875,252.1483748648411,250.63934395961866,251.6069159603499,77076000
2018-08-13,250.4086151123047,252.23719052748174,250.11567246557237,251.62470363617254,65732900
2018-08-14,252.00633239746094,252.2460176148224,250.745872048927,251.13644409502976,43842000
2018-08-15,250.12449645996094,250.79912581887615,248.68649353317588,250.65709715967313,102925400
2018-08-16,252.14846801757812,253.0183837782162,251.5270957472354,251.56260969990868,69967900
2018-08-17,253.03611755371094,253.4799471329589,251.53597140871622,251.9442870366462,65618500
2018-08-20,253.57760620117188,253.84389311563598,253.03612002281758,253.48883486661452,39807500
2018-08-21,254.1722412109375,255.03327141068831,253.61301178058812,254.09235516220178,67272000
2018-08-22,254.0214080810547,254.54512368185607,253.4976653910483,253.76397936567605,44993300
2018-08-23,253.6840057373047,254.70480789802036,253.3644344958971,253.84377781341067,49204900
2018-08-24,255.2108612060547,255.35288990424277,254.2078021489293,254.26105952459926,57487400
2018-08-27,257.225830078125,257.33234482639574,256.24939973697053,256.40917185937667,57072400
2018-08-28,257.35015869140625,257.79398827676107,256.88855858554405,257.6874464213411,46943500
2018-08-29,258.73492431640625,258.9656972975092,257.3235493793894,257.56320762141524,61485500
2018-08-30,257.6873474121094,258.628263604404,257.09263116619366,258.25546206590116,61229500
2018-08-31,257.6961975097656,258.14002686403677,256.7907953791624,257.27899683318304,66140800
2018-09-04,257.2524108886719,257.60746901323,256.24935204712614,257.27903957078377,57594400
2018-09-05,256.56011962890625,257.10160578959284,255.54820229775174,256.89743443569347,72452400
2018-09-06,255.78781127929688,256.96838578660976,254.75812362647866,256.6665849884185,65909900
2018-09-07,255.29080200195312,256.2672325805828,254.50077227813136,254.74045760923735,73524800
2018-09-10,255.73464965820312,256.5690515670476,255.5393635287031,256.3027375236137,50210900
2018-09-11,256.5778503417969,257.0216798888951,254.74041660460662,255.08658956495626,50530500
2018-09-12,256.63995361328125,257.2435552033378,255.84995122701346,256.5866962429352,59810800
2018-09-13,258.15789794921875,258.3443258744238,257.42115277604205,257.70521020465293,51034200
2018-09-14,258.2023620605469,258.5485351286977,257.421217480126,258.3621342458473,55079900
2018-09-17,256.8353271484375,258.1845594721034,256.5601549448557,258.14907260591986,68244000
2018-09-18,258.2289123535156,258.82362878130147,257.02168188962406,257.04831057908905,61930400
2018-09-19,258.5040588378906,258.92125965755014,258.15785882001853,258.28214408465055,49080600
2018-09-20,260.59893798828125,260.91850934003577,258.52181901409443,259.76456338411145,100360600
2018-09-21,260.36090087890625,261.45767398484145,260.2004054619901,261.3417515575673,105479700
2018-09-24,259.49591064453125,259.9239255325764,258.9163258584371,259.78125390322805,53409600
2018-09-25,259.2551574707031,260.05766154415363,259.0144144122169,259.9506646292709,44370000
2018-09-26,258.4794616699219,260.58380737485373,258.06037218301276,259.397888348233,79739700
2018-09-27,259.2016296386719,260.2894768364136,258.67554339223165,258.9519611282964,59249500
2018-09-28,259.2283630371094,259.7277000273732,258.54178147845295,258.577428969311,70091400
2018-10-01,260.1289978027344,261.1989941092635,259.46023990671796,260.4678122787801,62078900
2018-10-02,259.9774169921875,260.6907479078921,259.6029277855832,259.9774169921875,47258200
2018-10-03,260.1201171875,261.44870772895086,259.763451690474,261.02961828669123,64694600
2018-10-04,258.0871887207031,259.6921976527803,256.5000035458826,259.63869916916724,111545900
2018-10-05,256.64251708984375,258.8271097227561,255.21582824502414,258.30994896257005,105951700
2018-10-08,256.64251708984375,256.99918249809207,254.57381962544665,255.95590828684374,87742200
2018-10-09,256.2680358886719,257.5698770527391,255.70627486797824,256.2591376202274,74339000
2018-10-10,248.15382385253906,255.8311808596394,247.7793345615603,255.75983142489545,214731000
2018-10-11,242.6878204345703,248.6887911916292,241.07385950184556,247.0659319900336,274840500
2018-10-12,246.05833435058594,247.07483220895497,242.86611473432916,246.78948897397015,183186500
2018-10-15,244.67628479003906,247.03032630002048,244.58711160341807,245.70170840659046,102263700
2018-10-16,250.0262908935547,250.40080730492338,246.16534044473926,246.63792829013926,118255800
2018-10-17,250.07090759277344,250.6950653704905,247.49394715549715,250.06198211206146,110626000
2018-10-18,246.45957946777344,249.732046855668,245.18448756727568,249.13461114190665,134557500
2018-10-19,246.32591247558594,249.0455180000834,245.63040510530487,247.110593039357,139901600
2018-10-22,245.22012329101562,247.31554266649795,244.6851115988781,246.99455197831045,82415800
2018-10-23,243.97181701660156,245.09533914092466,239.51343044304284,241.5999793058806,146352700
2018-10-24,236.57984924316406,244.1056085152865,236.02701362087163,243.7221665604862,177806700
2018-10-25,240.82424926757812,242.36686115191208,237.39131263295704,238.4167363242791,138061500
2018-10-26,236.58876037597656,241.64458337402075,233.87808058304793,237.1148740057523,201574600
2018-10-29,235.27796936035156,240.9758006122715,231.70236173875418,239.68285758734302,160749100
2018-10-30,238.76446533203125,239.07655788757373,234.61817055650056,235.10860949002063,157116000
2018-10-31,241.3146514892578,243.6330180983539,240.8598873218433,241.332475240434,128296300
2018-11-01,243.88265991210938,244.07883000085664,241.09170569068132,242.17955305340146,99495000
2018-11-02,242.43807983398438,245.41627783753285,240.3872063456255,244.98826306849074,122634100
2018-11-05,243.775634765625,244.32847025758082,241.95660571803845,242.92853056870712,65622500
2018-11-06,245.31825256347656,245.47874794542096,243.65082037900277,243.71324432036943,60085900
2018-11-07,250.5703125,250.65056021262745,247.06599911090174,247.4940141234203,102752100
2018-11-08,250.1155242919922,250.75753314335418,248.97417824644157,249.76775702541286,65584900
2018-11-09,247.6722869873047,248.99195193007725,246.26342166342013,248.80470732286804,98812600
2018-11-12,243.04446411132812,247.40475152616438,242.52727608994468,247.16400847527626,99673600
2018-11-13,242.58969116210938,245.50546574142547,241.86743482400513,243.50811756808315,98176600
2018-11-14,240.93118286132812,244.86345524510767,239.37074780966623,244.46221684463413,125335900
2018-11-15,243.4457244873047,243.90941409475818,238.08676246595184,239.66502147667336,135101400
2018-11-16,244.07876586914062,244.98826665336244,241.8317223135681,242.3489102352065,126668000
2018-11-19,239.95037841796875,243.76675635712672,239.03195184325043,243.47248759534176,103061700
2018-11-20,235.5098419189453,238.0778773089809,234.6449137106602,236.61551324060773,136021300
2018-11-21,236.31234741210938,238.2116247297562,236.30344914168026,237.061353202817,75563700
2018-11-23,234.73402404785156,236.13396378953615,234.5735286819056,234.67160011270744,42807900
2018-11-26,238.523681640625,238.7466009692611,236.59765537578926,236.98999557113535,79981400
2018-11-27,239.3261260986328,239.3261260986328,236.88293957384488,237.4892734656889,75502400
2018-11-28,244.8367156982422,244.8367156982422,239.26373315054556,240.39618061980798,127629600
2018-11-29,244.30189514160156,245.701808616347,242.91977821486824,244.0611247183428,82346400
2018-11-30,245.79083251953125,246.3525935500648,243.82915886470985,244.1501496182544,98204200
2018-12-03,249.04551696777344,250.02636766842159,247.44943382182208,249.91937072141235,103176300
2018-12-04,240.97581481933594,248.64424582117104,240.66372229024648,248.21623087740545,177986000
2018-12-06,240.6101837158203,240.7261061111731,234.0117775673874,237.11482416580566,204185400
2018-12-07,235.01943969726562,241.84076697001427,234.18126068996452,240.27140589901015,161018900
2018-12-10,235.46519470214844,236.4371195433173,230.60554328447682,234.84100980401226,151445900
2018-12-11,235.5187225341797,238.85358682830298,234.04746047570356,238.6663422202357,121504400
2018-12-12,236.70462036132812,239.8611652482189,236.62437267926674,238.49690022951813,97976700
2018-12-13,236.6243896484375,238.51474108187907,235.50979307571671,237.64981305297454,96662700
2018-12-14,232.2552032470703,235.42957247444892,231.70236763728906,234.47547116758975,116961100
2018-12-17,227.69871520996094,232.4156821266384,226.06694412299714,231.30108550488026,165492300
2018-12-18,227.44903564453125,230.0081586162255,225.84401386571423,229.33940067554468,134515100
2018-12-19,224.04283142089844,231.30108403130993,222.33973813419806,227.52929289696613,214992800
2018-12-20,220.39590454101562,224.3638663077274,218.14887365057305,222.7945189589598,252053400
2018-12-21,215.8800811767578,223.96101871006718,215.23432328750374,221.2972708382368,255345600
2018-12-24,210.17591857910156,216.00566805470686,210.1131437780654,214.39127315515717,147311600
2018-12-26,220.7949981689453,220.7949981689453,209.65569540447513,211.63781597827943,218485400
2018-12-27,222.4901123046875,222.68741427560954,214.31949514400904,217.55724826813972,186267300
2018-12-28,222.20310974121094,225.4767323217771,221.0371572860196,223.84440983280513,153100200
2018-12-31,224.14932250976562,224.3914851025564,221.95195871285873,223.82644361450068,144299400
2019-01-02,224.38253784179688,225.30634138582334,220.5887205734624,220.6156260112586,126925200
2019-01-03,219.02813720703125,222.93855359314486,218.54381198522043,222.63360250759496,144140700
2019-01-04,226.3646697998047,227.01042771007872,221.68293179300352,222.05962162643488,142628800
2019-01-07,228.14947509765625,229.55757659447116,225.73685369173648,226.6337381587478,103139100
2019-01-08,230.29295349121094,230.77727863839132,227.80859403180878,230.33781412507523,102512600
2019-01-09,231.36924743652344,232.21232088082903,229.77279445340503,231.0015215835189,95006600
2019-01-10,232.18544006347656,232.43656660303958,229.15396638327567,229.83560729240676,96823900
2019-01-11,232.275146484375,232.30205192325036,230.52621084525182,231.10918026804572,73858100
2019-01-14,230.85801696777344,231.66520737629008,229.97011025547886,230.3736917743686,70908200
2019-01-15,233.5038604736328,233.81777548974284,231.22576641958676,231.23474402227959,85208300
2019-01-16,234.0688934326172,234.95680020292303,233.72807299168477,233.93433888012572,77636700
2019-01-17,235.84469604492188,236.70572470971874,233.1540430515914,233.1989036905895,96118400
2019-01-18,238.98382568359375,239.4502231203334,235.880613114038,237.65645419931408,127900300
2019-01-22,235.75506591796875,237.72822292851677,234.14068463351674,237.51297938945518,115531200
2019-01-23,236.2483673095703,237.4860723925629,233.78193474790228,236.78650352444686,86030300
2019-01-24,236.37384033203125,236.9568370088599,235.05541934958248,236.0689029622403,59204100
2019-01-25,238.37393188476562,239.19907756601734,236.4725413588362,238.22144949546475,96883400
2019-01-28,236.56224060058594,236.62500170748643,234.79537721909938,236.23039774840024,85613700
2019-01-29,236.2483673095703,237.27080148416536,235.41427123042135,236.7057871978271,66136300
2019-01-30,239.98831176757812,240.8313852793916,237.00169880775235,237.7640560093802,92473700
2019-01-31,242.0959930419922,242.5803182688337,239.7102773173702,239.92554817971035,104012100
2019-02-01,242.21261596679688,243.235077392905,241.42335325978183,242.2933322840041,85782500
2019-02-04,243.91664123535156,243.9794297039566,241.5847366321493,242.25739984245362,60744800
2019-02-05,244.93914794921875,245.24408537670902,243.8449478290519,244.3472009297113,79552800
2019-02-06,244.61614990234375,245.15428581279008,243.88072577448747,244.6610105278064,58347800
2019-02-07,242.2843780517578,243.54896103786973,240.62513634791188,243.00187466224952,95482000
2019-02-08,242.580322265625,242.67896641065443,240.21253433604474,241.03768001867587,75788900
2019-02-11,242.71490478515625,243.49519000369776,242.18574615845276,243.2351131780144,68021400
2019-02-12,245.83609008789062,246.21276631641123,244.25756433209642,244.32933043231301,72270200
2019-02-13,246.63426208496094,247.47733571210168,246.24860831551695,246.67014512908733,65277200
2019-02-14,246.08709716796875,247.217180046123,244.7327932343543,245.54896116071745,83234400
2019-02-15,248.76878356933594,248.80466660365042,247.65665584220744,247.86292170536063,97088700
2019-02-19,249.19937133789062,249.85407952542135,247.9616663111289,247.97064391503818,59120800
2019-02-20,249.7015838623047,250.15900365536774,248.66119469559098,249.16344775941977,76610800
2019-02-21,248.81358337402344,249.42345795458718,247.85391087856857,249.06470981135726,64214700
2019-02-22,250.3562469482422,250.5535351791764,248.7956499638948,249.43243002669786,78114600
2019-02-25,250.6972198486328,252.30265124300533,250.61650350421198,251.78247012204292,69030700
2019-02-26,250.51773071289062,251.39665981476927,250.1410272615592,250.34732050523317,56844100
2019-02-27,250.4101104736328,250.7598811219917,248.8674683645355,249.80020834065053,56921600
2019-02-28,249.9436798095703,250.6342981539944,249.62081463872272,250.19480628825178,69268300
2019-03-01,251.50436401367188,251.91692322065217,250.06934333678146,251.52229185023873,78880500
2019-03-04,250.58953857421875,252.8048445144296,248.29351630874652,252.5626955386454,106494600
2019-03-05,250.24862670898438,250.9123396478568,249.7015404694618,250.71502402344626,59114600
2019-03-06,248.73294067382812,250.3742544670684,248.41007542510283,250.36527686435716,75039800
2019-03-07,246.65211486816406,248.42792793922666,245.80904159111614,248.28442319305557,94885100
2019-03-08,246.15895080566406,246.329361077045,244.32932584570068,244.79569600536342,85795800
2019-03-11,249.72845458984375,249.8898871870504,246.84946379005032,246.8763692229181,65098900
2019-03-12,250.67025756835938,251.1904659421307,250.09626568125225,250.28460377553407,79667500
2019-03-13,252.32940673828125,253.2621740040763,251.3966394724862,251.55809943612732,80639200
2019-03-14,252.1680145263672,252.77788933327716,251.7285499406143,252.3563525815843,67518400
2019-03-15,253.41384887695312,254.22459474184677,252.53102082909683,252.72021594090037,81309000
2019-03-18,254.33273315429688,254.63002409907617,253.40487420504172,253.6300829547765,62199800
2019-03-19,254.39578247070312,256.16141126187534,253.50396467411883,255.395723553168,90268100
2019-03-20,253.63003540039062,255.38667431548166,252.52202615387543,254.17955894218778,84609200
2019-03-21,256.4947204589844,256.9000796525872,252.76525093004852,252.81030916798105,79550400
2019-03-22,251.5581512451172,255.65693913191063,251.49508620284652,255.13446697482513,122659300
2019-03-25,251.3689422607422,252.4048967493941,250.1077790792835,251.21578825346356,85575200
2019-03-26,253.24267578125,254.1975584744856,251.83737568587324,253.12556285808586,68125900
2019-03-27,251.91851806640625,253.8192943312084,250.36908066948524,253.23372955140647,72224700
2019-03-28,252.87327575683594,253.32369306198072,251.39592129143207,252.54898849295114,56238500
2019-03-29,254.4678192138672,254.7921065396896,253.2607039044795,254.38674738241158,82186800
2019-04-01,257.4856262207031,257.78291713150287,256.19743891736897,256.4677058809414,77617900
2019-04-02,257.6118469238281,257.84607287639295,256.81910753789384,257.6749119866431,40070400
2019-04-03,258.0171203613281,259.224235717059,257.4135489378142,258.82786619830597,68243200
2019-04-04,258.7017517089844,258.95398437326423,257.64779030482515,258.34142325877013,48997500
2019-04-05,259.9539489746094,260.0079968724831,259.08013797058265,259.3684117534433,58621700
2019-04-08,260.1521301269531,260.2602259211894,258.87293241545575,259.5305518187939,53566300
2019-04-09,258.8188781738281,259.51251116404137,258.2693820694969,259.18822378928195,66142300
2019-04-10,259.70172119140625,259.791810186664,258.818893023963,259.2332694125867,52601500
2019-04-11,259.629638671875,260.1971691008526,259.0621082428974,260.1881519539477,55093100
2019-04-12,261.38629150390625,261.66554815952185,259.67471047201315,261.24215460241066,69727800
2019-04-15,261.2151184082031,261.5574400967974,260.4133620858321,261.4583339542193,49596700
2019-04-16,261.38629150390625,262.15200676565667,260.7917370944754,262.0979588640087,52153200
2019-04-17,260.74664306640625,262.5302783705718,260.3322392659286,262.50325442630555,58268300
2019-04-18,261.2601013183594,261.53036825574327,260.0349791743683,261.3321834981804,68708500
2019-04-22,261.48529052734375,261.63844452957363,260.4043053322833,260.4943943046953,40160100
2019-04-23,263.8365783691406,264.07080428337645,261.62053180568597,261.8547302286173,52246600
2019-04-24,263.2509765625,264.08874637015623,263.1068396883929,263.7554418762262,50392900
2019-04-25,263.0887145996094,263.74633370614674,261.8996339083732,263.1517796148845,57770900
2019-04-26,264.31402587890625,264.3860805896111,262.3592016461365,263.13393411556547,50916400
2019-04-29,264.7284240722656,265.25092386020106,264.3140475962291,264.40413661049115,57197700
2019-04-30,264.8634338378906,265.1517075672727,262.9717027806485,264.3859925010435,81111700
2019-05-01,262.87255859375,265.70119260753455,262.86354144998256,265.4939907399268,71671900
2019-05-02,262.3051452636719,263.67443214456034,260.80975577029875,262.7555627921106,65030200
2019-05-03,264.87249755859375,265.1517541920076,262.4132082639191,263.7824949736138,56543700
2019-05-06,263.7825012207031,264.2239015566236,260.25121605943474,260.56651379565,107198100
2019-05-07,259.3774719238281,261.97188169229344,257.4677057029602,261.3773271627444,144729900
2019-05-08,259.0170593261719,260.72864014867525,258.4225049894771,259.0170593261719,91568300
2019-05-09,258.2332763671875,258.8368202163099,255.20645750355328,256.9450893542433,103471100
2019-05-10,259.53057861328125,260.28727674235887,254.30571892493052,257.2964978336447,112429300
2019-05-13,253.00845336914062,255.3776533351691,252.1706835876977,254.41378097488916,127290500
2019-05-14,255.296630859375,256.82806134004545,253.9003476203478,254.0264502235653,77003200
2019-05-15,256.7920227050781,257.4316078570262,253.4589222110962,253.66612415780725,73956400
2019-05-16,259.17022705078125,260.53046913612627,257.42260504214363,257.49465974223233,76749600
2019-05-17,257.4945983886719,259.98091106448203,256.84599627721246,256.8640305664134,100353000
2019-05-20,255.79205322265625,257.6027124819979,255.04434494129077,255.89113185513074,62877600
2019-05-21,258.09814453125,258.47647968936485,257.2333234729753,257.48555607548246,46847100
2019-05-22,257.30548095703125,258.2603637668367,256.82803955212853,257.14333727037746,49482500
2019-05-23,254.16152954101562,255.12540183005643,252.74721238571507,255.0803710890779,98733800
2019-05-24,254.73809814453125,256.01729582994847,254.11651984904475,255.6028919720907,55268100
2019-05-28,252.36895751953125,255.97229805878226,252.35095071370537,255.01741501518526,70029400
2019-05-29,250.6752471923828,251.65715365814296,249.26994734310304,251.25179456198055,104972900
2019-05-30,251.35997009277344,252.26982217173114,250.26095037557218,251.43202479119464,62523800
2019-05-31,247.97280883789062,249.6393588730026,247.94578489099905,248.81060617412786,86862800
2019-06-03,247.34225463867188,249.1258902150911,246.00900903833892,248.00886369318812,96428000
2019-06-04,252.71124267578125,252.84636242817595,249.18897450974495,249.6393920119291,77231900
2019-06-05,254.90017700195312,254.92720094308802,252.5219877082019,254.33264674682695,71169700
2019-06-06,256.5577392578125,257.2333653557435,254.54889525439398,255.19749740805958,69430400
2019-06-07,259.12518310546875,260.2061961055513,257.4045849508437,257.5757458007118,74272200
2019-06-10,260.3143310546875,261.98088155906305,260.22424204258215,260.6746596118022,60799100
2019-06-11,260.2511291503906,262.50321581228616,259.602527092113,262.13387030078025,58641300
2019-06-12,259.7917785644531,260.57550049432666,259.2782960961573,260.01698727953396,47096300
2019-06-13,260.86376953125,261.22412549987916,259.99897568740136,260.70162584014724,48945200
2019-06-14,260.57550048828125,261.17904444955684,259.80978535876454,260.57550048828125,52324700
2019-06-17,260.674560546875,261.44027562181344,260.5033997363136,260.8096802680297,39205700
2019-06-18,263.4040832519531,264.4580720370348,262.1339029176426,262.4942588214182,85434800
2019-06-19,263.9986877441406,264.53017706467074,262.5663634753288,263.5392531233006,78674400
2019-06-20,266.5210266113281,266.9264133528406,264.0617646861457,266.6831978027144,116570000
2019-06-21,266.1335754394531,267.5094941837973,265.9163323811376,266.2512579710432,83309500
2019-06-24,265.8077087402344,266.6585865868795,265.65380982514523,266.34178300435536,47582700
2019-06-25,263.20074462890625,265.8892385984447,263.0921230745837,265.86208320986407,82028700
2019-06-26,262.93817138671875,264.60376601063865,262.8295498541817,264.09684710879384,51584900
2019-06-27,263.87060546875,264.37752449052414,263.31843667271613,263.69861212653933,40355200
2019-06-28,265.2283630371094,265.72622092796087,264.33220778357355,264.8481600545442,59350900
2019-07-01,267.6361999511719,268.7767810963938,266.43224704788133,268.5595104437303,78705600
2019-07-02,268.3332214355469,268.38753219550205,266.7490931451758,267.59093754948606,61504500
2019-07-03,270.4786376953125,270.4967597025448,268.8673536772652,269.01219161006856,40898900
2019-07-05,270.17083740234375,270.333797324257,267.95307413888946,269.2475267615392,51677300
2019-07-08,268.6864013671875,269.98991549829117,268.14326587505786,268.8583947334455,45841800
2019-07-09,269.021240234375,269.31994946484144,267.47332806284766,267.52763883202334,41101300
2019-07-10,270.3066101074219,271.2571037412516,269.55529277783,270.08936704826425,58448500
2019-07-11,270.9402770996094,271.1846755452837,269.93550030905135,270.9493381022296,50826100
2019-07-12,272.1532897949219,272.225722572846,271.12135752209366,271.42912776574457,40326000
2019-07-15,272.24371337890625,272.58769988064853,271.73679462633874,272.58769988064853,33900000
2019-07-16,271.3657531738281,272.3614966723665,271.0579829333727,272.15328696925974,36650100
2019-07-17,269.5190734863281,271.5014992547846,269.5190734863281,271.33856696217356,36036300
2019-07-18,270.5057678222656,270.88597081349883,268.5776803578232,269.0212274934216,51392600
2019-07-19,269.0032043457031,271.6283267183781,268.8312109975781,271.60117132788554,58678600
2019-07-22,269.66387939453125,270.2070145971142,268.8854067833321,269.4013589820321,43638100
2019-07-23,271.59197998046875,271.59197998046875,269.95354108203077,270.7863520324811,44564500
2019-07-24,272.8684387207031,272.8684387207031,270.7411746175419,270.8317017841682,47213200
2019-07-25,271.56488037109375,272.4700966389974,270.75922463265556,272.41578587292383,55394100
2019-07-26,273.38433837890625,273.5834870369628,272.1260746700478,272.2528181910859,45084100
2019-07-29,272.8865661621094,273.38445182636275,272.3343973413195,273.2667692579935,38126500
2019-07-30,272.2166442871094,272.62400266829127,271.10321830355207,271.48342130098905,45849000
2019-07-31,269.2384338378906,272.6511164157316,267.21981949609557,272.461001133541,104245200
2019-08-01,266.8939514160156,272.3524042081393,266.09735670920367,269.3923570646518,142646600
2019-08-02,264.8843994140625,266.24222391598,263.32742621353003,265.9978254506385,116749700
2019-08-05,256.91839599609375,260.8922796274203,255.0174369876581,260.78365813408084,178745400
2019-08-06,260.52130126953125,260.7385720175603,257.33494909026734,258.81045642576964,120711700
2019-08-07,260.6751403808594,261.4445797648899,255.30721432375586,257.4435115429368,140572300
2019-08-08,265.78961181640625,265.78961181640625,261.61657783559,262.1687465315291,87713900
2019-08-09,263.97918701171875,265.4456330756324,262.1959097009694,264.8481869708878,93730000
2019-08-12,260.76568603515625,263.97013209125237,259.8151922727457,262.47653060747723,65527600
2019-08-13,264.8210144042969,266.26936599228577,260.1229396524817,260.46692626244254,94299800
2019-08-14,256.9908752441406,261.372118364232,256.86415934036023,260.76563897648515,135622100
2019-08-15,257.66986083984375,258.5660439238212,255.6240904171086,257.87807057147774,99556600
2019-08-16,261.4717102050781,261.90619630989795,257.7241018009672,259.3263521875103,83018300
2019-08-19,264.6219177246094,265.3008300750685,263.81628943373863,264.4952017841978,53571800
2019-08-20,262.5941467285156,264.64897742124305,262.46743083392226,264.114903213662,51596400
2019-08-21,264.73052978515625,265.1016441746903,264.06971191169754,264.7576851703663,49524700
2019-08-22,264.6490478515625,266.0702441995334,262.87483148005776,265.4366093079304,51666400
2019-08-23,257.850830078125,265.01109325696694,256.6016273506525,263.34549882867196,149161500
2019-08-26,260.7022705078125,260.7022705078125,258.5116351075703,260.0414527243702,72423800
2019-08-27,259.679443359375,262.4675255465736,258.9190648424156,262.09638348025754,66668900
2019-08-28,261.5079650878906,261.67089740118485,258.21296430788306,259.0186201208558,59696700
2019-08-29,264.84808349609375,265.3731242428646,263.06480688206153,264.06961100088165,57899400
2019-08-30,264.73052978515625,266.35084714437403,263.7981580595969,266.33275276257075,62901200
2019-09-03,263.18255615234375,263.94293446557975,261.85188719792905,263.02868486425206,69101400
2019-09-04,266.1698303222656,266.18792470473994,264.60379605038094,265.3551411107405,46887300
2019-09-05,269.591552734375,270.50580250609715,266.13361948386745,268.6591809547892,83258100
2019-09-06,269.7997131347656,270.4424366119935,269.2294500581553,269.90836229817734,49584300
2019-09-09,269.9355163574219,270.8769214356232,268.99408365421084,270.7864219040724,51260300
2019-09-10,269.8722229003906,269.9355946908739,267.9169517763199,269.1751884551095,57947100
2019-09-11,271.7912292480469,271.87269541058845,269.5281882051822,270.1799451305277,68821100
2019-09-12,272.7326965332031,273.79178440513664,271.9361015654146,272.6964801369356,72908700
2019-09-13,272.5515441894531,273.5291931620798,272.180402229938,273.1761455816851,62104800
2019-09-16,271.709716796875,272.5968386795519,271.06702098519503,271.4200409627346,58191200
2019-09-17,272.3976745605469,272.4881740817053,271.33855943792975,271.51055272814114,41475500
2019-09-18,272.5606689453125,272.66929049545473,269.971735625201,272.0084725654059,73375800
2019-09-19,272.54254150390625,273.94564349864027,272.2076158559735,272.9498999338318,76560500
2019-09-20,271.25482177734375,273.42829301296234,270.46365116105824,273.1463545293492,89565000
2019-09-23,271.1911315917969,271.9095626216198,270.33629663291384,270.59092655135265,43476800
2019-09-24,269.0631408691406,272.67344612254635,268.09918278912005,272.2824122840167,94869400
2019-09-25,270.6546936035156,271.100289191612,267.6627701128638,269.1450914601112,71854000
2019-09-26,270.0907287597656,270.87279633662166,268.6811754514435,270.6636529278499,56179700
2019-09-27,268.6357727050781,270.95475088185464,267.08071215888543,270.84559996849686,84746600
2019-09-30,269.8816223144531,270.5909505610847,269.1086573970001,269.1541161265272,51662400
2019-10-01,266.67144775390625,271.4184990741899,266.4532014526551,270.7637324178549,88242400
2019-10-02,261.9607849121094,265.09821431351884,260.6694572690525,265.0891114666045,122539500
2019-10-03,264.1070251464844,264.13430593978995,259.01439762627496,261.73348511855045,85278800
2019-10-04,267.68096923828125,267.9355992470245,264.7072237672338,264.7618131107976,65091200
2019-10-07,266.5259704589844,268.50847634083834,266.2440597044821,266.8806484903429,59610500
2019-10-08,262.3882141113281,265.4074176476115,262.35183047463295,264.67080858188825,95708100
2019-10-09,264.87994384765625,265.81662125732413,263.7795817068035,264.4070675955947,62359400
2019-10-10,266.67144775390625,267.55356355823847,264.63440826867793,264.7980929946163,55296300
2019-10-11,269.4360046386719,271.6731123470301,269.3087035549438,269.4269017924842,98720400
2019-10-14,269.13592529296875,269.79069193177,268.79035015685406,269.1177195999643,40394800
2019-10-15,271.8004150390625,272.54612678764573,270.06346449166466,270.1816904704129,46754500
2019-10-16,271.3639221191406,272.0550723707066,270.9274295413768,271.3366413330304,48928200
2019-10-17,272.1642150878906,273.0372280587811,271.4730647866204,272.5279681797132,45736600
2019-10-18,270.9728698730469,272.2733001769917,270.1180349628478,271.62763644782535,64304000
2019-10-21,272.8099670410156,273.0100354690392,271.85511139743403,272.2916319001921,39048600
2019-10-22,271.9187316894531,273.6374771193446,271.82778646373816,273.3464634980912,48594700
2019-10-23,272.7098083496094,272.76436991569955,271.45483682438083,271.6640079961112,34352200
2019-10-24,273.1554260253906,273.79201468518664,272.3278718686874,273.64650791287386,35453100
2019-10-25,274.2740478515625,274.81969141726717,272.5279939918244,272.58255557313646,45205400
2019-10-28,275.8199768066406,276.32016158660775,275.4653265651048,275.49260735291523,42147000
2019-10-29,275.7381286621094,276.66573093338,275.419834309273,275.54716315144003,44284900
2019-10-30,276.58392333984375,276.9567515614426,274.62869824917215,275.93823170639735,49643900
2019-10-31,275.8471984863281,276.5747322596814,274.3921864447731,276.5747322596814,69053800
2019-11-01,278.4026184082031,278.44807712573447,277.1294412864276,277.29315372520506,71141500
2019-11-04,279.52130126953125,280.0942257170941,279.1484452361556,279.95782174210035,60606900
2019-11-05,279.2120056152344,280.0213818195309,278.92099207531345,279.72126543380665,42933200
2019-11-06,279.2757873535156,279.5485953164355,278.33000682774275,279.2121229113042,46487100
2019-11-07,280.2578125,281.5946264927241,279.78493630115787,280.6124904635661,54272300
2019-11-08,280.9490051269531,281.0035667061069,279.2120541836701,279.9122796178653,49032100
2019-11-11,280.412353515625,280.58514103212843,279.43018997417687,279.5666216206804,35797300
2019-11-12,281.0035400390625,281.9038337622453,280.2305474042965,280.7761908966361,46484600
2019-11-13,281.0944519042969,281.49458856771133,279.78491877904554,280.0122678945048,53917700
2019-11-14,281.50372314453125,281.58559326566467,280.17601180041527,280.8126005592483,51219900
2019-11-15,283.5408020019531,283.58626073546037,282.1494261750997,282.8405487883665,62023600
2019-11-18,283.7498779296875,283.9863298938384,282.8495843009252,283.3042825380905,49228000
2019-11-19,283.6680908203125,284.35924115622686,283.0224269685197,284.3501383088859,67804700
2019-11-20,282.6131896972656,283.5953536303308,281.05812918125986,283.07699087413437,79406200
2019-11-21,282.158447265625,282.8314195597847,281.35820164303874,282.72229641818564,54664700
2019-11-22,282.7858581542969,283.04048800142004,281.77644160938536,282.9040841105633,44850200
2019-11-25,284.97760009765625,284.97760009765625,283.713553290501,283.713553290501,48647200
2019-11-26,285.623291015625,285.8051814488202,284.6957164125303,285.0140107943301,37569000
2019-11-27,286.896484375,286.896484375,285.8870395944535,286.10528592426454,44444600
2019-11-29,285.8324279785156,286.5781398116173,285.60507884056364,286.3325849809778,36592700
2019-12-02,283.4043884277344,286.15075634985016,282.976970887455,286.08709192303365,75767800
2019-12-03,281.50372314453125,281.58559326566467,279.302998783299,280.68527170644836,73941700
2019-12-04,283.2406921386719,283.84089729888063,282.20399431837325,282.5495695093345,49080000
2019-12-05,283.7498779296875,283.9590491097116,282.4403447864453,283.94087117115305,40709000
2019-12-06,286.34173583984375,286.7418726099388,285.650585463755,285.65968831162513,48927000
2019-12-09,285.44140625,286.62361071654885,285.3686389813186,285.95066612044394,34838500
2019-12-10,285.123046875,286.0506211948081,284.4682803690839,285.3867795968124,52649800
2019-12-11,285.9324951171875,286.1871250585876,285.04127644599606,285.5778171170683,53429100
2019-12-12,288.3969421386719,289.17900987699994,285.7051360299545,285.94156026923116,96389600
2019-12-13,288.56964111328125,289.79733167107895,287.38740926953903,288.1604016764911,81503900
2019-12-16,290.5521545410156,291.14325666014565,288.5060126076282,290.2975246549638,82749700
2019-12-17,290.61590576171875,291.2342888479106,290.5340633902449,290.93420015250655,61097700
2019-12-18,290.634033203125,291.23423824222414,290.5794716316232,291.0068891101069,48133000
2019-12-19,291.8253173828125,291.89808464078646,290.5703458322475,290.8249757300014,85310500
2019-12-20,293.1047668457031,294.23795375085035,291.88018760229625,292.8580047434994,147142100
2019-12-23,293.55255126953125,293.9455076437393,293.40632910700657,293.8906778189208,52990000
2019-12-24,293.56170654296875,293.82670807350945,293.2601146095581,293.7810258479753,20270000
2019-12-26,295.12445068359375,295.1335982854988,293.93643377520567,293.9455534880805,30911200
2019-12-27,295.0513000488281,295.9103378824698,294.52126907589263,295.85550805385674,42528800
2019-12-30,293.42462158203125,295.2706521393171,292.94027282858093,295.1335775655158,49729100
2019-12-31,294.1374816894531,294.38424384860156,292.5747755339869,292.9220497660977,57077300
2020-01-02,296.88818359375,296.906478796011,294.7497366062965,295.67275187158805,59151200
2020-01-03,294.6400451660156,295.76411231173057,293.442880886225,293.49771070903796,77709700
2020-01-06,295.76416015625,295.8464049037738,292.76664728278183,292.8854545477704,55653900
2020-01-07,294.9324645996094,295.6726950341624,294.48465056571524,295.19746609117453,40496400
2020-01-08,296.5044860839844,297.71991826235205,294.877802146772,295.12453646865583,68296000
2020-01-09,298.5149230957031,298.5880481404525,297.48224797862525,298.06713678048754,48473300
2020-01-10,297.6559143066406,299.2551831768081,297.1898606290219,299.09984124728044,53029300
2020-01-13,299.70294189453125,299.71206160755526,297.84779146443003,298.2773104255387,47086800
2020-01-14,299.2459411621094,300.3151505804677,298.6884674529028,299.264208473107,62832800
2020-01-15,299.9222106933594,300.6807085322573,299.07232051640693,299.1545652539482,72056600
2020-01-16,302.4170837402344,302.4170837402344,301.07369722923175,301.3021641332184,54050300
2020-01-17,303.3583679199219,303.56853962375646,302.3531079591049,303.12990101469194,95846000
2020-01-21,302.7643737792969,303.5685818598415,302.3257351092037,302.39883225787577,77742400
2020-01-22,302.8008728027344,304.2722140708887,302.64553093599403,303.6233480257216,48914900
2020-01-23,303.1482238769531,303.5594755373367,301.03719151691797,302.1521113343028,51963000
2020-01-24,300.4522399902344,303.88839108132504,299.1636833310754,303.80614634423307,87578400
2020-01-27,295.6361389160156,297.1165998171226,294.86849355577584,295.20662007158137,84062500
2020-01-28,298.7342529296875,299.6115581923156,295.7276201151106,297.06185926917453,63834000
2020-01-29,298.4874267578125,300.32430953188833,298.2863747731424,300.0958426351734,53888900
2020-01-30,299.4561462402344,299.66634584075405,295.67274865407313,296.4220989348696,75491800
2020-01-31,294.0186462402344,298.99008843943227,293.104778599044,298.83471866925794,113845600
2020-02-03,296.2027282714844,298.0670257718115,295.38025310308274,295.49906033977834,69083000
2020-02-04,300.71734619140625,301.58553178633565,299.4927666447389,299.8126259633462,62573200
2020-02-05,304.1900329589844,304.4002326002485,302.18868806622135,303.65085428516727,65951100
2020-02-06,305.2135314941406,305.40543589404376,304.1351464583818,305.14955406449695,50359700
2020-02-07,303.58685302734375,305.222656086769,303.03852684411055,304.15344652404104,64139400
2020-02-10,305.8532409667969,305.91721840038207,302.6638515575527,302.700414075177,42070000
2020-02-11,306.3832702636719,307.99165832638704,305.8532114209266,307.2057455520756,54864500
2020-02-12,308.3572082519531,308.5673799444257,307.4524603916157,307.81800184241695,43992700
2020-02-13,308.0281677246094,308.9968650133152,306.65736651730623,306.9315156031581,54501900
2020-02-14,308.5216369628906,308.64044418603436,307.2422281925336,308.43939224433404,64582200
2020-02-18,307.7266540527344,308.58569184757795,306.3375574198674,307.5256020605576,57226200
2020-02-19,309.19805908203125,309.8743123972908,308.41214608203063,308.6954428972899,48814700
2020-02-20,307.92767333984375,309.4721116863874,304.9393086876562,308.64960860364215,74163400
2020-02-21,304.75653076171875,306.8858296734732,303.93402773606726,306.5751180835918,113788200
2020-02-24,294.649169921875,304.8296393108705,293.5707850824369,295.3071556336412,161088400
2020-02-25,285.7207336425781,296.6505836333486,284.8434284508616,296.0383078861717,218913200
2020-02-26,284.66973876953125,290.71038982346295,283.938655892988,287.1188970838777,194773800
2020-02-27,271.88482666015625,284.72465849868144,271.88482666015625,279.1500591654127,284353500
2020-02-28,270.7425537109375,272.23216307429055,260.9458872334955,263.83371357864496,384975800
2020-03-02,282.46734619140625,282.53132361972916,269.0974581232793,272.5244617816566,238703600
2020-03-03,274.3795471191406,286.8081496933254,271.93953670902624,282.8419684102805,300139100
2020-03-04,285.9126281738281,286.1319753809504,277.20347032348707,279.753168952443,176613400
2020-03-05,276.4084167480469,281.9007705498337,274.1694576163429,278.7113812011502,186366800
2020-03-06,271.8389892578125,273.0453009203432,265.2317457983991,267.9002229911272,228667200
2020-03-09,250.60987854003906,259.71199044908684,249.89706305118028,251.58769550685614,309417300
2020-03-10,263.5777587890625,263.66912325632626,249.94283916733423,260.12333967774066,276444100
2020-03-11,250.72872924804688,257.6558620446888,247.54848749515548,256.5226750190865,255316300
2020-03-12,226.73973083496094,243.6919805975519,226.34676044641748,233.95014691450632,392220700
2020-03-13,246.12283325195312,248.09679065094042,227.1143840334552,240.4294279591931,329566100
2020-03-16,219.19113159179688,234.77256174758443,216.91559643304075,220.40656312966803,297240000
2020-03-17,231.02572631835938,234.1054695359692,216.65059323263955,223.93410499439116,262070500
2020-03-18,219.32826232910156,226.97733101558407,208.3801304723049,215.90125823020935,327597100
2020-03-19,219.7942657470703,226.0725449069811,212.2183103648007,218.64279772577996,289322000
2020-03-20,210.32244873046875,224.72696071707477,210.0466734873275,222.94363004147445,347158800
2020-03-23,204.94483947753906,211.13132933151837,200.6335956530935,209.76166880858966,326025200
2020-03-24,223.51351928710938,224.38680975426712,214.91862144024043,215.48854656490403,235494500
2020-03-25,226.85960388183594,235.6475644145072,220.38814988584195,225.09466188292848,299430300
2020-03-26,240.10586547851562,241.57662927963491,228.93707402575518,229.36911860691484,257632800
2020-03-27,232.9541778564453,239.74737193984004,230.77558000293203,232.8162972428731,224341200
2020-03-30,240.51950073242188,241.23650788451303,233.0552652380832,235.05001734341474,171369500
2020-03-31,236.93446350097656,242.06381801054945,235.52802532472109,239.51752951061562,194881100
2020-04-01,226.27127075195312,236.85174851191033,224.20297754937033,227.95348423990177,189554600
2020-04-02,231.49258422851562,232.27393107275833,224.83727084545978,225.38882134558207,177660400
2020-04-03,228.1465301513672,232.86224312191504,225.41638201331432,230.50897330571124,135561200
2020-04-06,243.4702911376953,245.43748142052502,228.12816222742413,237.01722588258153,188061200
2020-04-07,243.71847534179688,252.81895953411126,243.49786638414741,252.06517485811415,201427200
2020-04-08,251.89974975585938,253.71065665190883,243.8288104236189,246.3199470598107,153774500
2020-04-09,255.7329559326172,258.4906799949257,253.2234169368293,255.16300272853678,189999200
2020-04-13,253.39808654785156,255.09868874078822,249.4913106154663,254.7585739128051,114839100
2020-04-14,260.87152099609375,261.8918654699185,253.26020343605688,258.2884549436128,134143400
2020-04-15,255.32850646972656,261.0094117275876,253.21423436633597,255.15384835522406,121775000
2020-04-16,256.560302734375,257.4151905782351,253.49003955687044,256.6062535871755,131798300
2020-04-17,263.4913330078125,264.098007563754,259.5937309187142,262.3330800222529,146684800
2020-04-20,258.84912109375,263.6291864617387,258.628512187017,259.78673700037984,100109300
2020-04-21,250.98968505859375,255.5858921565235,250.05204085668208,254.38168814110765,126385700
2020-04-22,256.560302734375,258.30685593614993,254.5471616484955,255.87087162422512,92951600
2020-04-23,256.5418701171875,261.0093977789953,256.23853280732754,257.8380038199027,104709700
2020-04-24,260.1177062988281,260.7887625327662,256.0086966523413,258.0586148072076,85063200
2020-04-27,263.86822509765625,264.9897006956838,261.6344752923047,262.09409597915175,77896600
2020-04-28,262.6549072265625,267.8669912848749,262.35154179491997,267.51767499536015,105270000
2020-04-29,269.5307922363281,271.06593788395355,266.9569272587203,267.98647324976343,118745600
2020-04-30,267.0213317871094,269.6319747771007,265.28395155633444,268.151981093141,122901700
2020-05-01,259.9522399902344,267.18666411275467,258.78478565307967,262.268717832664,125180000
2020-05-04,260.66925048828125,260.97258776035505,256.58781705500485,258.0677820162113,80873200
2020-05-05,263.07763671875,265.890512497822,260.7979084831233,263.49130647279605,79569900
2020-05-06,261.29437255859375,265.1643710660051,260.8623279708527,264.77830538088773,73632600
2020-05-07,264.4473876953125,266.3778004537861,263.9418160920804,264.5117413329673,75250400
2020-05-08,268.8229675292969,269.2917896381727,266.45130891700745,267.58198598128706,76452400
2020-05-11,268.8781433105469,270.2570055839343,266.4697350281808,266.892578270506,79514200
2020-05-12,263.5188903808594,270.47752502995445,263.38098175675503,270.0638833166879,95870800
2020-05-13,258.8583984375,263.9969547866996,256.4315875392969,262.95820745768185,144721100
2020-05-14,261.9561767578125,262.08485594358507,250.943656625686,256.42235460323354,121977900
2020-05-15,263.1604309082031,263.2063817576998,258.61937607827673,259.56619361268525,111146300
2020-05-18,271.1762390136719,272.78491161799025,269.06199481206295,269.3837068905075,119703800
2020-05-19,268.3909912109375,272.28856691039573,268.3726164766487,270.57879087156795,95189300
2020-05-20,272.9503173828125,273.81440646458674,271.70016265778855,271.9299729869196,85861700
2020-05-21,271.06585693359375,273.63054780635014,269.9719576315334,272.8216110398165,78293900
2020-05-22,271.5806579589844,271.75531605411203,269.53994110545716,270.78092249867296,63958200
2020-05-26,274.9267883300781,277.7856445322527,271.5991379488366,277.546632719336,88951400
2020-05-27,279.0173645019531,279.0541420158943,272.8952128963509,277.7212306525081,104817400
2020-05-28,278.5025939941406,282.0600540546706,277.8315376106127,280.0469129571108,90405200
2020-05-29,279.7435302734375,280.3318301412633,275.2852041805372,278.03372679987336,119090800
2020-06-01,280.8742370605469,281.4809398340968,278.5853346376734,279.1001076480142,55758300
2020-06-02,283.1998291015625,283.24580799540894,280.4605081581099,281.79339112536235,74267200
2020-06-03,286.96881103515625,287.92483007098406,284.9097190069347,285.18548024177693,92567600
2020-06-04,286.2149353027344,287.7225043821974,284.1190664248825,285.98512499571984,75794400
2020-06-05,293.550537109375,295.32466622909004,291.54659764607965,291.61095127500704,150524700
2020-06-08,297.09881591796875,297.291848746868,293.8171175615824,294.3594665924078,73641200
2020-06-09,294.8834228515625,297.1723246989423,293.56888647953616,294.4329755410005,77479200
2020-06-10,293.2380065917969,296.3542484031599,292.5209994219378,295.462583123064,95000800
2020-06-11,276.3332214355469,286.9412780271555,275.7816988829913,286.3069990386874,209243600
2020-06-12,279.6423645019531,284.11906476800726,274.4854347080679,283.3469055073033,194678900
2020-06-15,282.25311279296875,283.3837900229407,272.7757344523348,273.95236253958734,135782700
2020-06-16,287.685791015625,290.14937937635153,282.82302403325144,290.0022973807095,137627500
2020-06-17,286.4908142089844,289.000353646456,285.75540416445665,288.7061896286449,83398900
2020-06-18,286.6011657714844,287.079161339161,284.5144972868028,284.9741181202328,80828700
2020-06-19,284.9632568359375,290.2629141511341,283.0151069995311,290.0690318089014,135549600
2020-06-22,286.7912902832031,287.18829677421513,283.2181755111513,284.36304192298934,74649400
2020-06-23,288.111572265625,290.3736357062622,287.70532390749855,289.4411072237713,68471200
2020-06-24,280.7622985839844,286.6898126377775,278.92496674442594,286.07119804236737,132813500
2020-06-25,283.7721862792969,284.0399473243526,278.1678289833196,280.1898292059112,89468000
2020-06-26,277.0321350097656,282.88579689027085,276.45048811590635,282.67343082724625,127961000
2020-06-29,281.1038818359375,281.2423692160098,275.9981071297797,278.2878684607212,79773300
2020-06-30,284.7046813964844,286.4035537681701,280.5129799461542,280.6699229107989,113394800
2020-07-01,286.6990661621094,287.96399300740876,285.36031693170133,285.82196042697643,72396500
2020-07-02,288.2777404785156,291.4815456098737,287.61297310272624,290.13352709622495,69344200
2020-07-06,292.72802734375,293.3097024538688,291.3523392224344,292.10019917073765,61713800
2020-07-07,289.7089538574219,293.16203774566503,289.3304028583476,291.1862184893879,82910000
2020-07-08,291.92474365234375,292.03553353353783,288.71172439183437,290.4751769616239,54638600
2020-07-09,290.2628479003906,292.7741885974815,286.84667618527334,292.53412506328704,83354200
2020-07-10,293.2266540527344,293.49441511654214,288.7671911665096,290.1982744487149,57550400
2020-07-13,290.68756103515625,297.95382235069326,290.03203541314804,295.57175522796825,102997500
2020-07-14,294.4546813964844,295.2302390398865,288.0655234153888,289.26578515902713,93657000
2020-07-15,297.1598815917969,298.25859520955737,294.77778571364365,297.67691997939255,87196500
2020-07-16,296.18109130859375,296.63349268794474,294.61149295046425,295.2578047865102,54622500
2020-07-17,297.0397644042969,297.8245636451662,295.2116468030746,297.18749364064047,62774900
2020-07-20,299.4403076171875,300.1881674859498,296.0241360322097,296.771995900972,56308800
2020-07-21,300.0774230957031,301.8501178028075,299.08949955212785,301.40695821426857,57292200
2020-07-22,301.78546142578125,302.09940368262994,299.6065184526506,299.7173083426101,57792900
2020-07-23,298.1846008300781,302.12705222700146,296.8181548399038,301.42534546893273,75738000
2020-07-24,296.26422119140625,297.2890558358542,294.75925946179956,296.328858018481,73766600
2020-07-27,298.4246826171875,298.6001093174505,296.1626192778823,296.95666037009426,48293000
2020-07-28,296.5320129394531,298.8125323008997,296.23655442203676,297.6953350650081,57495000
2020-07-29,300.17889404296875,300.7421134441049,297.3720952714355,297.40903461982157,48454200
2020-07-30,299.1079406738281,299.5234309444589,295.1193636875488,297.2059723944225,61861700
2020-07-31,301.4714660644531,301.5730422205113,296.6796073803487,300.8990330030166,84986800
2020-08-03,303.5674133300781,304.3337288211006,302.58873177456934,303.1334674949773,53077900
2020-08-04,304.7400207519531,304.7400207519531,302.7087786426871,302.7087786426871,41917900
2020-08-05,306.6327819824219,306.89132934963357,305.7741319749666,306.0418930506655,42697700
2020-08-06,308.68243408203125,308.8024658628492,305.72793350897297,306.05108949352723,43679400
2020-08-07,308.904052734375,309.19026937092656,306.80817379233406,307.71300494507875,57308300
2020-08-10,309.8272705078125,310.0119109096436,307.41747799040013,309.35638535667545,44282100
2020-08-11,307.2698059082031,311.6462040748988,306.5404296941491,311.0091339906926,69601100
2020-08-12,311.5538330078125,312.32939037175544,309.67956233416606,309.7072598051472,53774400
2020-08-13,310.9906311035156,312.3017105491452,310.0673444500074,310.78750691268493,41816100
2020-08-14,310.9998779296875,311.5353999760587,309.87346706744495,310.6028714247222,47260400
2020-08-17,311.98779296875,312.3847994629521,311.0091113811264,312.0154904409857,35481000
2020-08-18,312.6617431640625,313.08644705008913,310.78744458391986,312.38474031767976,38733900
2020-08-19,311.3599548339844,313.5573533060185,310.79673534794836,313.04031505654325,68054200
2020-08-20,312.3294677734375,312.80956678157935,309.50421232732066,309.63345783177203,42207800
2020-08-21,313.4373779296875,313.6589577204171,311.65541319099066,311.99705293699736,55106600
2020-08-24,316.6134948730469,316.68734541310374,313.40968882300405,315.8748485901053,48588700
2020-08-25,317.721435546875,317.8045279741512,316.0133494044836,317.1766997393025,38463400
2020-08-26,320.9067687988281,321.17450165786835,317.76759961775787,318.3123353958914,50790200
2020-08-27,321.6083679199219,323.0579344592056,319.94646352268916,321.77458090081905,58034100
2020-08-28,323.685791015625,323.8150646592131,321.4422114288014,322.6332589850596,48588900
2020-08-31,322.5131530761719,324.35048389854956,322.28233148837717,323.47337877080764,66099200
2020-09-01,325.5509033203125,325.6524513348711,322.4486452873158,323.3442345333608,54908700
2020-09-02,330.2596435546875,331.22908325949226,326.31719155514446,327.46208615275333,69540000
2020-09-03,318.8939514160156,329.0408614690771,316.3087321994255,328.5699763174422,148011100
2020-09-04,316.2902526855469,321.14672035614166,309.18093559831357,319.57715026354145,139156300
2020-09-08,307.6483459472656,316.3549607309717,307.3436737413122,310.8798493187982,114465300
2020-09-09,313.72357177734375,316.1887312996784,310.78749888094603,311.65539056693245,91462300
2020-09-10,308.2761535644531,316.25333454581227,307.3159276821659,315.59780899777945,90569500
2020-09-11,308.4331359863281,311.11990351849477,305.6078810919823,310.05812950649084,84680200
2020-09-14,312.49554443359375,314.26826693128163,308.58081864580447,311.5999553914097,65605700
2020-09-15,314.0744323730469,315.78249013570075,312.504833796234,314.9515377853473,52920900
2020-09-16,312.8279724121094,316.74269857760834,312.55096952637047,315.31161561893896,82096000
2020-09-17,310.0765380859375,311.7938656460169,307.4451658975791,307.97144597054444,91523300
2020-09-18,306.50677490234375,310.99336705552685,304.02246845450276,310.8821336756627,105877900
2020-09-21,303.09539794921875,303.24371850908454,298.2380198429445,301.9181406349302,99450800
2020-09-22,306.1823425292969,306.7385377490843,302.06653750783966,304.57868073084774,63612100
2020-09-23,299.0816345214844,307.01660211722344,298.58105607201094,306.7384904056228,93112200
2020-09-24,299.8788146972656,302.937845386202,296.448968406663,297.7652958983576,76681300
2020-09-25,304.7269592285156,305.5148717009548,298.1546568746652,299.0259943751535,71069400
2020-09-28,309.7882995605469,310.5020659374077,307.8972472441894,308.8891253586317,64584600
2020-09-29,308.1011962890625,310.3259488282698,307.40595935248126,309.5843740782885,51304000
2020-09-30,310.43719482421875,313.58892978637374,308.5739508757094,308.76860928712824,104081100
2020-10-01,312.43017578125,314.0060289873834,310.5484025217798,313.03270872151455,88698700
2020-10-02,309.4637451171875,312.40229124161755,307.0072478588011,307.48001784995853,89431100
2020-10-05,314.9515686035156,315.13694812133673,311.47538439020013,311.5217221973405,45713100
2020-10-06,310.47430419921875,317.18567808183934,309.96447503768013,315.090688159139,90128900
2020-10-07,315.87860107421875,316.6850714131168,313.40354507518236,313.43135342172144,56999600
2020-10-08,318.677978515625,318.74287406697334,316.8981600269233,317.81589175372886,45242500
2020-10-09,321.52386474609375,321.9873559657683,319.706987085962,320.32804947834086,59528600
2020-10-12,326.6964416503906,328.1703404575897,323.5725150946358,324.0638146970355,80388500
2020-10-13,324.5644226074219,326.7335584990035,323.60035278140873,326.55742954167613,73255500
2020-10-14,322.5250244140625,326.23295452878085,321.7927285846741,325.13912193436175,57727900
2020-10-15,322.1264953613281,322.6085161918332,318.07558539918216,318.61322292977366,60357700
2020-10-16,321.9318542480469,325.1392067125841,321.75572525853215,323.4798996325993,89501900
2020-10-19,317.0372619628906,323.8227516799886,316.1380878968359,323.1924104328647,68425600
2020-10-20,318.3072204589844,321.55165885307974,317.6212625367953,318.381366603576,60051900
2020-10-21,317.7047424316406,320.43007341653833,317.39882234537475,318.2609093352829,63575000
2020-10-22,319.44744873046875,320.0314522737697,315.7766056873438,317.9179331532719,55399300
2020-10-23,320.5320129394531,320.7266713466308,318.0755149322923,320.6710546588657,49143900
2020-10-26,314.60870361328125,317.9365684445732,311.11396037944763,317.1486274128742,91473000
2020-10-27,313.5240478515625,315.285309087353,313.31083167503937,314.95160893898276,65994100
2020-10-28,302.8081359863281,313.55186080057024,302.31683634561693,307.85092353477626,127094300
2020-10-29,305.8856506347656,309.05591447743296,301.3526932962897,303.0398079880695,90597700
2020-10-30,302.69683837890625,305.61682725753553,299.04452548918334,304.30977868935224,120287300
2020-11-02,306.08966064453125,308.0919181320214,303.34577182679664,306.08966064453125,86068300
2020-11-03,311.49395751953125,313.55185999385526,306.173086523715,309.3248216610703,93294200
2020-11-04,318.4556579589844,322.5343763512185,314.7940648255847,315.97132271954166,126959700
2020-11-05,324.6663818359375,326.4740092498404,323.38714130170024,323.7393992214774,82039700
2020-11-06,324.5922546386719,325.843686899162,322.2655190878707,324.3790384407535,74973000
2020-11-09,328.6709289550781,337.77390433814645,328.2074376824893,337.3938380999121,172304200
2020-11-10,328.18890380859375,329.24564918548936,324.9166565996286,327.6790464420353,85552000
2020-11-11,330.6268615722656,331.4518612889709,329.1344050330131,330.3765581914952,58649000
2020-11-12,327.41949462890625,330.67321239286036,325.6118956516911,329.6164387197169,67546200
2020-11-13,331.95245361328125,332.6940283304285,328.80996922022456,329.3290771800801,62892200
2020-11-16,336.0960693359375,336.2907277500925,333.33365115779196,334.62217047881086,74541100
2020-11-17,334.2884826660156,335.49357709881195,332.17496333061706,333.68594959425036,66111000
2020-11-18,330.2654113769531,335.1042624391809,330.22832414614453,334.5573460141445,70591300
2020-11-19,331.6557922363281,332.02657957234703,328.29084129066734,329.63497720915376,59940900
2020-11-20,329.3847351074219,331.6002372367879,329.31058894212913,331.3962999206507,70417300
2020-11-23,331.35919189453125,332.6199029395009,328.95831035799966,331.19234181614615,63230600
2020-11-24,336.6986083984375,337.24552471708824,333.05557370732873,333.9083818251607,62415900
2020-11-25,336.179443359375,336.6429345632087,335.0856109077494,336.615126222549,45330900
2020-11-27,337.11572265625,337.5884644727242,336.1052868833564,337.2732938319882,28514100
2020-11-30,335.6232604980469,336.60585962287183,332.9442959525929,336.33702679385095,83872700
2020-12-01,339.29412841796875,340.83292278060395,338.28372087591083,338.87700326166663,74231400
2020-12-02,340.0079345703125,340.16550576049775,337.6070531807557,338.18177783063066,45927000
2020-12-03,339.9151611328125,341.30563466169116,338.81204987009494,339.9058822567246,62882000
2020-12-04,342.844482421875,342.844482421875,340.40651392671566,340.499217834335,50749900
2020-12-07,342.13995361328125,342.63125318672655,340.8699921662204,342.07505805149833,48944300
2020-12-08,343.14117431640625,343.7066201446968,340.82371772977626,340.87005554580287,42458900
2020-12-09,340.06353759765625,343.95684714487703,339.22925900105616,343.7992759610222,74098300
2020-12-10,339.9523010253906,340.9997674831479,337.8202243105125,338.6915901201066,57735400
2020-12-11,339.55364990234375,339.9615244312118,336.73564370740246,338.2558801692447,57698600
2020-12-14,338.0334777832031,342.7981536293505,337.8573488263368,341.7228787095807,69216200
2020-12-15,342.60345458984375,342.60345458984375,339.2014446984404,340.5733606765333,63865300
2020-12-16,343.14117431640625,344.0588780721469,341.93607991779965,342.81672473642504,58420500
2020-12-17,345.0599670410156,345.2639043286698,343.95685556996756,344.78188359842443,64119500
2020-12-18,343.68212890625,345.5160696043142,341.6713085157447,345.3485083408999,136542300
2020-12-21,342.453369140625,352.3212752668946,337.0260363965949,339.7629846416698,96386700
2020-12-22,341.8760986328125,342.890813003337,340.74967675872097,342.77910549977,47949000
2020-12-23,342.183349609375,344.0917525684816,341.8575170917641,342.84430466406303,46201400
2020-12-24,343.5146179199219,343.542544801245,342.0716817018129,342.6581462095984,26457900
2020-12-28,346.4656982421875,346.85667458893,345.4416652223988,346.06537505500916,39000400
2020-12-29,345.8046569824219,348.1692367590177,345.21816415032754,347.9923570664862,53680500
2020-12-30,346.298095703125,347.3314471151924,345.90711937087656,346.6239282532309,49455300
2020-12-31,348.0575866699219,348.78371400805713,345.59061740637577,346.1026197103733,78520700
2021-01-04,343.3191833496094,349.51920765992713,339.6233739583343,349.38886325350404,110210800
2021-01-05,345.68365478515625,346.7728598923991,342.6301928867929,342.6767566253038,66426200
2021-01-06,347.75042724609375,350.94355285159054,343.6263959355806,344.17564365417195,107997700
2021-01-07,352.9170227050781,353.6617584095082,349.9473414971712,350.1242211986964,68766800
2021-01-08,354.9278869628906,355.14198358914405,351.05519832067495,354.30414871589034,71677200
2021-01-11,352.5353698730469,354.29482021588973,351.632362830576,351.7533887862446,51034700
2021-01-12,352.60986328125,353.6245779387695,350.3663089172504,352.7215992262628,52547700
2021-01-13,353.5593566894531,354.5554342663169,351.7533428404121,352.53532382507234,45303600
2021-01-14,352.3212890625,354.80689545132014,351.9861664446019,354.3041831146207,49989100
2021-01-15,349.7518615722656,351.50199335982205,347.88999385755534,350.70140387922305,107160000
2021-01-19,352.4981384277344,353.0380960342888,350.72936958492306,352.2095511727949,51233300
2021-01-20,357.37628173828125,358.21411669110563,354.3972814506253,354.7882578373456,61836100
2021-01-21,357.7020568847656,358.36304045364824,356.78044135246313,357.934790375537,47840100
2021-01-22,356.43597412109375,357.5996414893799,355.4677949159223,355.8494812219019,52860500
2021-01-25,357.84173583984375,358.1954668974896,352.3212755983803,357.17146221981005,70402000
2021-01-26,357.2831726074219,359.2008944003585,357.0504391042999,358.79128116207573,42665300
2021-01-27,348.5509948730469,354.05281810421934,346.3167590029396,353.95971902424606,123351100
2021-01-28,351.5485534667969,355.5515576481308,349.928737662884,350.3662492978682,94198100
2021-01-29,344.5107116699219,350.6548810290884,342.83501362114134,349.6867018282273,126765100
2021-02-01,350.2452697753906,351.2785927627981,344.7993008040637,347.90861660624154,75817600
2021-02-02,355.1978454589844,356.75251769171075,350.32907897038325,353.42907659511883,64450700
2021-02-03,355.47711181640625,357.19934519602856,354.20173693182824,356.02635940269215,52427100
2021-02-04,359.5173645019531,359.56389983293474,355.5888223142449,356.5104377825251,47142600
2021-02-05,360.932373046875,361.63989189934597,359.47082842089645,361.3885499748435,48669800
2021-02-08,363.5390625,363.5855978382445,361.52824155640604,362.38468496710107,38365200
2021-02-09,363.29693603515625,363.89274733764177,362.2915399745202,362.7011247326708,35551100
2021-02-10,363.138671875,365.18673775500156,360.7368749883138,365.0377849264699,59154400
2021-02-11,363.72515869140625,364.63748409725014,361.29543496551975,364.21855249837824,42913300
2021-02-12,365.5218811035156,365.7639045862191,362.8500770853384,362.9245677029753,50593300
2021-02-16,365.20538330078125,366.94625368053585,364.4885743748941,366.7507370926893,50972400
2021-02-17,365.28912353515625,365.5404654309399,362.4404400003846,363.45518283226,52290600
2021-02-18,363.7345275878906,364.479263411607,360.9603340863235,362.68256763974955,59712800
2021-02-19,363.0921630859375,365.27986352452217,362.645304567679,364.9912762762247,83241000
2021-02-22,360.29937744140625,362.7104930424211,360.0293986322245,360.3273043244353,67414200
2021-02-23,360.73687744140625,362.08674292738397,353.9410715012877,358.0930286391464,107284100
2021-02-24,364.7119140625,365.1401640532169,358.6608445373059,359.64763206401153,72433900
2021-02-25,355.9239807128906,364.81441738369665,354.4810443890207,363.4459432788632,146670500
2021-02-26,354.090087890625,358.94956512853565,352.1072220812957,357.80453434439335,152701600
2021-03-01,362.6733093261719,363.9207860729494,354.2856120535268,358.9588912031776,105348800
2021-03-02,359.84320068359375,363.1293962418053,359.34048841861335,362.89666276485025,79595300
2021-03-03,355.0768127441406,360.11314003050495,354.9743952442966,359.1449892511198,119940200
2021-03-04,350.6828918457031,357.4786995088833,346.1957826012109,354.8907038102913,183433000
2021-03-05,357.1341552734375,358.18611506318695,346.90320141461257,354.1830824863514,152039600
2021-03-08,355.3560485839844,360.90440603525224,355.07677981003513,358.09299620806587,123149200
2021-03-09,360.4297180175781,362.9804680067196,358.69816605856334,359.2008783576128,113633600
2021-03-10,362.6733093261719,364.3676162773064,361.36071719101784,362.7757268545739,109899400
2021-03-11,366.35040283203125,368.32397808065963,364.68402325858307,365.1402001712224,86245000
2021-03-12,366.8438415527344,366.98347596763745,364.18138400908146,364.99129202536955,64653600
2021-03-15,369.031494140625,369.2921544845288,364.9539992961072,367.0951358060423,73427200
2021-03-16,368.5660705566406,370.353447865086,367.7933794539433,369.645957368341,73722500
2021-03-17,369.8227844238281,370.6233738852898,366.1362659817345,367.2813248264547,97959300
2021-03-18,364.4419860839844,369.3200702632121,363.76239416037566,367.23478757465904,115349100
2021-03-19,363.7677001953125,365.7197211971754,361.59150389696646,364.1412876855865,113624500
2021-03-22,366.6723327636719,368.0546376770292,364.22530219638827,364.2813388885478,73778600
2021-03-23,363.786376953125,367.48494163658637,363.0018346568089,366.0372793939017,90686600
2021-03-24,361.93695068359375,366.82169026374095,361.8902629516794,365.1872206062959,97588600
2021-03-25,363.97320556640625,364.7670683556702,358.5560867809132,360.4987874842971,116128600
2021-03-26,369.838623046875,370.2402289227248,364.5242571453707,365.12199148337254,114409100
2021-03-29,369.6518249511719,370.557789685478,366.87789404327793,368.362923730932,108107600
2021-03-30,368.6711120605469,369.34358094645273,367.07398064220894,368.381579616897,76262200
2021-03-31,370.1654968261719,371.72526109112226,369.2128443577868,369.2408627097128,112734200
2021-04-01,374.1629333496094,374.218998554884,371.89336139475535,372.0988388044274,99682900
2021-04-05,379.5333251953125,380.0750513069228,376.7500740458587,376.8247801459603,91684800
2021-04-06,379.3092041015625,380.35526059128404,378.6367351434698,378.972983873967,62021000
2021-04-07,379.7480773925781,380.0936464810016,378.68335178237857,379.1409942505184,55836300
2021-04-08,381.55078125,381.6068179580441,380.06575148102456,380.99973461896406,57863100
2021-04-09,384.32470703125,384.49284565597634,381.3079597789974,381.4293821457264,61104600
2021-04-12,384.4648132324219,384.7356478067026,383.11987530124844,383.7269586097735,56704900
2021-04-13,385.6041564941406,386.22993756231864,383.97903541086856,384.36197181036624,56551000
2021-04-14,384.2873229980469,386.6316009841835,383.7455968876172,385.5761956165632,61659900
2021-04-15,388.4154052734375,388.6862682542516,386.37932970030533,386.4260174370804,60229800
2021-04-16,389.7137756347656,390.3208589152381,388.2847827117887,389.7044266833597,82037300
2021-04-19,387.79913330078125,389.2281263712112,386.47289319771744,388.7798327038786,78498500
2021-04-20,384.9598083496094,387.68702290879025,383.4840991609738,386.5849297445035,81851800
2021-04-21,388.6022644042969,388.80774177837327,384.20318450969165,384.343304744254,66793000
2021-04-22,385.05316162109375,389.26543407718646,383.9884358212958,388.43420402767475,97582800
2021-04-23,389.2279968261719,390.6383200253725,385.53878173639555,385.6134878217857,73209200
2021-04-26,390.0406188964844,390.61036333622997,389.293443913069,389.88185775138544,52182400
2021-04-27,389.9565124511719,390.535605765326,388.8170522247635,390.33944884314224,51303100
2021-04-28,389.844482421875,391.34820981136744,389.37749094113417,390.22741885643023,51238900
2021-04-29,392.3288879394531,392.94532012603673,388.94787411541165,392.5717326349584,78544300
2021-04-30,389.7510986328125,390.9092569470682,388.8544829241141,390.0593289877053,85527000
2021-05-03,390.5916442871094,392.12336135927444,390.0966345103683,391.7404249655094,68128300
2021-05-04,388.18206787109375,389.0973816088314,384.49285157188143,388.6023716850221,101591200
2021-05-05,388.3033752441406,390.05926758682625,387.74297982583107,389.8257718711052,60162200
2021-05-06,391.40423583984375,391.5349786293804,386.3700541332892,388.3781117451592,74321400
2021-05-07,394.2528381347656,394.9066375343284,391.48825686517847,392.17007461027134,67733800
2021-05-10,390.3489074707031,394.8320150457449,390.22748510463316,394.60786821786365,81852400
2021-05-11,386.86505126953125,387.85507086903533,382.9890279126543,385.82834392591514,116888000
2021-05-12,378.6461181640625,385.3521104448964,377.3291984816863,384.0819070224907,134811000
2021-05-13,383.1945495605469,385.12790123879364,380.14975581622974,380.19647206863493,106394000
2021-05-14,389.07867431640625,389.9286023731761,385.9031374193678,385.93115577276006,82201600
2021-05-17,388.0885925292969,388.9011816537385,386.0711858984487,387.9671986859142,65129200
2021-05-18,384.7449035644531,388.5929084065509,384.5861139361804,388.35006374080274,59810200
2021-05-19,383.7362365722656,383.9136956201269,378.57131179137997,380.0563698240923,106467100
2021-05-20,387.864501953125,389.1253848430136,384.4928366319979,384.6142304929748,78022200
2021-05-21,387.5468444824219,390.5916376819598,387.0892020087102,389.34942453489305,76578700
2021-05-24,391.49761962890625,392.57169424932044,389.5455703108136,389.7884149825735,51376700
2021-05-25,390.6289978027344,392.93593669892675,390.0499329669356,392.58101863752853,57451400
2021-05-26,391.40423583984375,391.90856610321015,390.1807204738854,391.21742785148024,43088600
2021-05-27,391.6097106933594,392.9452994425397,391.3294987126263,392.4316202322079,56707700
2021-05-28,392.3101806640625,393.4402919789062,392.0766849418198,393.1787779101102,58520200
2021-06-01,391.9646301269531,394.81326667212426,391.5256570082224,394.67317493272026,54216600
2021-06-02,392.5810852050781,393.4216927574089,391.6097633493774,392.6184525081131,49097100
2021-06-03,391.1239929199219,392.263453151856,388.79838471410426,390.26474464836855,58138800
2021-06-04,394.701171875,395.0000532381176,391.1893871156072,392.9732978416649,55938800
2021-06-07,394.3183288574219,394.869375468293,393.38434575366006,394.6919163983461,51555000
2021-06-08,394.40228271484375,395.27087993776814,392.57168428200526,395.17747595077844,47134300
2021-06-09,393.8138732910156,395.3176005403084,393.58972652208564,395.24286594873485,48436300
2021-06-10,395.6445007324219,396.59718157596666,393.72049815041606,395.0374175201594,51020100
2021-06-11,396.2983093261719,396.410382721431,394.90668383020704,396.1955848814836,45570800
2021-06-14,397.18560791015625,397.2883323557152,395.1682012696967,396.4103860815458,42358500
2021-06-15,396.4571228027344,397.37240792096816,395.5791764832327,397.335069122236,51508500
2021-06-16,394.2435302734375,396.8213323424478,392.19813383077667,396.59718555484613,80386100
2021-06-17,394.1128234863281,395.0934942745737,391.6377741374557,393.8326399762295,90949700
2021-06-18,388.7960510253906,391.52280806426444,388.5899013988071,390.82940868218697,118676300
2021-06-21,394.3619079589844,394.5493270492408,389.74231620515957,390.55753491511234,72822000
2021-06-22,396.4703063964844,397.3042843043094,393.63108116900446,394.35261904344696,57700300
2021-06-23,395.9925231933594,397.3512120232172,395.9081931498081,396.5453725429614,49445400
2021-06-24,398.3351135253906,398.75676373658587,397.88532470396706,398.1383434268328,45110300
2021-06-25,399.75,400.1997887962621,398.75674142988316,399.08471063989845,58129500
2021-06-28,400.5558166503906,400.7244767038043,399.0753085212979,400.2747165613677,53159600
2021-06-29,400.7713928222656,401.57723223614346,400.237273994288,400.9400528954754,35970500
2021-06-30,401.1086730957031,401.7833419176221,400.2840746915639,400.31218470097116,64827900
2021-07-01,403.3294677734375,403.48877689800884,401.802090469254,401.86769002620366,53441000
2021-07-02,406.412353515625,406.7684327334074,403.41381877275404,404.49143596219454,57697700
2021-07-06,405.6720886230469,406.68410626099694,402.9359520976346,406.4685771019908,68710400
2021-07-07,407.1058044433594,407.38693319644403,404.3415575796705,406.35618496076756,63549500
2021-07-08,403.78875732421875,404.5477564364172,400.60280264528495,401.7834806403287,97595200
2021-07-09,408.0989990234375,408.3988582078336,403.591846106271,405.2972630468599,76238600
2021-07-12,409.560791015625,409.8138097220538,407.58365342944904,408.01468314938586,52889600
2021-07-13,408.1646423339844,410.2729791942714,407.90227266855015,408.7737117077264,52911300
2021-07-14,408.7736511230469,410.3478974784806,407.5274025459791,409.8606191747878,64130400
2021-07-15,407.3774719238281,408.1083607813638,405.4752849871555,407.4336919439351,55126400
2021-07-16,404.1822814941406,408.60510543403905,403.78874124223563,408.55826493610124,75874700
2021-07-19,398.2132568359375,404.24778712950507,395.40214130525,399.35644496226297,147987000
2021-07-20,403.9198303222656,405.1942176052661,398.0820699298473,398.8785584072042,99608200
2021-07-21,407.1900939941406,407.33067265477706,403.8729980876093,405.1192467876088,64724400
2021-07-22,408.0428466796875,408.28648588193806,406.3842985469024,407.3681777009672,47878500
2021-07-23,412.24078369140625,412.57810387739073,409.2891176794418,409.973137588627,63766600
2021-07-26,413.2527160644531,413.26209560038063,411.6035477215418,411.6503882088871,43719200
2021-07-27,411.3693542480469,412.2407933450638,408.5394791728748,412.21268332890685,67397100
2021-07-28,411.2007141113281,412.5781622579764,409.7764254642707,411.9972027913629,52472400
2021-07-29,412.90606689453125,413.9836556005954,412.1189578762892,412.12833741336397,47435300
2021-07-30,410.9007873535156,412.3531856804309,410.207359374989,410.33855849930256,68951200
2021-08-02,410.0386962890625,413.16840161930367,409.68261706413523,412.61555230549715,58783300
2021-08-03,413.3745422363281,413.49636182074306,408.6425090931806,410.83517582420905,58053900
2021-08-04,411.34124755859375,413.3464954516936,411.1069878900075,412.09086705960937,46732200
2021-08-05,413.9461364746094,414.0304665079831,412.1844995210822,412.5030891792091,38969700
2021-08-06,414.6302185058594,415.0518973321597,413.98365955681214,414.26478830639564,46930000
2021-08-09,414.2928771972656,414.920677039973,413.5244986888596,414.60208735027624,41222600
2021-08-10,414.8082275390625,415.52038600343246,414.05860812109773,414.74262797604996,43339300
2021-08-11,415.8389892578125,415.9326988371535,414.75202104898426,415.87647880877864,44034300
2021-08-12,417.0851745605469,417.2257532062454,414.78944749477773,415.68899640806853,38909400
2021-08-13,417.84423828125,417.86296875743454,417.0477498031309,417.5349995492506,39470300
2021-08-16,418.8280944824219,418.95926500085824,414.98623095911614,416.54171828206023,73740000
2021-08-17,416.0826416015625,416.94470112800127,413.0934860818038,416.2700321700211,92673900
2021-08-18,411.52862548828125,416.63549754497274,411.28501488582106,415.0706304246031,89351900
2021-08-19,412.1658020019531,413.36523891211175,408.6612866430519,408.8018367196642,92812200
2021-08-20,415.4454345703125,415.7734038110684,412.02524927934286,412.512527670003,72008700
2021-08-23,419.0998229980469,420.0087514312363,415.52032928415485,417.1320365493111,54973000
2021-08-24,419.76513671875,420.2992555252089,419.2497769837676,419.76513671875,38744700
2021-08-25,420.6459655761719,421.1613253238744,419.57772793688787,419.952566221922,40529700
2021-08-26,418.1628723144531,420.599149899653,418.0691627312955,420.3648902398338,57829600
2021-08-27,421.9015808105469,422.27639048792906,418.91242573488046,418.96864575668053,77235100
2021-08-30,423.7569885253906,424.544097540426,422.33267151100796,422.57631070476276,48357400
2021-08-31,423.129150390625,424.0005894306205,422.52946055313254,423.6632692588089,59300200
2021-09-01,423.35400390625,424.58152211457764,423.11974426960506,424.0661623524176,48721400
2021-09-02,424.6565246582031,425.4623641266029,423.45711639620544,424.77834425136786,42501000
2021-09-03,424.553466796875,425.0688552215791,423.11979877975574,423.5227471397682,47170500
2021-09-07,423.0353698730469,424.30037749751193,422.36070104640845,424.20666793345083,51671500
2021-09-08,422.5200500488281,423.2322084875442,420.599103890751,422.5013195727054,56181900
2021-09-09,420.71160888671875,424.0755740928611,420.4679696953391,422.3233164530745,57970400
2021-09-10,417.39447021484375,423.06354222411983,417.27265062322766,422.64189201792766,89948200
2021-09-13,418.46270751953125,420.655403124016,416.1482209113753,420.39303344599693,83738600
2021-09-14,416.2044372558594,420.11187210742554,415.3142391694053,419.9057224766755,78197100
2021-09-15,419.68084716796875,420.17747647552517,415.52039355154807,416.62609222178327,78792200
2021-09-16,419.0155334472656,420.1305829932493,416.063839190952,419.15608350800755,77786700
2021-09-17,414.93389892578125,418.665861109797,414.5766789216659,418.2428600689456,118425000
2021-09-20,408.01519775390625,410.38408955076596,403.1457660287209,408.8048283528595,166445500
2021-09-21,407.6297912597656,411.6531636956014,407.10337084294684,410.3559031370975,92526100
2021-09-22,411.6061706542969,413.64607141513255,407.7426174898221,409.9046994331068,102350100
2021-09-23,416.6072082519531,418.21469841814167,413.24187534861926,413.47688551104596,76396000
2021-09-24,417.2933654785156,418.00780541065916,414.7552447526697,414.97146438680744,62094800
2021-09-27,416.0995788574219,417.4250108387706,415.40392931593607,416.2593696919336,61371100
2021-09-28,407.71435546875,413.65541814858807,406.9811250466519,413.3263982451864,130436300
2021-09-29,408.40069580078125,410.83539778442844,407.83666564017506,409.0963167424617,82329200
2021-09-30,403.40899658203125,410.58148154628566,403.07056708218,409.8764511666684,140506000
2021-10-01,408.20318603515625,409.8858665977476,401.61352150069314,405.1386734490561,129240100
2021-10-04,402.9389343261719,407.9399274949172,400.79561465530827,407.03749673565017,128570000
2021-10-05,407.13165283203125,409.3783352973428,403.6441096969299,404.44312138082006,90682500
2021-10-06,408.82354736328125,409.030357390263,401.90486407471866,403.5311155394908,113032200
2021-10-07,412.3581848144531,415.1970969045478,411.92577420062315,412.1043841974191,72437500
2021-10-08,411.6061706542969,413.51448064643256,410.976359506261,413.1290605510576,74557400
2021-10-11,408.626220703125,413.8622533457,408.5604109808945,410.9481219621356,65233300
2021-10-12,407.620361328125,409.9516721203581,406.83073074231044,409.54746158614824,71181200
2021-10-13,409.0868225097656,409.90465316392994,405.6650899688843,408.645002322282,72974000
2021-10-14,415.9678955078125,416.11830542103553,412.28292435324295,412.7529445741557,70236800
2021-10-15,419.13592529296875,419.5025549212031,417.46265406245044,418.0830843417794,66260200
2021-10-18,420.376708984375,420.71510979062344,416.6917376412568,417.34977745930763,62213200
2021-10-19,423.619873046875,423.68565408047556,421.39195292020696,422.0030022074686,46996800
2021-10-20,425.28375244140625,425.5845723051379,423.96770139728164,424.0805016742407,49571600
2021-10-21,426.3929748535156,426.618575397613,424.2496836213109,424.68209422675085,41305400
2021-10-22,425.9511413574219,427.40822132656245,424.0052506620859,425.96055094238534,58845100
2021-10-25,428.2354736328125,428.5644935725112,425.26497065295007,427.04163242690424,45214500
2021-10-26,428.62091064453125,430.99921225220334,428.2449001362051,429.7865805144339,56075100
2021-10-27,426.7220153808594,429.74894714064544,426.64679607068757,429.08152637361746,72438000
2021-10-28,430.83941650390625,430.9146071296096,428.14150456050857,428.1508854588699,51437900
2021-10-29,431.713623046875,432.0050333226642,428.2448711186631,428.5362813944523,70162400
2021-11-01,432.456298828125,433.07672908555327,430.72662751397496,432.7006898838901,48433600
2021-11-02,434.2046813964844,434.51491081247156,432.4938008795022,432.62542031361994,48908400
2021-11-03,436.8556213378906,437.25983186693117,433.19885003088245,433.6406702124122,52509800
2021-11-04,438.9143981933594,438.99899841219184,437.10950746163917,437.4573179238719,52847100
2021-11-05,440.437255859375,442.4301374982926,438.92380414430136,441.14228636490327,66390600
2021-11-08,440.8132629394531,442.035333018791,440.1270516129487,441.53711261296314,50405200
2021-11-09,439.356201171875,441.4148924790794,437.9461402046262,441.17988231787126,51149100
2021-11-10,435.8215637207031,439.35612511347824,434.3363123816006,437.6640350330447,69429700
2021-11-11,435.9625244140625,437.3914041770928,435.9437339337223,437.3161848802195,34848500
2021-11-12,439.2527160644531,439.80733651939306,436.2821846286871,437.2316347180003,53466700
2021-11-15,439.403076171875,440.70033651062397,438.27504490739136,440.540545708173,46980500
2021-11-16,441.1422424316406,442.2796835013746,439.0647607814874,439.1399514053057,48857500
2021-11-17,440.07061767578125,441.0576488248933,439.4501874408848,440.87903881691875,47858300
2021-11-18,441.5652770996094,441.82848731755604,438.37852572627077,441.1046377023812,50625600
2021-11-19,440.7756042480469,442.70267579983584,440.4089746825623,441.4524058684626,57315600
2021-11-22,439.53472900390625,445.1467717517106,439.32791895320247,442.65567024625074,72762000
2021-11-23,440.1175842285156,440.9730245653836,436.60184177692975,439.20574375407494,73206500
2021-11-24,441.2926940917969,441.41490396884836,437.2975212472666,438.1153520395163,61858800
2021-11-26,431.4503479003906,436.08474023421417,430.32228793387577,434.61827949039883,112669600
2021-11-29,436.7428283691406,438.5852997432788,434.0449166850697,436.24460804442816,86268800
2021-11-30,428.244873046875,436.207017697208,428.0004533224309,434.29873651759567,148559600
2021-12-01,423.4881896972656,436.80857445752576,423.29078925073304,433.9602532636759,131939200
2021-12-02,429.9744873046875,431.54436744671597,423.3096040929344,423.7044336964784,127637800
2021-12-03,426.2331237792969,432.70057752719526,422.0029420488812,431.63835599038356,137331600
2021-12-06,431.28125,433.16133126579666,426.36482716234684,428.7807384739588,98977500
2021-12-07,440.2021179199219,440.76614789818484,431.1495242664586,436.56416615737265,95484700
2021-12-08,441.3677978515625,441.8190276116101,438.83908665382853,440.5969864571496,72238800
2021-12-09,438.3879089355469,441.4712407407317,438.19050845590453,440.07997042228766,61272600
2021-12-10,442.51470947265625,442.66511941343407,438.53835603543934,441.09526765313603,77159800
2021-12-13,438.5947570800781,442.3455099577305,438.3127276826282,441.9976995198621,87724700
2021-12-14,435.5771484375,437.8144493976514,432.6536362786152,435.3233478323497,97264100
2021-12-15,442.3831481933594,442.6275392616218,433.1143322034432,435.63366301970495,116899300
2021-12-16,438.4818115234375,444.51685421338254,436.93072207075915,444.23485359712475,116568600
2021-12-17,433.8151550292969,438.4092309837767,432.1077064463905,435.3999644120147,135511600
2021-12-20,429.2022399902344,429.5984279577143,425.5798060591172,428.73056845563246,107134800
2021-12-21,436.8244934082031,436.96598912839397,430.45692690267214,432.62660471506297,69806300
2021-12-22,441.192138671875,441.30533523820264,436.37164043974565,436.56976321936594,58890200
2021-12-23,443.9372253417969,445.43713726995674,442.08828110682884,442.19203501921226,56439700
2021-12-27,450.2199401855469,450.2670958254494,445.26738887680665,445.3145445167092,56808600
2021-12-28,449.85205078125,451.6821388256294,449.0879451201847,450.65389822973356,47274600
2021-12-29,450.427490234375,451.44628815269533,448.955877247608,449.9558186671151,54503000
2021-12-30,449.18231201171875,451.8614033073912,448.7200830453062,450.85201915066745,55329000
2021-12-31,448.0502014160156,449.8425474311,447.77665266265734,448.6916965613621,65237400
2022-01-03,450.6444091796875,450.77649102777576,447.0031187538817,449.31429199851436,72668200
2022-01-04,450.4935302734375,452.7858761115812,448.6351430318022,452.0689260726104,71178700
2022-01-05,441.84307861328125,450.8991788038624,441.7487385385624,450.12563049513625,104538900
2022-01-06,441.4280090332031,444.1448419921144,439.0602084439973,441.380853389721,86858900
2022-01-07,439.68280029296875,442.61661242591146,438.3243838694435,441.43743350191716,85111600
2022-01-10,439.1356201171875,439.35257058794156,430.73043032250024,436.4848285240226,119362000
2022-01-11,443.1354064941406,443.2297465587139,435.87165335018614,438.8715061877595,74303100
2022-01-12,444.3334655761719,446.38997545502053,442.3713245554861,444.87117806328797,67605400
2022-01-13,438.21124267578125,446.0881646411814,437.183001978745,445.43725548979717,91173100
2022-01-14,438.3903503417969,438.7393826378516,433.8434302738768,435.06035077754933,95890900
2022-01-18,430.6266784667969,433.9000801446297,429.51354052849086,433.6925435130348,109709100
2022-01-19,426.15521240234375,433.56987477528105,425.8816348637501,432.17374552013666,109357600
2022-01-20,421.4385681152344,432.7492436968586,419.31604594789405,428.0419704136264,122379700
2022-01-21,413.16546630859375,422.6743531254501,413.137167164053,420.31599511855075,202271200
2022-01-24,414.9200134277344,415.4294267475225,396.9210402768621,407.5525063368311,251783900
2022-01-25,409.8542785644531,414.8068298485873,402.9490001504662,408.52416133637433,167997300
2022-01-26,408.8260498046875,418.8820910132849,404.56212043743244,415.7501849161173,186391100
2022-01-27,406.8072814941406,416.5708886311564,405.11871802199556,413.4295686804275,149878300
2022-01-28,416.91058349609375,416.9577391457343,403.5811380434791,408.1657726689743,164457400
2022-01-31,424.41943359375,424.76846588196537,414.8916639623664,416.2406374827554,152251400
2022-02-01,427.2872009277344,427.9286672247992,421.61770058311686,425.1457940055158,123155400
2022-02-02,431.4379577636719,432.16432156191325,427.3815652994968,429.6927673307446,117361000
2022-02-03,421.29705810546875,427.3061493870198,420.45746888036115,425.4006065808514,118024400
2022-02-04,423.278076171875,427.12690349554987,418.68397092224063,421.0612140470099,118454400
2022-02-07,421.919677734375,425.4383293530502,420.5895604027736,424.0421998784849,84472900
2022-02-08,425.39111328125,426.3155998254575,419.995189934305,421.4196471387826,81012000
2022-02-09,431.6172180175781,431.93795122288446,429.23056108197864,429.4286550758493,92589900
2022-02-10,423.8629150390625,431.7775484247765,421.86303233721947,425.76845767621467,140103700
2022-02-11,415.50482177734375,426.0230897623026,414.0709508776444,423.9477525749911,153214600
2022-02-14,414.14654541015625,416.5803871294331,410.6750491413109,414.9955773704235,123006300
2022-02-15,420.8253479003906,420.9951427431811,418.0707734780917,418.5896294380124,88482700
2022-02-16,421.29705810546875,422.6743310487677,416.90107555558865,418.7783192186944,84863600
2022-02-17,412.29754638671875,421.2687487717077,411.693821753136,418.10854352626,102259100
2022-02-18,409.6278381347656,413.80684068369413,407.35437806745165,412.5521783816633,132642900
2022-02-22,405.23193359375,410.8259516984403,401.7321096953835,407.4204966635997,124391800
2022-02-23,398.0436096191406,408.71281716213616,397.47759803405336,408.14680557704895,132578000
2022-02-24,404.0338439941406,404.46780255410187,387.3744299437548,387.732876144503,213942900
2022-02-25,412.94842529296875,413.0333227139032,403.61874859349035,405.26959895160047,121804500
2022-02-28,411.89190673828125,413.37296233027865,406.29788900505855,407.5525226744369,145615000
2022-03-01,405.6186828613281,412.4013221597528,402.9112639395008,410.3919967190823,137785900
2022-03-02,413.0805358886719,414.8068411449072,407.1186004140651,407.8732634005898,117726500
2022-03-03,411.02398681640625,416.11803346129733,409.22219816012046,415.5143088873288,105501700
2022-03-04,407.6845703125,408.8165646764018,403.6376206493303,407.2883535725804,113978200
2022-03-07,395.6663513183594,407.807171236879,395.600310398485,407.09966398019566,137896600
2022-03-08,392.66656494140625,403.0055972451965,391.60058263341585,395.84562657872834,164772700
2022-03-09,403.19427490234375,405.1753011556901,398.86433355936276,401.05289644474624,116990800
2022-03-10,401.3735656738281,402.2697241963795,396.61910918123664,398.5812498353384,93972700
2022-03-11,396.2701110839844,404.47717812137785,395.76069779012516,403.8640109133582,95636300
2022-03-14,393.37408447265625,400.4963135753872,392.2326473482891,397.04370305998077,95729200
2022-03-15,402.0245056152344,402.65652931408596,394.7135972445158,395.9870872847089,106219100
2022-03-16,410.9390869140625,410.995685192888,400.7321084005492,405.5337497664183,144954800
2022-03-17,416.0803527832031,416.0803527832031,408.6468044640496,409.02413595065417,102676900
2022-03-18,420.6375732421875,420.9593028336933,413.7297868077792,414.4678791360529,106345500
2022-03-21,420.5145568847656,422.4733213729706,417.00386088702027,420.4672258759616,88349800
2022-03-22,425.4351806640625,426.37198236705336,421.90556943878335,421.90556943878335,74650400
2022-03-23,419.95623779296875,424.39426355842147,419.87107662912183,422.8991638853642,79426100
2022-03-24,426.28680419921875,426.2962761766024,420.86467470667094,421.98127067470915,64736900
2022-03-25,428.3686828613281,428.64311034533864,424.3375472885619,426.92088512262796,77101300
2022-03-28,431.4156494140625,431.4156494140625,425.8799424500739,427.77248986490883,68529800
2022-03-29,436.75262451171875,437.24470532869987,432.6174129701443,435.30482687325934,86581500
2022-03-30,434.0557861328125,436.42147053755207,431.94558524771077,435.60766008577025,79666900
2022-03-31,427.3750915527344,434.11255605182595,426.9208697553412,433.2893025074121,121699900
2022-04-01,428.5863342285156,429.0973012788602,425.00942048618305,428.9553659870978,89048800
2022-04-04,432.2578125,432.36191762304253,427.96175071510544,428.78500420961205,59601000
2022-04-05,426.7978210449219,433.23247058270414,425.65283796639494,430.76271011439627,74214500
2022-04-06,422.53009033203125,424.8106132427769,419.6439673154081,422.8802358321869,106898000
2022-04-07,424.6592712402344,426.47612959296237,419.7008059045146,421.65012756907544,78097200
2022-04-08,423.52374267578125,426.4193379958125,421.98131186663085,423.9022463943376,79272700
2022-04-11,416.28472900390625,421.09178658035466,415.7832051098399,420.24958914576314,89770500
2022-04-12,414.74224853515625,421.80144123818826,413.19034602845363,419.2748781154879,84363600
2022-04-13,419.49261474609375,420.2496221966037,414.3164961668285,414.4962904899716,74070400
2022-04-14,414.2691650390625,420.8363067294956,414.16505991706254,419.71968183285964,97869500
2022-04-18,414.439453125,416.12381899160926,412.20623239424935,413.3417722746959,66002500
2022-04-19,421.1296081542969,421.84875644836103,414.16501948930335,414.3353418054255,77821000
2022-04-20,420.8173522949219,423.52370998577396,419.6534541721469,422.9086378808468,65224400
2022-04-21,414.5246276855469,425.83260921448067,413.6162130786086,424.44158581105347,85417300
2022-04-22,403.1505126953125,414.5436288750389,402.58274261879126,413.43650465990896,132471800
2022-04-25,405.4877624511719,405.65808479066646,396.33728283967,400.90780109531795,119647700
2022-04-26,393.7445983886719,403.15056381011976,393.71621132514593,402.95182548744896,103996300
2022-04-27,394.8516845703125,400.198155000715,392.71312527613804,394.823297509531,122030000
2022-04-28,404.8254089355469,406.55710623337256,395.16396112082083,399.601987737978,105449100
2022-04-29,389.86480712890625,402.9896201658994,389.1172427381389,400.83211704855785,145491100
2022-05-02,392.2115173339844,393.5741537158079,383.25974771045304,389.93099434604335,158312500
2022-05-03,394.0094299316406,396.4224162058567,391.1516650055243,392.71303964199615,100028200
2022-05-04,406.00823974609375,406.57600980928174,391.4829309462933,394.67186907445193,144247900
2022-05-05,391.5774841308594,402.16628824210756,387.44227303458774,401.740453562189,172929100
2022-05-06,389.2402648925781,392.5143641838962,383.9316826887412,389.01316841951103,151770800
2022-05-09,376.77789306640625,384.5751807945014,375.1976029403931,383.33556429048593,155586100
2022-05-10,377.64837646484375,384.26282054447404,373.60779806565324,382.7582487909865,132497200
2022-05-11,371.6490173339844,382.3324561154293,370.9014529815829,376.6832006420824,142361000
2022-05-12,371.2610168457031,374.5351157341159,364.4573066901353,368.4505828254061,125090800
2022-05-13,380.1371154785156,381.51866715299093,374.35536749244255,375.396274457315,104174400
2022-05-16,378.5946350097656,382.26618152652463,376.2384227760437,378.49055876588955,78622400
2022-05-17,386.3825378417969,386.6191062996921,380.9509064114928,384.68869959743125,83029700
2022-05-18,370.8067321777344,382.10524045364286,369.5671161617557,381.8213699453945,117674500
2022-05-19,368.5357666015625,372.96434969897865,366.3120175133911,367.7409001168937,98510700
2022-05-20,368.6966247558594,375.6990443299585,360.09500032544264,372.12213091455766,131432200
2022-05-23,375.5950012207031,376.3614806717681,369.406362617675,371.72471605038334,76414900
2022-05-24,372.727783203125,373.9200684973476,366.17008413397616,371.46922293735594,91448800
2022-05-25,376.0207824707031,377.9890479746067,370.83522098115014,371.2326397707966,91472900
2022-05-26,383.5342102050781,385.1712741839689,377.04278616008014,377.25096753960395,82168300
2022-05-27,392.9495849609375,393.06313317262965,385.7957588445441,385.9944682150054,84768700
2022-05-31,390.7448425292969,394.08518796704755,388.0006542200998,391.33152767867176,95937000
2022-06-01,387.58428955078125,393.8770046632853,385.06719773018256,392.8645136255513,86585800
2022-06-02,394.9652099609375,395.01251209671574,385.1712709822698,387.42340710258367,79609600
2022-06-03,388.48321533203125,391.795173302903,387.50855457000824,390.24327056369185,71874300
2022-06-06,389.66607666015625,394.22709420031765,388.49267756993027,392.49542593941146,57508900
2022-06-07,393.4038391113281,393.8580609068562,385.71062891259504,386.17432268656637,59272400
2022-06-08,389.1266784667969,393.47954333395916,388.33181201108613,391.6910721501235,64350000
2022-06-09,379.8721008300781,389.61870798841755,379.8721008300781,387.34765697732666,86289800
2022-06-10,368.85748291015625,374.5162101273659,368.8101807755536,373.6645695586442,132893900
2022-06-13,354.8526916503906,361.29681422052283,353.2440145637145,359.4421255713329,170004900
2022-06-14,353.7833251953125,357.6346658846879,350.679548775885,356.60323107069917,104011800
2022-06-15,358.8269958496094,363.27446487884,352.1273619331276,357.08582684228884,125666800
2022-06-16,346.9512023925781,351.0107241373277,344.51927236083463,350.6038334285706,134473300
2022-06-17,347.6992492675781,351.04454035549736,344.1924419666906,347.36664594017265,111113900
2022-06-21,356.4520263671875,357.83954577017596,353.35383919081494,353.4298843377524,76811900
2022-06-22,355.8057861328125,359.9208378596493,351.8047441204501,352.2229054186672,90059400
2022-06-23,359.2936706542969,360.0254385770398,354.3803178822355,357.9441735497339,79292100
2022-06-24,370.7169494628906,370.7264623574381,362.4393100729595,362.46781975387455,98050300
2022-06-27,369.3008728027344,371.9333630110348,368.2079631712672,371.63875334523215,66009600
2022-06-28,361.75506591796875,373.64409647087297,361.64102718888944,370.859544492515,86548900
2022-06-29,361.4604187011719,363.2946090766125,359.6357412197438,362.3062541919747,65676000
2022-06-30,358.5238342285156,361.7645700473963,354.06663699104956,357.5639599441416,112508300
2022-07-01,362.3157653808594,362.7529525002182,355.2450743514729,357.8680810567147,74839700
2022-07-05,363.0,363.01902578805715,354.3897288005455,357.22181596212545,81438000
2022-07-06,364.22601318359375,366.7159554565062,360.75719981096245,363.1425872465519,70426200
2022-07-07,369.6810302734375,370.4793302796413,364.2449625145711,366.0031367080708,64525900
2022-07-08,369.376953125,371.24916611652566,366.5163562235368,368.04642405277673,72397800
2022-07-11,365.1573486328125,367.6662874925925,364.4635744126361,366.696929365384,58366900
2022-07-12,361.9261169433594,366.99155941529256,360.17745545859367,364.60614303529803,62219200
2022-07-13,360.02532958984375,362.96197129328345,356.0623395287953,356.48050078741414,84224600
2022-07-14,359.1510925292969,360.2344894812079,352.6221141267699,355.06452096685234,89704800
2022-07-15,366.0126953125,366.12673404152474,361.650539910931,363.56074662755304,79060400
2022-07-18,362.99053955078125,369.7761047012278,361.7645652536722,369.1013562443131,63203600
2022-07-19,372.7981872558594,373.36840979135206,366.2597263907414,366.9154489534266,78506000
2022-07-20,375.1741027832031,376.59016077722407,371.6197609648057,372.98828349436786,71843800
2022-07-21,378.99456787109375,379.04207433211104,372.1899778970926,374.5943906795809,64903900
2022-07-22,375.478271484375,380.31560739398503,373.2544293512537,379.1181717855212,72197300
2022-07-25,375.9344787597656,376.7897982483448,373.69161069797406,376.1055368569356,53631500
2022-07-26,371.4866943359375,374.49932302499343,370.59335250949107,374.29024240597994,52946400
2022-07-27,381.13287353515625,382.8815347076384,374.4898288550795,374.784438514411,82342100
2022-07-28,385.9132080078125,386.6069531734175,378.3863339855172,381.94070485844315,73966600
2022-07-29,391.5393981933594,392.5277822061919,386.5785103442153,387.3483007860886,87003700
2022-08-01,390.3799133300781,392.8888811641739,388.1275616169894,388.84033261494034,69997500
2022-08-02,387.804443359375,392.49923066625485,386.6260045869153,388.81182405248916,63435400
2022-08-03,393.8773193359375,395.0462453718832,389.6481992309968,389.9332960683664,67820600
2022-08-04,393.6112060546875,394.4855223283824,391.9670703405135,393.8012609389681,45656600
2022-08-05,392.94586181640625,393.5921004969027,389.267968469709,389.3249878237103,56814900
2022-08-08,392.48974609375,396.8899240250277,391.3873233872075,394.63757214293867,53886100
2022-08-09,390.9311828613281,392.26168307241494,389.85726979721653,391.75799267097744,44931800
2022-08-10,399.142333984375,399.28491141758985,396.0346621889308,397.9924046415078,68665700
2022-08-11,399.142333984375,403.8561481056949,398.4010531431345,401.9934186049511,59489700
2022-08-12,405.8993225097656,406.00384833286853,400.1306223802401,401.08098369306896,61694500
2022-08-15,407.5719909667969,408.09470715752286,403.62799681331194,403.685016179176,54048300
2022-08-16,408.3702392578125,410.2994714282671,405.69021358179475,406.49802644193505,59289000
2022-08-17,405.4716491699219,408.1801847177208,403.4664007169476,404.76839107782297,63563400
2022-08-18,406.65020751953125,407.334439976029,404.37882954975004,405.6713073045553,49023200
2022-08-19,401.1855163574219,404.1506388492187,400.31117123671885,403.884538856435,68016900
2022-08-22,392.8318786621094,396.51928542351556,391.92902375820364,396.3481983345936,77695600
2022-08-23,391.88153076171875,394.7991472328157,391.33030490584025,392.40421793285645,49105200
2022-08-24,393.1360168457031,394.50451059223457,390.9691939931629,391.6534263650644,49177800
2022-08-25,398.6861267089844,398.73363317866927,393.53515507562247,394.62806490293383,50942300
2022-08-26,385.1909484863281,399.1137361754967,385.13392912672487,398.5720522592657,103087000
2022-08-29,382.6440124511719,385.6946644031111,381.285002619314,382.23536401267944,65370800
2022-08-30,378.443359375,384.0410012678557,376.34306905482566,383.8034109464827,85652400
2022-08-31,375.5637512207031,381.3229380663818,375.4307157273297,380.07796715106764,76029700
2022-09-01,376.7422180175781,377.08433414493715,370.6789086257784,373.3874439782647,78740100
2022-09-02,372.76971435546875,381.62708880615634,370.95452075647603,380.4106274783638,99632100
2022-09-06,371.3631591796875,374.5563589538971,369.1393174077795,373.61551062805364,76637400
2022-09-07,378.0348205566406,378.8046111007957,370.831092685803,371.04965728307343,70964200
2022-09-08,380.5057067871094,380.9618617031352,374.5564350669581,375.7634126219765,80821700
2022-09-09,386.4169006347656,387.28173287628084,382.48239103068937,382.7484910278691,76706900
2022-09-12,390.57000732421875,391.2922912350759,388.1845910416869,388.488713636019,69256300
2022-09-13,373.5870666503906,383.09068051072757,372.4656471755256,381.883702988719,122947100
2022-09-14,375.0126037597656,376.5331877578143,371.7053357392143,374.8890521407821,85023700
2022-09-15,370.7550048828125,376.305112280204,369.48152401791003,373.45402792521134,87633800
2022-09-16,367.9265441894531,368.5849896074333,364.63431709955245,366.5715037074268,103084800
2022-09-19,370.77978515625,370.77978515625,364.70111961719556,364.77747715242447,73278500
2022-09-20,366.5237121582031,368.4608693228223,363.7659009113071,367.44935055441204,77274900
2022-09-21,360.13018798828125,371.5050138173394,360.12063601648464,368.4513532726731,106746600
2022-09-22,357.1051330566406,360.99852235439477,356.3608073472819,359.3571850053135,89472600
2022-09-23,351.12188720703125,353.6697589480902,346.675007940967,353.6315801864885,122346900
2022-09-26,347.64837646484375,353.27853570562985,346.42691809015844,349.6523393463072,92581200
2022-09-27,346.7609558105469,353.4598882434016,344.3657404059386,351.18873199675016,108294100
2022-09-28,353.58392333984375,355.27296245080464,346.01660643811806,347.71519752115427,110802200
2022-09-29,346.1979064941406,350.3203103402681,343.24923029563433,350.03404240715685,112952300
2022-09-30,340.844482421875,349.17522920833704,340.7109004194997,345.25318357199444,153711200
2022-10-03,349.8431701660156,351.6944470852205,342.78161312339256,344.5660844856892,89756500
2022-10-04,360.6836242675781,360.71225105913686,349.80500664731017,355.3683600338881,103602800
2022-10-05,359.84393310546875,362.10553742457495,353.984758743087,356.3131686288688,88065700
2022-10-06,356.13189697265625,361.39943205948964,355.63566027364953,358.4412031791021,82333500
2022-10-07,346.1979064941406,356.2176918591457,344.432509914981,352.09525889115315,107789500
2022-10-10,343.55462646484375,347.55300090951783,341.31212602246524,347.3144345542121,76042800
2022-10-11,341.3788757324219,346.42694756944854,339.4417182439327,341.8560084056642,92482800
2022-10-12,340.2527770996094,343.3636907851623,340.0046588434037,341.7891591233935,76991800
2022-10-13,349.2324523925781,350.7020290219594,332.18925999717504,333.23895758959026,147254500
2022-10-14,341.2739562988281,353.32633354788845,340.6345856360361,351.6945186665908,123737000
2022-10-17,350.04364013671875,351.1505914925585,340.9399400894957,347.3621566992135,93168200
2022-10-18,354.156494140625,358.2789273270504,350.7115811797056,357.9735554343078,97162900
2022-10-19,351.646728515625,354.84352278104876,348.83163450834223,352.11430914770796,79746900
2022-10-20,348.6981201171875,355.6260961767777,347.9346903310534,351.1982907828058,88283100
2022-10-21,357.1719055175781,357.65856093354137,346.91355531677885,348.4212814163938,131038400
2022-10-24,361.54248046875,362.67805847697105,356.0459031598392,358.698788584184,85436900
2022-10-25,367.3158264160156,367.63072116367647,361.35166805839594,361.4661752393635,78846300
2022-10-26,364.54840087890625,369.85411334727513,363.90905946867207,364.16670060269513,104087300
2022-10-27,362.6017761230469,367.392177933265,361.9814803173528,365.55045270586106,81971800
2022-10-28,371.2283020019531,371.70543468470186,362.3154669828309,362.49677973202483,100302000
2022-10-31,368.5467834472656,370.6366267278111,367.64024890976526,368.7662749442344,96631300
2022-11-01,366.9341125488281,372.53567477828875,365.7603847722544,372.2971084338641,85407600
2022-11-02,357.72540283203125,370.85610174230845,357.62044763501416,366.34241671143474,126990400
2022-11-03,354.0419921875,357.08610094389695,351.9235219733596,354.4809460886305,87100100
2022-11-04,359.13775634765625,361.5424944523819,353.07816578614245,359.75802297669105,103505200
2022-11-07,362.5730895996094,363.16472938893213,358.3552244250396,360.435515659066,68286900
2022-11-08,364.52935791015625,367.50666109536877,360.44510344190144,363.68004778364957,84641100
2022-11-09,357.0193176269531,363.70872737869337,356.523080982534,362.5540452806171,78495500
2022-11-10,376.638916015625,376.9729146439448,368.0028280194402,370.30258141366954,141455800
2022-11-11,380.2843017578125,381.08588117365133,375.608378149284,377.49783406496215,93839900
2022-11-14,377.0493469238281,381.8779276043328,376.7726017987613,378.5189238202029,71903500
2022-11-15,380.26513671875,383.9104368342091,376.4480758536066,382.80348568869397,93194500
2022-11-16,377.3642272949219,379.5876526465697,376.73440869768956,378.63338733958733,68508500
2022-11-17,376.2094421386719,376.8869912885702,372.296978750443,372.6023214323257,74496300
2022-11-18,377.9176940917969,379.6162851991159,375.06445009963727,379.54947963736595,92922500
2022-11-21,376.54351806640625,377.7172747970653,374.7017931399619,376.59124880158924,51243200
2022-11-22,381.61065673828125,381.7728946397623,377.07789693039774,378.49021994388283,60429000
2022-11-23,384.01544189453125,384.5020973782574,381.0476617682043,381.2766761134872,68261600
2022-11-25,383.9295959472656,384.4830862024749,383.17574722863225,383.45246323436714,30545400
2022-11-28,377.8031921386719,382.4790864541177,377.0397623978261,380.837748913633,67881600
2022-11-29,377.154296875,379.12960397556105,375.3125426554069,377.93677231301285,52310000
2022-11-30,389.0348205566406,389.0348205566406,375.4842725098609,377.4023257136843,144566700
2022-12-01,388.74859619140625,391.24876657686235,386.2388738341099,390.0750097932602,76398200
2022-12-02,388.3000793457031,389.20661386702676,383.7482445522166,383.8531997520255,85342700
2022-12-05,381.3149108886719,386.4106846727753,379.9598703175565,385.4755232109301,77289800
2022-12-06,375.8182678222656,381.6965452135378,373.72845373229296,381.15263615766594,77972200
2022-12-07,375.1789245605469,377.54551283524984,374.0433465972937,374.9689850432598,65927900
2022-12-08,378.1180725097656,379.18684498444895,375.2839034087124,377.068403979044,60737900
2022-12-09,375.29345703125,379.43496494979524,375.1693978824169,376.877540928146,81447700
2022-12-12,380.70416259765625,380.70416259765625,375.41752454941917,376.08549280299235,75405800
2022-12-13,383.58599853515625,391.7163278716569,380.8186351718438,391.45868674150205,123782500
2022-12-14,381.1335144042969,386.9545379387217,378.1848384359595,383.2424323385713,108111300
2022-12-15,371.8103942871094,377.1733606249857,370.1499819805847,376.2667969393166,117705900
2022-12-16,367.4206848144531,370.59380455921166,365.28292038092803,369.25170439241776,119858000
2022-12-19,364.30517578125,367.9480534682601,362.6371386607899,367.6125210258833,79878100
2022-12-20,364.8035888671875,366.42370486544144,362.2248257341367,363.54776346105064,74427200
2022-12-21,370.2583312988281,371.38952801231983,366.86471190276114,367.40155201274337,78167400
2022-12-22,364.9762268066406,370.2391914907207,359.27226326962426,367.2098622997301,100120900
2022-12-23,367.07562255859375,367.21941379519086,362.39741929068407,363.950423157118,59857300
2022-12-27,365.6280822753906,367.30571508666856,363.95044946411275,366.960616093891,51638200
2022-12-28,361.0841064453125,367.5358135013805,360.854040448147,365.56097308852884,70911500
2022-12-29,367.5837097167969,368.45608223881914,363.40399242752494,363.93126597675223,66970900
2022-12-30,366.61553955078125,366.75933081805135,362.78094972705276,364.89958166869377,84022200
2023-01-03,365.0720520019531,370.45004902050835,362.20567683665195,368.4752380300906,74850700
2023-01-04,367.8905029296875,369.92283055639075,364.28597966385496,367.3344711039099,85934100
2023-01-05,363.6916198730469,366.0498840558089,363.09726322382664,365.9348510599075,76970500
2023-01-06,372.0318298339844,373.153460042991,363.72037415912655,366.78802795358683,104189600
2023-01-09,371.8208923339844,377.4194177778674,371.6387762794701,374.2271061896771,73978100
2023-01-10,374.42840576171875,374.4955180862106,370.29663872249137,371.2361234986063,65358100
2023-01-11,379.1641845703125,379.24089274048094,375.1953998041472,376.01025589251583,68881100
2023-01-12,380.54461669921875,382.0113458697923,376.19237910493234,380.26663005159156,90157700
2023-01-13,382.02093505859375,382.5961292686462,377.07431166109114,377.3427317250366,63903900
2023-01-17,381.32110595703125,383.6793992551705,380.64047460135316,382.00176656830166,62677300
2023-01-18,375.30078125,383.5739112290624,375.09947353048597,382.5098268846119,99632300
2023-01-19,372.5687255859375,374.9077982389386,371.24578754272824,373.25892360264237,86958900
2023-01-20,379.5093078613281,379.6626949440639,372.31945292080763,373.9683274907241,91806400
2023-01-23,384.06292724609375,385.99938453621286,379.35596482122406,380.31461225792424,84178800
2023-01-24,383.650634765625,384.56133208460926,381.19650018692624,382.3852133953482,59524900
2023-01-25,383.7944641113281,384.12999652768013,377.28524055423935,379.57642171380235,84800300
2023-01-26,388.0125427246094,388.1755256582537,383.48772573805405,386.45953858718786,72287400
2023-01-27,388.904052734375,391.28150871155356,386.7566920166625,386.967595605409,68346200
2023-01-30,384.0244445800781,388.37671067706236,383.72726631464855,386.1430465142793,74202000
2023-01-31,389.6709899902344,389.71891065606565,384.19709249266276,384.5422207556733,86811800
2023-02-01,393.81231689453125,396.5636593442866,385.7117643976384,388.45348175657574,101459200
2023-02-02,399.5450134277344,401.01174260046105,395.8062948752539,397.704397771963,101654500
2023-02-03,395.2982177734375,399.7271635935274,394.0903128204698,394.56963646776256,94736800
2023-02-06,392.8824157714844,394.2820619137646,391.22397464206705,392.8440909429574,60295300
2023-02-07,398.020751953125,399.26698166926644,390.7158646278332,391.9620943439746,90990700
2023-02-08,393.66851806640625,397.38807436741587,392.9782908223468,396.0459739638543,76227500
2023-02-09,390.2557067871094,397.42639877292254,389.02863947326034,397.27301170174235,78694900
2023-02-10,391.1664733886719,391.54992647804596,388.26177308465975,389.0765999287314,70769700
2023-02-13,395.75830078125,395.8925254285683,391.35811375424055,391.8182749307163,64913500
2023-02-14,395.57623291015625,397.88654714068605,391.6170149103328,394.23410329587506,88389300
2023-02-15,396.86077880859375,396.93745771221506,392.5372705702228,393.3808847880114,61555700
2023-02-16,391.3965148925781,395.83505653186137,391.2623194847148,391.8854343728946,76431500
2023-02-17,390.418701171875,390.6583629922171,387.34142233465536,389.26831273199565,89257800
2023-02-21,382.5865783691406,387.4469275943241,382.3277541092348,386.3924096279732,82655900
2023-02-22,382.0592956542969,384.54218860202,380.6021330632425,382.9987512663258,83742300
2023-02-23,384.0916442871094,385.56796937278995,379.8640060342025,384.95442103644666,96242400
2023-02-24,379.98858642578125,380.82260481900255,377.36190242771124,379.06829329418446,108194400
2023-02-27,381.2828063964844,384.69558849089844,380.34332149757034,383.33429643374495,80444700
2023-02-28,379.8736267089844,382.76873131447655,379.7681602824562,380.803515853838,96438600
2023-03-01,378.4163818359375,380.2857555557943,377.1126357022291,379.058688324708,99706800
2023-03-02,381.3594970703125,382.20311141280865,376.10609910014693,376.4416315212209,85127800
2023-03-03,387.4756164550781,387.7248740903768,382.5289933624495,383.18086644105557,90120000
2023-03-06,387.7440490722656,390.6008283701899,387.3030795348652,388.3000515971973,72795900
2023-03-07,381.8004150390625,387.93578060753197,381.18689603557027,387.69611880425083,108310600
2023-03-08,382.423583984375,383.18089426793244,380.18991944950625,381.9155020986243,74746600
2023-03-09,375.3679504394531,384.87774493306273,374.38054484861016,383.20967866619384,111945300
2023-03-10,369.9515686035156,376.901761257044,368.4273229667233,374.82148382483746,189253000
2023-03-13,369.42431640625,374.24634050095773,364.90909573022645,366.021130129731,157790000
2023-03-14,375.5308837890625,377.17975816787913,371.0443925918974,374.35173718346283,149752400
2023-03-15,373.1821594238281,373.3834671327069,367.84248780500195,369.93236081528505,172996900
2023-03-16,379.7297668457031,380.0748950855989,370.31587262158683,370.82395451887174,143254200
2023-03-17,375.28973388671875,379.533507168689,373.9040108000652,378.3979930571189,140553400
2023-03-20,378.8983459472656,379.31215983644114,375.3666994576997,376.06916402579844,93055800
2023-03-21,383.8735046386719,384.3546576570402,380.66900909067914,382.2664406357319,91524200
2023-03-22,377.329833984375,387.3185760861018,377.2913628844689,383.70032508905524,111746600
2023-03-23,378.34991455078125,384.23922337535845,375.6362042124753,380.1975258771473,119351300
2023-03-24,380.83251953125,380.9191235289947,374.7218718409387,377.0699003372701,107682400
2023-03-27,381.54461669921875,383.88304210898116,380.6496793546359,383.1131798497359,74010400
2023-03-28,380.688232421875,381.54466943004763,378.8502245684134,380.8518079845922,62871700
2023-03-29,386.2214660644531,386.4620425314962,383.65209647484517,384.8549788100607,77497900
2023-03-30,388.48291015625,389.10840312839423,386.6160343292529,388.85819419263817,69840000
2023-03-31,393.9584655761719,394.25677808538353,389.3008787149844,389.4067476454537,112062600
2023-04-03,395.4596252441406,395.86377728046097,393.04422801384897,393.4387769608017,67391100
2023-04-04,393.26556396484375,396.39305813101834,391.8894442126204,396.10434874148575,66601500
2023-04-05,392.23590087890625,393.29444326978927,390.58073351331996,392.53421336625786,65200200
2023-04-06,393.7659606933594,394.0450376322365,390.3882575257403,391.437167451645,63743300
2023-04-10,394.17010498046875,394.2471058980047,390.66732678096605,391.28318728502614,63681000
2023-04-11,394.2760009765625,395.6809594619992,393.5061679518089,394.7956544202573,59297900
2023-04-12,392.6689147949219,396.63363981226826,392.0819222861502,396.3449304189456,86420400
2023-04-13,397.8846130371094,398.2406615136449,392.6111662470231,393.75631259262076,85814800
2023-04-14,396.9127502441406,399.443619886818,394.6032215680084,397.2495632394048,78161500
2023-04-17,398.3369445800781,398.356180127704,395.59436663010166,396.82611712486937,66436400
2023-04-18,398.5966796875,400.0497708521034,397.2205894330338,399.91503394298456,63560000
2023-04-19,398.5293884277344,399.43392897608123,396.62401213094887,396.68174813685937,55227300
2023-04-20,396.3546142578125,398.10601828904817,394.8052862710272,395.70985629299514,75840400
2023-04-21,396.66253662109375,397.1244246963598,394.7090566567866,396.65290416377644,73457400
2023-04-24,397.07635498046875,397.49977199704205,395.122874849699,396.4604650046347,64332100
2023-04-25,390.7732238769531,395.6617550067555,390.71548786392196,395.103601057788,97766700
2023-04-26,389.1180419921875,392.46687746099377,388.5599174310108,391.38909943441206,80447000
2023-04-27,396.8646240234375,397.1340685308111,391.40833604006144,391.65854499949717,92968400
2023-04-28,400.2519226074219,400.26155506482286,395.92154566069996,395.97928167060974,89433100
2023-05-01,399.84771728515625,401.87816855347415,399.61674390903073,399.80921682792797,62122300
2023-05-02,395.353759765625,399.1837478908785,392.4476064659251,399.1356149746384,103998500
2023-05-03,392.64007568359375,398.26957154429016,392.3994991884123,395.8541741351487,91531800
2023-05-04,389.8590087890625,391.91832822239473,388.5213894409254,391.59114772802405,94901900
2023-05-05,397.07635498046875,398.12526506376383,393.23676319139554,393.49657525587213,87891800
2023-05-08,397.1821594238281,397.6633124121759,395.7772009206819,397.4035003706773,50046800
2023-05-09,395.44036865234375,396.55664705489033,395.20942462672946,395.6328415851866,49220100
2023-05-10,397.2880554199219,398.91435498071894,393.4580667995226,398.2792294687583,96142900
2023-05-11,396.5951843261719,396.8838643849846,394.5165998009732,396.4219762908843,70157100
2023-05-12,396.07550048828125,398.0482452964263,393.65050007841785,397.8365368137777,70481500
2023-05-15,397.4420166015625,397.8461686821511,394.76680705489645,396.6817866269805,54289400
2023-05-16,394.7860107421875,397.2591440489676,394.7763782852964,396.3353092048242,57705500
2023-05-17,399.5783386230469,400.1845667461961,395.1613575223225,396.80689259108277,87287000
2023-05-18,403.4275817871094,403.8509988046538,399.03946848460396,399.26078008428595,97177200
2023-05-19,402.8404541015625,404.8613021791118,401.61833629319466,404.3320457296968,103793300
2023-05-22,403.00408935546875,404.54378464321184,401.61836653322445,402.8597493463277,60745400
2023-05-23,398.48126220703125,402.9367433972177,398.08671324851565,401.35854756315524,86383500
2023-05-24,395.5943603515625,397.25916026310097,394.42997834283796,396.8742437459542,89213700
2023-05-25,399.02020263671875,400.47329418750155,396.864646455889,399.1068066582074,90961600
2023-05-26,404.187744140625,404.90947362025605,399.59755522238083,399.67452677861917,93830000
2023-05-30,404.3417053222656,406.6512337191027,402.955982410714,406.1219771957275,72216000
2023-05-31,402.09954833984375,403.41790279671176,400.5309849376734,402.51333285149997,110811800
2023-06-01,405.9198303222656,406.9783725515092,401.0794334336371,402.3304191981348,88865000
2023-06-02,411.78997802734375,412.5790465929496,407.9696222034908,408.49887873292437,91426200
2023-06-05,411.0008544921875,413.4258547804784,410.298360615152,412.13636840253633,65460200
2023-06-06,411.89581298828125,412.4250695118066,409.9327006351518,410.5870909976928,64022200
2023-06-07,410.47161865234375,413.42590516438145,410.04820165667223,412.2903911156484,85373300
2023-06-08,412.954345703125,413.4066306619177,409.76911544531237,410.5389484373123,61952800
2023-06-09,413.6953125,415.7065283650919,412.70413856902655,413.75304850629004,85742800
2023-06-12,417.4483337402344,417.5253346663892,413.9551876062376,414.6769171108834,76104300
2023-06-13,420.20050048828125,420.8452289997208,418.2470206735575,418.9110140981565,95899700
2023-06-14,420.7008972167969,422.5100370544421,417.2462224703346,420.5373216552151,100612100
2023-06-15,425.9165954589844,427.167581376933,419.78671159999425,419.8829186958016,110303100
2023-06-16,424.4659118652344,428.47431075878063,423.99263976838114,427.9044446994593,114165800
2023-06-20,422.2636413574219,423.41304154167295,420.1870041214196,422.52444796434224,76160400
2023-06-21,420.1000671386719,422.0801103736596,419.51086470582334,421.2784425280354,76982300
2023-06-22,421.61651611328125,421.7227488220665,418.80580025695025,419.14386433493524,70637200
2023-06-23,418.42913818359375,420.2160232388723,417.71439595201736,418.158692787078,92074500
2023-06-26,416.71954345703125,419.781368562751,416.47807329831915,417.8592755318311,72823600
2023-06-27,421.28814697265625,421.90629521825156,417.1445110170716,417.59847607026,72813700
2023-06-28,421.5006408691406,422.514803688603,419.58818670737986,420.2063349514927,75636000
2023-06-29,423.16192626953125,423.3261389375307,420.67963558379535,421.08528892018165,67882300
2023-06-30,428.1555480957031,429.14073568910436,426.05957423925753,426.3783313417032,104964000
2023-07-03,428.6481628417969,428.9282469948695,427.52773780049586,427.8078514299053,32793400
2023-07-05,428.0106201171875,428.7446987114959,426.8225765200303,426.83224475721846,58418400
2023-07-06,424.6590576171875,425.0840474287703,422.1477622241082,424.42725571135543,80658300
2023-07-07,423.5869445800781,427.53742235269715,423.3454744191098,423.6642315383372,86134200
2023-07-10,424.6590576171875,424.83290904656155,422.659677750378,423.2295437531058,62443500
2023-07-11,427.3634948730469,427.8561033801802,424.4465462578362,425.4220950342892,64463800
2023-07-12,430.8020324707031,432.2122392972248,429.729919208418,431.15943303446664,91924500
2023-07-13,434.2212829589844,435.0133121303779,432.1832890285731,432.61791761555475,72425200
2023-07-14,433.9508056640625,435.9598242076378,433.18775178790105,435.1098740968055,69815800
2023-07-17,435.45751953125,436.51032563863066,433.7575605810342,433.8058722872245,52680200
2023-07-18,438.6932373046875,439.3403606896483,434.6944781535629,435.12913614001786,80668200
2023-07-19,439.6688232421875,440.85683741354967,438.61598753921226,439.4853035858035,65891700
2023-07-20,436.7518615722656,439.5722457578469,436.0371193951603,438.6739839174844,70591600
2023-07-21,436.7518615722656,438.6739839174844,436.74222281063936,438.47112777830426,71275600
2023-07-24,438.7029113769531,439.51424741630717,436.86771494424903,437.90121409817567,54023400
2023-07-25,439.900634765625,441.15626767500714,438.3841952460214,438.4325069587421,55191200
2023-07-26,439.96826171875,441.39774607749916,437.91093141721467,438.9637376866275,71052900
2023-07-27,437.0513000488281,443.7641819600167,436.1433699333953,443.35849914141073,92194400
2023-07-28,441.33013916015625,442.16078225681895,437.05126606431355,440.3256151682766,80011800
2023-07-31,442.1705017089844,442.5278728257474,440.4898493694529,441.8034623534966,62040400
2023-08-01,440.9051818847656,441.64889932682564,439.94894005773267,440.70232573811046,55291500
2023-08-02,434.7718200683594,438.0461398306252,434.0184344125547,437.7853626915781,93933400
2023-08-03,433.5257873535156,435.40926606374575,432.10594188115226,432.75309476673715,64276100
2023-08-04,431.5650634765625,437.44727217935485,431.0434797536367,435.3416597654818,100128900
2023-08-07,435.3319396972656,435.48648409589293,432.70474387326175,433.40017892891956,58357500
2023-08-08,433.4388732910156,435.3223520518387,430.0775985479417,432.7917203880473,71361300
2023-08-09,430.5412902832031,433.87359024306414,429.7782363330844,433.7093775665813,78789600
2023-08-10,430.6957702636719,436.2882265207825,429.52706313111736,432.89797658868093,93005500
2023-08-11,430.4447326660156,431.45892509767253,428.22321882277856,428.82206014697255,68690900
2023-08-14,432.8207092285156,432.8207092285156,429.2179937241371,429.5270825673996,47867400
2023-08-15,427.77886962890625,431.40092184966306,427.2089741403311,431.0435212704258,75707500
2023-08-16,424.6397705078125,429.02484730566357,424.5335083117714,427.3635314579317,80107200
2023-08-17,421.40399169921875,426.368601907091,420.8824080004751,426.1078247958852,95711300
2023-08-18,421.6068420410156,422.6403412596287,418.2359284981317,418.58363133261804,98852000
2023-08-21,424.3499755859375,425.09369303000517,420.4671462190992,422.6210410735604,68719000
2023-08-22,423.2005615234375,426.12717844156236,422.64036376815267,426.12717844156236,64994200
2023-08-23,427.9140319824219,428.53220964419495,424.1181287339091,424.263004912033,68441000
2023-08-24,421.9835510253906,430.0293227205553,421.9545463127507,429.5174072282619,88517300
2023-08-25,424.9584045410156,426.2430125148385,420.1579777313309,423.71241056057767,102325100
2023-08-28,427.6532897949219,428.27143803085545,424.95847475635645,427.15101303461915,61595400
2023-08-29,433.8349304199219,434.1150440450923,427.3635186603017,427.54703833096477,83081900
2023-08-30,435.6217956542969,436.25928035352985,433.4678714194492,434.17297483140425,69053900
2023-08-31,434.98431396484375,437.3796788770793,434.8007943012341,436.2399468961714,66084600
2023-09-01,435.795654296875,438.19104870854676,434.337165211912,437.7081084262502,58944100
2023-09-05,433.91217041015625,435.6700800917991,433.84458117342785,435.35135247874024,55166200
2023-09-06,430.9952087402344,433.20708339429626,428.6674331394679,433.1008212089274,70758500
2023-09-07,429.6719665527344,430.34806524877047,427.6436115119561,427.99131435968866,70355400
2023-09-08,430.319091796875,431.85483833340237,429.3628794853081,429.72025057240546,61659700
2023-09-11,433.149169921875,433.4582293140434,431.2367157088773,432.94631377147886,60180100
2023-09-12,430.7730407714844,433.2263855290798,430.19353604446763,431.70030728737913,67565400
2023-09-13,431.27532958984375,432.4343685526933,429.8940980148542,430.99521597971284,60199300
2023-09-14,434.99395751953125,435.6893927060478,432.4440481531944,433.74799281245487,83430800
2023-09-15,429.7530212402344,433.7368084981918,429.3168595859164,433.4072542770486,111848900
2023-09-18,430.0050048828125,431.303846542474,428.9678601910398,429.4428015854583,55752200
2023-09-19,429.11328125,429.6754845917088,426.42836539622306,429.08420380682946,66514600
2023-09-20,425.1683349609375,430.79019131325117,424.9647632633325,430.3734047367829,82562600
2023-09-21,418.1409606933594,422.5802845540439,417.98587113932,422.31858757052555,104095800
2023-09-22,417.20074462890625,420.7677155797648,416.7839285170148,419.16839709834846,100829700
2023-09-25,418.95513916015625,418.993889361631,415.55293063128704,415.9891218304828,70874500
2023-09-26,412.8002014160156,416.6191968671865,411.9665987111882,415.91160628125357,96168400
2023-09-27,412.96490478515625,414.53517529607944,409.3204041006066,413.9729720120895,104705800
2023-09-28,415.35906982421875,417.035947852058,411.8211763569914,412.4124571151363,92258300
2023-09-29,414.35101318359375,418.5867946420908,412.8292247753013,418.41232999892884,115111300
2023-10-02,414.1862487792969,415.436637965525,411.4237734247356,413.51743802249865,83798600
2023-10-03,408.64190673828125,414.2443872113326,407.27520783651096,412.00533549021924,103760600
2023-10-04,411.61773681640625,412.36407773019124,407.64365115091147,409.1072851096955,87453000
2023-10-05,411.4625549316406,412.3058303467078,408.23484048426144,411.3268404794052,70142700
2023-10-06,416.3477783203125,417.8889419596687,407.68234534407696,409.01026454136644,113273300
2023-10-09,419.0132751464844,419.5851511856649,413.89543865350254,414.44791001251434,80374400
2023-10-10,421.1942138671875,423.79189736248946,419.245936455557,419.64334789466267,78607300
2023-10-11,422.9195556640625,423.1715503152822,419.8759785243393,422.2604472219357,62451700
2023-10-12,420.3412170410156,423.9081879098467,417.9858555363506,423.5301811699864,81154200
2023-10-13,418.24755859375,423.0455435777595,416.67731756779995,421.8436069564154,95143100
2023-10-16,422.6481628417969,423.7143850912576,420.25402134631616,420.49634324027045,75433200
2023-10-17,422.6287536621094,424.6836681484373,419.1684195342952,419.5173488593283,75324700
2023-10-18,416.9971923828125,421.81455273319096,415.91159504982164,420.85496751569167,93559800
2023-10-19,413.3332824707031,419.52704410810907,412.6547989345063,417.71448112410957,121323000
2023-10-20,408.2542419433594,413.4399364601398,408.1476049268172,412.89713777676974,123919900
2023-10-23,407.546630859375,411.4141082592817,404.9683224528733,406.72273053416484,92035100
2023-10-24,410.6192626953125,411.7727171708306,407.8180076603951,409.66935030950145,78564200
2023-10-25,404.7259216308594,408.9617322027374,404.2122005179743,408.9326547654157,94223200
2023-10-26,399.8795471191406,404.5127401955018,398.95874174042217,403.65979204119725,115156800
2023-10-27,398.0670166015625,401.86663693380547,396.6421626745101,401.4692254760225,107367700
2023-10-30,402.8262023925781,403.88272225418063,399.5597081383843,400.85854988329856,86562700
2023-10-31,405.3560791015625,405.67593098866274,401.48860153022065,403.39809925222016,79665200
2023-11-01,409.6791076660156,410.49330571448974,405.7922548569512,406.32538079437717,98068100
2023-11-02,417.53033447265625,417.6854240377106,413.4593147358308,413.4786898388463,94938900
2023-11-03,421.339599609375,422.8904655764815,419.71120365505175,419.8372157670484,100167800
2023-11-06,422.3088684082031,422.75473237061436,420.3605910898025,422.0956239774314,67831700
2023-11-07,423.51080322265625,424.1505365569555,421.1651439105342,422.308896123232,64256100
2023-11-08,423.82098388671875,424.6351818841711,421.5140747704494,424.11175832141294,61746000
2023-11-09,420.51568603515625,425.0034918992464,420.0891971681386,424.9647121167065,83174400
2023-11-10,427.0777893066406,427.38796843360757,420.5060206531149,422.59001262842264,89462200
2023-11-13,426.670654296875,427.7756266322396,424.95502612182986,425.740146607046,52236100
2023-11-14,434.9484558105469,436.23759536371426,432.38952222789845,432.61246903527376,97176900
2023-11-15,435.8692321777344,437.51703289700214,435.01625437389265,436.28601873814944,77327600
2023-11-16,436.40234375,436.72219562577186,434.3571316402488,435.42335386000235,66665800
2023-11-17,436.9451904296875,437.55584638539665,435.49125894668924,436.41206447106777,83133200
2023-11-20,440.3085632324219,441.1518386514175,436.6834077524104,436.69311009341754,69936200
2023-11-21,439.3489074707031,440.18251005122386,438.0791432901761,439.2616751507019,49244600
2023-11-22,441.0451965332031,442.3634429416601,439.94992648347943,441.0064463302394,59394900
2023-11-24,441.31658935546875,441.51045868866237,440.7641179584505,441.09367216063396,29737400
2023-11-27,440.5218505859375,441.5008109728584,440.13411187157703,440.6866129172609,50506000
2023-11-28,440.9580078125,442.25684966761025,439.57193362163355,440.13410742327716,62115000
2023-11-29,440.6477966308594,444.2438747206066,440.2504147680835,443.10979527762873,63146000
2023-11-30,442.3827819824219,442.7317408428034,439.41676478055234,441.4910541020233,79752700
2023-12-01,444.9998779296875,445.5329741995201,441.18088297834976,441.77213412924385,89183400
2023-12-04,442.6639099121094,445.019271433423,440.3860783753154,441.60739008872554,72430900
2023-12-05,442.57672119140625,443.5363064434526,440.89984300542426,441.27787936550914,69793500
2023-12-06,440.7932434082031,444.74792384542485,440.35705215116445,444.71884640030964,69124700
2023-12-07,444.1566467285156,444.80605282503006,442.27622650644105,442.87718005735604,66995400
2023-12-08,446.066162109375,446.59925845337557,443.167972091833,443.4102939900714,83194400
2023-12-11,447.8011474609375,447.97564170163525,445.358553474564,445.5717979195869,65002200
2023-12-12,449.8463134765625,449.9432481380579,446.45380738636266,447.4521722811235,68327600
2023-12-13,456.0498352050781,456.30185945750105,449.86577532109465,450.22440701550494,93278000
2023-12-14,457.5133972167969,459.1805728813377,454.83815428105993,457.9883386207796,119026000
2023-12-15,456.7601013183594,458.0934340813363,454.9109942306135,456.9158196636758,141553700
2023-12-18,459.3294372558594,460.31239637628556,457.3051580447496,458.3659614924249,70375300
2023-12-19,462.12255859375,462.2004326198957,459.79658439176796,459.8744287176748,55761800
2023-12-20,455.7187805175781,463.1541458673366,455.2905624937439,461.26610177140515,102921000
2023-12-21,460.03985595703125,460.31235562864003,456.2832215195996,458.7065232314146,86667500
2023-12-22,460.96441650390625,462.6480933014032,459.06666039020405,461.1687838422537,67160400
2023-12-26,462.91082763671875,463.8159126462135,461.29528326802847,461.37315728833744,55387000
2023-12-27,463.7478332519531,463.8938099220547,462.1712258143802,462.7064835048319,68000300
2023-12-28,463.9230041503906,464.75995685713684,463.5045277970175,464.1079178321579,77158100
2023-12-29,462.5799865722656,464.2539217843669,460.62380998189565,463.72837604213146,122283100
